# https://github.com/mikedh/trimesh

o side_number_panel_1
v 72.00000000 15.80000019 23.50000000 0.65882353 0.67843137 0.67450980
v 72.00000000 15.80000019 26.50000000 0.65882353 0.67843137 0.67450980
v 72.00000000 16.29999924 23.50000000 0.65882353 0.67843137 0.67450980
v 72.00000000 16.29999924 26.50000000 0.65882353 0.67843137 0.67450980
v 84.00000000 15.80000019 23.50000000 0.65882353 0.67843137 0.67450980
v 84.00000000 15.80000019 26.50000000 0.65882353 0.67843137 0.67450980
v 84.00000000 16.29999924 23.50000000 0.65882353 0.67843137 0.67450980
v 84.00000000 16.29999924 26.50000000 0.65882353 0.67843137 0.67450980
f 2 4 1
f 5 2 1
f 1 4 3
f 3 5 1
f 2 8 4
f 6 2 5
f 6 8 2
f 4 8 3
f 7 5 3
f 3 8 7
f 7 6 5
f 8 6 7

o side_logo_panel_1
v -3.00000000 15.82499981 28.00000000 0.64313725 0.09411765 0.15294118
v -3.00000000 15.82499981 34.00000000 0.64313725 0.09411765 0.15294118
v -3.00000000 16.27499962 28.00000000 0.64313725 0.09411765 0.15294118
v -3.00000000 16.27499962 34.00000000 0.64313725 0.09411765 0.15294118
v 29.00000000 15.82499981 28.00000000 0.64313725 0.09411765 0.15294118
v 29.00000000 15.82499981 34.00000000 0.64313725 0.09411765 0.15294118
v 29.00000000 16.27499962 28.00000000 0.64313725 0.09411765 0.15294118
v 29.00000000 16.27499962 34.00000000 0.64313725 0.09411765 0.15294118
f 10 12 9
f 13 10 9
f 9 12 11
f 11 13 9
f 10 16 12
f 14 10 13
f 14 16 10
f 12 16 11
f 15 13 11
f 11 16 15
f 15 14 13
f 16 14 15

o side_number_panel_-1
v 72.00000000 -16.29999924 23.50000000 0.65882353 0.67843137 0.67450980
v 72.00000000 -16.29999924 26.50000000 0.65882353 0.67843137 0.67450980
v 72.00000000 -15.80000019 23.50000000 0.65882353 0.67843137 0.67450980
v 72.00000000 -15.80000019 26.50000000 0.65882353 0.67843137 0.67450980
v 84.00000000 -16.29999924 23.50000000 0.65882353 0.67843137 0.67450980
v 84.00000000 -16.29999924 26.50000000 0.65882353 0.67843137 0.67450980
v 84.00000000 -15.80000019 23.50000000 0.65882353 0.67843137 0.67450980
v 84.00000000 -15.80000019 26.50000000 0.65882353 0.67843137 0.67450980
f 18 20 17
f 21 18 17
f 17 20 19
f 19 21 17
f 18 24 20
f 22 18 21
f 22 24 18
f 20 24 19
f 23 21 19
f 19 24 23
f 23 22 21
f 24 22 23

o side_logo_panel_-1
v -3.00000000 -16.27499962 28.00000000 0.64313725 0.09411765 0.15294118
v -3.00000000 -16.27499962 34.00000000 0.64313725 0.09411765 0.15294118
v -3.00000000 -15.82499981 28.00000000 0.64313725 0.09411765 0.15294118
v -3.00000000 -15.82499981 34.00000000 0.64313725 0.09411765 0.15294118
v 29.00000000 -16.27499962 28.00000000 0.64313725 0.09411765 0.15294118
v 29.00000000 -16.27499962 34.00000000 0.64313725 0.09411765 0.15294118
v 29.00000000 -15.82499981 28.00000000 0.64313725 0.09411765 0.15294118
v 29.00000000 -15.82499981 34.00000000 0.64313725 0.09411765 0.15294118
f 26 28 25
f 29 26 25
f 25 28 27
f 27 29 25
f 26 32 28
f 30 26 29
f 30 32 26
f 28 32 27
f 31 29 27
f 27 32 31
f 31 30 29
f 32 30 31

o roof_horn_10
v 7.00000000 0.00000000 48.00000000 0.90980392 0.68235294 0.10196078
v 7.00000000 0.00000000 47.00000000 0.90980392 0.68235294 0.10196078
v 13.00000000 0.00000000 47.00000000 0.90980392 0.68235294 0.10196078
v 13.00000000 0.00000000 48.00000000 0.90980392 0.68235294 0.10196078
v 7.00000000 0.50000000 47.13397598 0.90980392 0.68235294 0.10196078
v 13.00000000 0.50000000 47.13397598 0.90980392 0.68235294 0.10196078
v 7.00000000 0.86602539 47.50000000 0.90980392 0.68235294 0.10196078
v 13.00000000 0.86602539 47.50000000 0.90980392 0.68235294 0.10196078
v 7.00000000 1.00000000 48.00000000 0.90980392 0.68235294 0.10196078
v 13.00000000 1.00000000 48.00000000 0.90980392 0.68235294 0.10196078
v 7.00000000 0.86602539 48.50000000 0.90980392 0.68235294 0.10196078
v 13.00000000 0.86602539 48.50000000 0.90980392 0.68235294 0.10196078
v 7.00000000 0.50000000 48.86602402 0.90980392 0.68235294 0.10196078
v 13.00000000 0.50000000 48.86602402 0.90980392 0.68235294 0.10196078
v 7.00000000 0.00000000 49.00000000 0.90980392 0.68235294 0.10196078
v 13.00000000 0.00000000 49.00000000 0.90980392 0.68235294 0.10196078
v 7.00000000 -0.50000000 48.86602402 0.90980392 0.68235294 0.10196078
v 13.00000000 -0.50000000 48.86602402 0.90980392 0.68235294 0.10196078
v 7.00000000 -0.86602539 48.50000000 0.90980392 0.68235294 0.10196078
v 13.00000000 -0.86602539 48.50000000 0.90980392 0.68235294 0.10196078
v 7.00000000 -1.00000000 48.00000000 0.90980392 0.68235294 0.10196078
v 13.00000000 -1.00000000 48.00000000 0.90980392 0.68235294 0.10196078
v 7.00000000 -0.86602539 47.50000000 0.90980392 0.68235294 0.10196078
v 13.00000000 -0.86602539 47.50000000 0.90980392 0.68235294 0.10196078
v 7.00000000 -0.50000000 47.13397598 0.90980392 0.68235294 0.10196078
v 13.00000000 -0.50000000 47.13397598 0.90980392 0.68235294 0.10196078
f 34 33 37
f 34 37 35
f 35 37 38
f 35 38 36
f 37 33 39
f 37 39 38
f 38 39 40
f 38 40 36
f 39 33 41
f 39 41 40
f 40 41 42
f 40 42 36
f 41 33 43
f 41 43 42
f 42 43 44
f 42 44 36
f 43 33 45
f 43 45 44
f 44 45 46
f 44 46 36
f 45 33 47
f 45 47 46
f 46 47 48
f 46 48 36
f 47 33 49
f 47 49 48
f 48 49 50
f 48 50 36
f 49 33 51
f 49 51 50
f 50 51 52
f 50 52 36
f 51 33 53
f 51 53 52
f 52 53 54
f 52 54 36
f 53 33 55
f 53 55 54
f 54 55 56
f 54 56 36
f 55 33 57
f 55 57 56
f 56 57 58
f 56 58 36
f 57 33 34
f 57 34 58
f 58 34 35
f 58 35 36

o roof_horn_-10
v -13.00000000 0.00000000 48.00000000 0.90980392 0.68235294 0.10196078
v -13.00000000 0.00000000 47.00000000 0.90980392 0.68235294 0.10196078
v -7.00000000 0.00000000 47.00000000 0.90980392 0.68235294 0.10196078
v -7.00000000 0.00000000 48.00000000 0.90980392 0.68235294 0.10196078
v -13.00000000 0.50000000 47.13397598 0.90980392 0.68235294 0.10196078
v -7.00000000 0.50000000 47.13397598 0.90980392 0.68235294 0.10196078
v -13.00000000 0.86602539 47.50000000 0.90980392 0.68235294 0.10196078
v -7.00000000 0.86602539 47.50000000 0.90980392 0.68235294 0.10196078
v -13.00000000 1.00000000 48.00000000 0.90980392 0.68235294 0.10196078
v -7.00000000 1.00000000 48.00000000 0.90980392 0.68235294 0.10196078
v -13.00000000 0.86602539 48.50000000 0.90980392 0.68235294 0.10196078
v -7.00000000 0.86602539 48.50000000 0.90980392 0.68235294 0.10196078
v -13.00000000 0.50000000 48.86602402 0.90980392 0.68235294 0.10196078
v -7.00000000 0.50000000 48.86602402 0.90980392 0.68235294 0.10196078
v -13.00000000 0.00000000 49.00000000 0.90980392 0.68235294 0.10196078
v -7.00000000 0.00000000 49.00000000 0.90980392 0.68235294 0.10196078
v -13.00000000 -0.50000000 48.86602402 0.90980392 0.68235294 0.10196078
v -7.00000000 -0.50000000 48.86602402 0.90980392 0.68235294 0.10196078
v -13.00000000 -0.86602539 48.50000000 0.90980392 0.68235294 0.10196078
v -7.00000000 -0.86602539 48.50000000 0.90980392 0.68235294 0.10196078
v -13.00000000 -1.00000000 48.00000000 0.90980392 0.68235294 0.10196078
v -7.00000000 -1.00000000 48.00000000 0.90980392 0.68235294 0.10196078
v -13.00000000 -0.86602539 47.50000000 0.90980392 0.68235294 0.10196078
v -7.00000000 -0.86602539 47.50000000 0.90980392 0.68235294 0.10196078
v -13.00000000 -0.50000000 47.13397598 0.90980392 0.68235294 0.10196078
v -7.00000000 -0.50000000 47.13397598 0.90980392 0.68235294 0.10196078
f 60 59 63
f 60 63 61
f 61 63 64
f 61 64 62
f 63 59 65
f 63 65 64
f 64 65 66
f 64 66 62
f 65 59 67
f 65 67 66
f 66 67 68
f 66 68 62
f 67 59 69
f 67 69 68
f 68 69 70
f 68 70 62
f 69 59 71
f 69 71 70
f 70 71 72
f 70 72 62
f 71 59 73
f 71 73 72
f 72 73 74
f 72 74 62
f 73 59 75
f 73 75 74
f 74 75 76
f 74 76 62
f 75 59 77
f 75 77 76
f 76 77 78
f 76 78 62
f 77 59 79
f 77 79 78
f 78 79 80
f 78 80 62
f 79 59 81
f 79 81 80
f 80 81 82
f 80 82 62
f 81 59 83
f 81 83 82
f 82 83 84
f 82 84 62
f 83 59 60
f 83 60 84
f 84 60 61
f 84 61 62

o roof_equipment_top_19
v 15.50000000 -3.50000000 48.59999847 0.18823529 0.20784314 0.21960784
v 15.50000000 -3.50000000 49.40000153 0.18823529 0.20784314 0.21960784
v 15.50000000 3.50000000 48.59999847 0.18823529 0.20784314 0.21960784
v 15.50000000 3.50000000 49.40000153 0.18823529 0.20784314 0.21960784
v 22.50000000 -3.50000000 48.59999847 0.18823529 0.20784314 0.21960784
v 22.50000000 -3.50000000 49.40000153 0.18823529 0.20784314 0.21960784
v 22.50000000 3.50000000 48.59999847 0.18823529 0.20784314 0.21960784
v 22.50000000 3.50000000 49.40000153 0.18823529 0.20784314 0.21960784
f 86 88 85
f 89 86 85
f 85 88 87
f 87 89 85
f 86 92 88
f 90 86 89
f 90 92 86
f 88 92 87
f 91 89 87
f 87 92 91
f 91 90 89
f 92 90 91

o roof_equipment_19
v 14.00000000 -5.00000000 45.79999924 0.36862745 0.39607843 0.40392157
v 14.00000000 -5.00000000 48.59999847 0.36862745 0.39607843 0.40392157
v 14.00000000 5.00000000 45.79999924 0.36862745 0.39607843 0.40392157
v 14.00000000 5.00000000 48.59999847 0.36862745 0.39607843 0.40392157
v 24.00000000 -5.00000000 45.79999924 0.36862745 0.39607843 0.40392157
v 24.00000000 -5.00000000 48.59999847 0.36862745 0.39607843 0.40392157
v 24.00000000 5.00000000 45.79999924 0.36862745 0.39607843 0.40392157
v 24.00000000 5.00000000 48.59999847 0.36862745 0.39607843 0.40392157
f 94 96 93
f 97 94 93
f 93 96 95
f 95 97 93
f 94 100 96
f 98 94 97
f 98 100 94
f 96 100 95
f 99 97 95
f 95 100 99
f 99 98 97
f 100 98 99

o roof_equipment_top_0
v -3.50000000 -3.50000000 48.59999847 0.18823529 0.20784314 0.21960784
v -3.50000000 -3.50000000 49.40000153 0.18823529 0.20784314 0.21960784
v -3.50000000 3.50000000 48.59999847 0.18823529 0.20784314 0.21960784
v -3.50000000 3.50000000 49.40000153 0.18823529 0.20784314 0.21960784
v 3.50000000 -3.50000000 48.59999847 0.18823529 0.20784314 0.21960784
v 3.50000000 -3.50000000 49.40000153 0.18823529 0.20784314 0.21960784
v 3.50000000 3.50000000 48.59999847 0.18823529 0.20784314 0.21960784
v 3.50000000 3.50000000 49.40000153 0.18823529 0.20784314 0.21960784
f 102 104 101
f 105 102 101
f 101 104 103
f 103 105 101
f 102 108 104
f 106 102 105
f 106 108 102
f 104 108 103
f 107 105 103
f 103 108 107
f 107 106 105
f 108 106 107

o roof_equipment_0
v -5.00000000 -5.00000000 45.79999924 0.36862745 0.39607843 0.40392157
v -5.00000000 -5.00000000 48.59999847 0.36862745 0.39607843 0.40392157
v -5.00000000 5.00000000 45.79999924 0.36862745 0.39607843 0.40392157
v -5.00000000 5.00000000 48.59999847 0.36862745 0.39607843 0.40392157
v 5.00000000 -5.00000000 45.79999924 0.36862745 0.39607843 0.40392157
v 5.00000000 -5.00000000 48.59999847 0.36862745 0.39607843 0.40392157
v 5.00000000 5.00000000 45.79999924 0.36862745 0.39607843 0.40392157
v 5.00000000 5.00000000 48.59999847 0.36862745 0.39607843 0.40392157
f 110 112 109
f 113 110 109
f 109 112 111
f 111 113 109
f 110 116 112
f 114 110 113
f 114 116 110
f 112 116 111
f 115 113 111
f 111 116 115
f 115 114 113
f 116 114 115

o roof_equipment_top_-19
v -22.50000000 -3.50000000 48.59999847 0.18823529 0.20784314 0.21960784
v -22.50000000 -3.50000000 49.40000153 0.18823529 0.20784314 0.21960784
v -22.50000000 3.50000000 48.59999847 0.18823529 0.20784314 0.21960784
v -22.50000000 3.50000000 49.40000153 0.18823529 0.20784314 0.21960784
v -15.50000000 -3.50000000 48.59999847 0.18823529 0.20784314 0.21960784
v -15.50000000 -3.50000000 49.40000153 0.18823529 0.20784314 0.21960784
v -15.50000000 3.50000000 48.59999847 0.18823529 0.20784314 0.21960784
v -15.50000000 3.50000000 49.40000153 0.18823529 0.20784314 0.21960784
f 118 120 117
f 121 118 117
f 117 120 119
f 119 121 117
f 118 124 120
f 122 118 121
f 122 124 118
f 120 124 119
f 123 121 119
f 119 124 123
f 123 122 121
f 124 122 123

o roof_equipment_-19
v -24.00000000 -5.00000000 45.79999924 0.36862745 0.39607843 0.40392157
v -24.00000000 -5.00000000 48.59999847 0.36862745 0.39607843 0.40392157
v -24.00000000 5.00000000 45.79999924 0.36862745 0.39607843 0.40392157
v -24.00000000 5.00000000 48.59999847 0.36862745 0.39607843 0.40392157
v -14.00000000 -5.00000000 45.79999924 0.36862745 0.39607843 0.40392157
v -14.00000000 -5.00000000 48.59999847 0.36862745 0.39607843 0.40392157
v -14.00000000 5.00000000 45.79999924 0.36862745 0.39607843 0.40392157
v -14.00000000 5.00000000 48.59999847 0.36862745 0.39607843 0.40392157
f 126 128 125
f 129 126 125
f 125 128 127
f 127 129 125
f 126 132 128
f 130 126 129
f 130 132 126
f 128 132 127
f 131 129 127
f 127 132 131
f 131 130 129
f 132 130 131

o pantograph_top_cross_43
v 35.00000000 8.00000000 57.20000076 0.65882353 0.67843137 0.67450980
v 35.00000000 8.00000000 56.65000153 0.65882353 0.67843137 0.67450980
v 51.00000000 -8.00000000 56.65000153 0.65882353 0.67843137 0.67450980
v 51.00000000 -8.00000000 57.20000076 0.65882353 0.67843137 0.67450980
v 35.27500153 8.27499962 56.81109238 0.65882353 0.67843137 0.67450980
v 51.27500153 -7.72499990 56.81109238 0.65882353 0.67843137 0.67450980
v 35.38890839 8.38890839 57.20000076 0.65882353 0.67843137 0.67450980
v 51.38890839 -7.61109114 57.20000076 0.65882353 0.67843137 0.67450980
v 35.27500153 8.27499962 57.58890915 0.65882353 0.67843137 0.67450980
v 51.27500153 -7.72499990 57.58890915 0.65882353 0.67843137 0.67450980
v 35.00000000 8.00000000 57.75000000 0.65882353 0.67843137 0.67450980
v 51.00000000 -8.00000000 57.75000000 0.65882353 0.67843137 0.67450980
v 34.72499847 7.72499990 57.58890915 0.65882353 0.67843137 0.67450980
v 50.72499847 -8.27499962 57.58890915 0.65882353 0.67843137 0.67450980
v 34.61109161 7.61109114 57.20000076 0.65882353 0.67843137 0.67450980
v 50.61109161 -8.38890839 57.20000076 0.65882353 0.67843137 0.67450980
v 34.72499847 7.72499990 56.81109238 0.65882353 0.67843137 0.67450980
v 50.72499847 -8.27499962 56.81109238 0.65882353 0.67843137 0.67450980
f 134 133 137
f 134 137 135
f 135 137 138
f 135 138 136
f 137 133 139
f 137 139 138
f 138 139 140
f 138 140 136
f 139 133 141
f 139 141 140
f 140 141 142
f 140 142 136
f 141 133 143
f 141 143 142
f 142 143 144
f 142 144 136
f 143 133 145
f 143 145 144
f 144 145 146
f 144 146 136
f 145 133 147
f 145 147 146
f 146 147 148
f 146 148 136
f 147 133 149
f 147 149 148
f 148 149 150
f 148 150 136
f 149 133 134
f 149 134 150
f 150 134 135
f 150 135 136

o pantograph_top_43
v 35.00000000 -8.00000000 57.20000076 0.65882353 0.67843137 0.67450980
v 35.00000000 -8.00000000 56.65000153 0.65882353 0.67843137 0.67450980
v 51.00000000 8.00000000 56.65000153 0.65882353 0.67843137 0.67450980
v 51.00000000 8.00000000 57.20000076 0.65882353 0.67843137 0.67450980
v 34.72499847 -7.72499990 56.81109238 0.65882353 0.67843137 0.67450980
v 50.72499847 8.27499962 56.81109238 0.65882353 0.67843137 0.67450980
v 34.61109161 -7.61109114 57.20000076 0.65882353 0.67843137 0.67450980
v 50.61109161 8.38890839 57.20000076 0.65882353 0.67843137 0.67450980
v 34.72499847 -7.72499990 57.58890915 0.65882353 0.67843137 0.67450980
v 50.72499847 8.27499962 57.58890915 0.65882353 0.67843137 0.67450980
v 35.00000000 -8.00000000 57.75000000 0.65882353 0.67843137 0.67450980
v 51.00000000 8.00000000 57.75000000 0.65882353 0.67843137 0.67450980
v 35.27500153 -8.27499962 57.58890915 0.65882353 0.67843137 0.67450980
v 51.27500153 7.72499990 57.58890915 0.65882353 0.67843137 0.67450980
v 35.38890839 -8.38890839 57.20000076 0.65882353 0.67843137 0.67450980
v 51.38890839 7.61109114 57.20000076 0.65882353 0.67843137 0.67450980
v 35.27500153 -8.27499962 56.81109238 0.65882353 0.67843137 0.67450980
v 51.27500153 7.72499990 56.81109238 0.65882353 0.67843137 0.67450980
f 152 151 155
f 152 155 153
f 153 155 156
f 153 156 154
f 155 151 157
f 155 157 156
f 156 157 158
f 156 158 154
f 157 151 159
f 157 159 158
f 158 159 160
f 158 160 154
f 159 151 161
f 159 161 160
f 160 161 162
f 160 162 154
f 161 151 163
f 161 163 162
f 162 163 164
f 162 164 154
f 163 151 165
f 163 165 164
f 164 165 166
f 164 166 154
f 165 151 167
f 165 167 166
f 166 167 168
f 166 168 154
f 167 151 152
f 167 152 168
f 168 152 153
f 168 153 154

o pantograph_arm_b_43_7
v 49.00000000 7.00000000 50.50000000 0.36862745 0.39607843 0.40392157
v 49.33067322 7.00000000 51.05960083 0.36862745 0.39607843 0.40392157
v 38.33067322 7.00000000 57.55960083 0.36862745 0.39607843 0.40392157
v 38.00000000 7.00000000 57.00000000 0.36862745 0.39607843 0.40392157
v 49.23382187 7.45961952 50.89569855 0.36862745 0.39607843 0.40392157
v 38.23382187 7.45961952 57.39569855 0.36862745 0.39607843 0.40392157
v 49.00000000 7.65000010 50.50000000 0.36862745 0.39607843 0.40392157
v 38.00000000 7.65000010 57.00000000 0.36862745 0.39607843 0.40392157
v 48.76617813 7.45961952 50.10430145 0.36862745 0.39607843 0.40392157
v 37.76617813 7.45961952 56.60430145 0.36862745 0.39607843 0.40392157
v 48.66932678 7.00000000 49.94039917 0.36862745 0.39607843 0.40392157
v 37.66932678 7.00000000 56.44039917 0.36862745 0.39607843 0.40392157
v 48.76617813 6.54038048 50.10430145 0.36862745 0.39607843 0.40392157
v 37.76617813 6.54038048 56.60430145 0.36862745 0.39607843 0.40392157
v 49.00000000 6.34999990 50.50000000 0.36862745 0.39607843 0.40392157
v 38.00000000 6.34999990 57.00000000 0.36862745 0.39607843 0.40392157
v 49.23382187 6.54038048 50.89569855 0.36862745 0.39607843 0.40392157
v 38.23382187 6.54038048 57.39569855 0.36862745 0.39607843 0.40392157
f 170 169 173
f 170 173 171
f 171 173 174
f 171 174 172
f 173 169 175
f 173 175 174
f 174 175 176
f 174 176 172
f 175 169 177
f 175 177 176
f 176 177 178
f 176 178 172
f 177 169 179
f 177 179 178
f 178 179 180
f 178 180 172
f 179 169 181
f 179 181 180
f 180 181 182
f 180 182 172
f 181 169 183
f 181 183 182
f 182 183 184
f 182 184 172
f 183 169 185
f 183 185 184
f 184 185 186
f 184 186 172
f 185 169 170
f 185 170 186
f 186 170 171
f 186 171 172

o pantograph_arm_a_43_7
v 37.00000000 7.00000000 50.50000000 0.36862745 0.39607843 0.40392157
v 37.33067322 7.00000000 49.94039917 0.36862745 0.39607843 0.40392157
v 48.33067322 7.00000000 56.44039917 0.36862745 0.39607843 0.40392157
v 48.00000000 7.00000000 57.00000000 0.36862745 0.39607843 0.40392157
v 37.23382187 7.45961952 50.10430145 0.36862745 0.39607843 0.40392157
v 48.23382187 7.45961952 56.60430145 0.36862745 0.39607843 0.40392157
v 37.00000000 7.65000010 50.50000000 0.36862745 0.39607843 0.40392157
v 48.00000000 7.65000010 57.00000000 0.36862745 0.39607843 0.40392157
v 36.76617813 7.45961952 50.89569855 0.36862745 0.39607843 0.40392157
v 47.76617813 7.45961952 57.39569855 0.36862745 0.39607843 0.40392157
v 36.66932678 7.00000000 51.05960083 0.36862745 0.39607843 0.40392157
v 47.66932678 7.00000000 57.55960083 0.36862745 0.39607843 0.40392157
v 36.76617813 6.54038048 50.89569855 0.36862745 0.39607843 0.40392157
v 47.76617813 6.54038048 57.39569855 0.36862745 0.39607843 0.40392157
v 37.00000000 6.34999990 50.50000000 0.36862745 0.39607843 0.40392157
v 48.00000000 6.34999990 57.00000000 0.36862745 0.39607843 0.40392157
v 37.23382187 6.54038048 50.10430145 0.36862745 0.39607843 0.40392157
v 48.23382187 6.54038048 56.60430145 0.36862745 0.39607843 0.40392157
f 188 187 191
f 188 191 189
f 189 191 192
f 189 192 190
f 191 187 193
f 191 193 192
f 192 193 194
f 192 194 190
f 193 187 195
f 193 195 194
f 194 195 196
f 194 196 190
f 195 187 197
f 195 197 196
f 196 197 198
f 196 198 190
f 197 187 199
f 197 199 198
f 198 199 200
f 198 200 190
f 199 187 201
f 199 201 200
f 200 201 202
f 200 202 190
f 201 187 203
f 201 203 202
f 202 203 204
f 202 204 190
f 203 187 188
f 203 188 204
f 204 188 189
f 204 189 190

o pantograph_base_43_7
v 36.00000000 6.44999981 49.79999924 0.18823529 0.20784314 0.21960784
v 36.00000000 6.44999981 50.59999847 0.18823529 0.20784314 0.21960784
v 36.00000000 7.55000019 49.79999924 0.18823529 0.20784314 0.21960784
v 36.00000000 7.55000019 50.59999847 0.18823529 0.20784314 0.21960784
v 50.00000000 6.44999981 49.79999924 0.18823529 0.20784314 0.21960784
v 50.00000000 6.44999981 50.59999847 0.18823529 0.20784314 0.21960784
v 50.00000000 7.55000019 49.79999924 0.18823529 0.20784314 0.21960784
v 50.00000000 7.55000019 50.59999847 0.18823529 0.20784314 0.21960784
f 206 208 205
f 209 206 205
f 205 208 207
f 207 209 205
f 206 212 208
f 210 206 209
f 210 212 206
f 208 212 207
f 211 209 207
f 207 212 211
f 211 210 209
f 212 210 211

o pantograph_insulator_43_7
v 41.90000153 5.90000010 47.00000000 0.29803922 0.06666667 0.10196078
v 41.90000153 5.90000010 50.00000000 0.29803922 0.06666667 0.10196078
v 41.90000153 8.10000038 47.00000000 0.29803922 0.06666667 0.10196078
v 41.90000153 8.10000038 50.00000000 0.29803922 0.06666667 0.10196078
v 44.09999847 5.90000010 47.00000000 0.29803922 0.06666667 0.10196078
v 44.09999847 5.90000010 50.00000000 0.29803922 0.06666667 0.10196078
v 44.09999847 8.10000038 47.00000000 0.29803922 0.06666667 0.10196078
v 44.09999847 8.10000038 50.00000000 0.29803922 0.06666667 0.10196078
f 214 216 213
f 217 214 213
f 213 216 215
f 215 217 213
f 214 220 216
f 218 214 217
f 218 220 214
f 216 220 215
f 219 217 215
f 215 220 219
f 219 218 217
f 220 218 219

o pantograph_arm_b_43_-7
v 49.00000000 -7.00000000 50.50000000 0.36862745 0.39607843 0.40392157
v 49.33067322 -7.00000000 51.05960083 0.36862745 0.39607843 0.40392157
v 38.33067322 -7.00000000 57.55960083 0.36862745 0.39607843 0.40392157
v 38.00000000 -7.00000000 57.00000000 0.36862745 0.39607843 0.40392157
v 49.23382187 -6.54038048 50.89569855 0.36862745 0.39607843 0.40392157
v 38.23382187 -6.54038048 57.39569855 0.36862745 0.39607843 0.40392157
v 49.00000000 -6.34999990 50.50000000 0.36862745 0.39607843 0.40392157
v 38.00000000 -6.34999990 57.00000000 0.36862745 0.39607843 0.40392157
v 48.76617813 -6.54038048 50.10430145 0.36862745 0.39607843 0.40392157
v 37.76617813 -6.54038048 56.60430145 0.36862745 0.39607843 0.40392157
v 48.66932678 -7.00000000 49.94039917 0.36862745 0.39607843 0.40392157
v 37.66932678 -7.00000000 56.44039917 0.36862745 0.39607843 0.40392157
v 48.76617813 -7.45961952 50.10430145 0.36862745 0.39607843 0.40392157
v 37.76617813 -7.45961952 56.60430145 0.36862745 0.39607843 0.40392157
v 49.00000000 -7.65000010 50.50000000 0.36862745 0.39607843 0.40392157
v 38.00000000 -7.65000010 57.00000000 0.36862745 0.39607843 0.40392157
v 49.23382187 -7.45961952 50.89569855 0.36862745 0.39607843 0.40392157
v 38.23382187 -7.45961952 57.39569855 0.36862745 0.39607843 0.40392157
f 222 221 225
f 222 225 223
f 223 225 226
f 223 226 224
f 225 221 227
f 225 227 226
f 226 227 228
f 226 228 224
f 227 221 229
f 227 229 228
f 228 229 230
f 228 230 224
f 229 221 231
f 229 231 230
f 230 231 232
f 230 232 224
f 231 221 233
f 231 233 232
f 232 233 234
f 232 234 224
f 233 221 235
f 233 235 234
f 234 235 236
f 234 236 224
f 235 221 237
f 235 237 236
f 236 237 238
f 236 238 224
f 237 221 222
f 237 222 238
f 238 222 223
f 238 223 224

o pantograph_arm_a_43_-7
v 37.00000000 -7.00000000 50.50000000 0.36862745 0.39607843 0.40392157
v 37.33067322 -7.00000000 49.94039917 0.36862745 0.39607843 0.40392157
v 48.33067322 -7.00000000 56.44039917 0.36862745 0.39607843 0.40392157
v 48.00000000 -7.00000000 57.00000000 0.36862745 0.39607843 0.40392157
v 37.23382187 -6.54038048 50.10430145 0.36862745 0.39607843 0.40392157
v 48.23382187 -6.54038048 56.60430145 0.36862745 0.39607843 0.40392157
v 37.00000000 -6.34999990 50.50000000 0.36862745 0.39607843 0.40392157
v 48.00000000 -6.34999990 57.00000000 0.36862745 0.39607843 0.40392157
v 36.76617813 -6.54038048 50.89569855 0.36862745 0.39607843 0.40392157
v 47.76617813 -6.54038048 57.39569855 0.36862745 0.39607843 0.40392157
v 36.66932678 -7.00000000 51.05960083 0.36862745 0.39607843 0.40392157
v 47.66932678 -7.00000000 57.55960083 0.36862745 0.39607843 0.40392157
v 36.76617813 -7.45961952 50.89569855 0.36862745 0.39607843 0.40392157
v 47.76617813 -7.45961952 57.39569855 0.36862745 0.39607843 0.40392157
v 37.00000000 -7.65000010 50.50000000 0.36862745 0.39607843 0.40392157
v 48.00000000 -7.65000010 57.00000000 0.36862745 0.39607843 0.40392157
v 37.23382187 -7.45961952 50.10430145 0.36862745 0.39607843 0.40392157
v 48.23382187 -7.45961952 56.60430145 0.36862745 0.39607843 0.40392157
f 240 239 243
f 240 243 241
f 241 243 244
f 241 244 242
f 243 239 245
f 243 245 244
f 244 245 246
f 244 246 242
f 245 239 247
f 245 247 246
f 246 247 248
f 246 248 242
f 247 239 249
f 247 249 248
f 248 249 250
f 248 250 242
f 249 239 251
f 249 251 250
f 250 251 252
f 250 252 242
f 251 239 253
f 251 253 252
f 252 253 254
f 252 254 242
f 253 239 255
f 253 255 254
f 254 255 256
f 254 256 242
f 255 239 240
f 255 240 256
f 256 240 241
f 256 241 242

o pantograph_base_43_-7
v 36.00000000 -7.55000019 49.79999924 0.18823529 0.20784314 0.21960784
v 36.00000000 -7.55000019 50.59999847 0.18823529 0.20784314 0.21960784
v 36.00000000 -6.44999981 49.79999924 0.18823529 0.20784314 0.21960784
v 36.00000000 -6.44999981 50.59999847 0.18823529 0.20784314 0.21960784
v 50.00000000 -7.55000019 49.79999924 0.18823529 0.20784314 0.21960784
v 50.00000000 -7.55000019 50.59999847 0.18823529 0.20784314 0.21960784
v 50.00000000 -6.44999981 49.79999924 0.18823529 0.20784314 0.21960784
v 50.00000000 -6.44999981 50.59999847 0.18823529 0.20784314 0.21960784
f 258 260 257
f 261 258 257
f 257 260 259
f 259 261 257
f 258 264 260
f 262 258 261
f 262 264 258
f 260 264 259
f 263 261 259
f 259 264 263
f 263 262 261
f 264 262 263

o pantograph_insulator_43_-7
v 41.90000153 -8.10000038 47.00000000 0.29803922 0.06666667 0.10196078
v 41.90000153 -8.10000038 50.00000000 0.29803922 0.06666667 0.10196078
v 41.90000153 -5.90000010 47.00000000 0.29803922 0.06666667 0.10196078
v 41.90000153 -5.90000010 50.00000000 0.29803922 0.06666667 0.10196078
v 44.09999847 -8.10000038 47.00000000 0.29803922 0.06666667 0.10196078
v 44.09999847 -8.10000038 50.00000000 0.29803922 0.06666667 0.10196078
v 44.09999847 -5.90000010 47.00000000 0.29803922 0.06666667 0.10196078
v 44.09999847 -5.90000010 50.00000000 0.29803922 0.06666667 0.10196078
f 266 268 265
f 269 266 265
f 265 268 267
f 267 269 265
f 266 272 268
f 270 266 269
f 270 272 266
f 268 272 267
f 271 269 267
f 267 272 271
f 271 270 269
f 272 270 271

o pantograph_top_cross_-43
v -51.00000000 8.00000000 57.20000076 0.65882353 0.67843137 0.67450980
v -51.00000000 8.00000000 56.65000153 0.65882353 0.67843137 0.67450980
v -35.00000000 -8.00000000 56.65000153 0.65882353 0.67843137 0.67450980
v -35.00000000 -8.00000000 57.20000076 0.65882353 0.67843137 0.67450980
v -50.72499847 8.27499962 56.81109238 0.65882353 0.67843137 0.67450980
v -34.72499847 -7.72499990 56.81109238 0.65882353 0.67843137 0.67450980
v -50.61109161 8.38890839 57.20000076 0.65882353 0.67843137 0.67450980
v -34.61109161 -7.61109114 57.20000076 0.65882353 0.67843137 0.67450980
v -50.72499847 8.27499962 57.58890915 0.65882353 0.67843137 0.67450980
v -34.72499847 -7.72499990 57.58890915 0.65882353 0.67843137 0.67450980
v -51.00000000 8.00000000 57.75000000 0.65882353 0.67843137 0.67450980
v -35.00000000 -8.00000000 57.75000000 0.65882353 0.67843137 0.67450980
v -51.27500153 7.72499990 57.58890915 0.65882353 0.67843137 0.67450980
v -35.27500153 -8.27499962 57.58890915 0.65882353 0.67843137 0.67450980
v -51.38890839 7.61109114 57.20000076 0.65882353 0.67843137 0.67450980
v -35.38890839 -8.38890839 57.20000076 0.65882353 0.67843137 0.67450980
v -51.27500153 7.72499990 56.81109238 0.65882353 0.67843137 0.67450980
v -35.27500153 -8.27499962 56.81109238 0.65882353 0.67843137 0.67450980
f 274 273 277
f 274 277 275
f 275 277 278
f 275 278 276
f 277 273 279
f 277 279 278
f 278 279 280
f 278 280 276
f 279 273 281
f 279 281 280
f 280 281 282
f 280 282 276
f 281 273 283
f 281 283 282
f 282 283 284
f 282 284 276
f 283 273 285
f 283 285 284
f 284 285 286
f 284 286 276
f 285 273 287
f 285 287 286
f 286 287 288
f 286 288 276
f 287 273 289
f 287 289 288
f 288 289 290
f 288 290 276
f 289 273 274
f 289 274 290
f 290 274 275
f 290 275 276

o pantograph_top_-43
v -51.00000000 -8.00000000 57.20000076 0.65882353 0.67843137 0.67450980
v -51.00000000 -8.00000000 56.65000153 0.65882353 0.67843137 0.67450980
v -35.00000000 8.00000000 56.65000153 0.65882353 0.67843137 0.67450980
v -35.00000000 8.00000000 57.20000076 0.65882353 0.67843137 0.67450980
v -51.27500153 -7.72499990 56.81109238 0.65882353 0.67843137 0.67450980
v -35.27500153 8.27499962 56.81109238 0.65882353 0.67843137 0.67450980
v -51.38890839 -7.61109114 57.20000076 0.65882353 0.67843137 0.67450980
v -35.38890839 8.38890839 57.20000076 0.65882353 0.67843137 0.67450980
v -51.27500153 -7.72499990 57.58890915 0.65882353 0.67843137 0.67450980
v -35.27500153 8.27499962 57.58890915 0.65882353 0.67843137 0.67450980
v -51.00000000 -8.00000000 57.75000000 0.65882353 0.67843137 0.67450980
v -35.00000000 8.00000000 57.75000000 0.65882353 0.67843137 0.67450980
v -50.72499847 -8.27499962 57.58890915 0.65882353 0.67843137 0.67450980
v -34.72499847 7.72499990 57.58890915 0.65882353 0.67843137 0.67450980
v -50.61109161 -8.38890839 57.20000076 0.65882353 0.67843137 0.67450980
v -34.61109161 7.61109114 57.20000076 0.65882353 0.67843137 0.67450980
v -50.72499847 -8.27499962 56.81109238 0.65882353 0.67843137 0.67450980
v -34.72499847 7.72499990 56.81109238 0.65882353 0.67843137 0.67450980
f 292 291 295
f 292 295 293
f 293 295 296
f 293 296 294
f 295 291 297
f 295 297 296
f 296 297 298
f 296 298 294
f 297 291 299
f 297 299 298
f 298 299 300
f 298 300 294
f 299 291 301
f 299 301 300
f 300 301 302
f 300 302 294
f 301 291 303
f 301 303 302
f 302 303 304
f 302 304 294
f 303 291 305
f 303 305 304
f 304 305 306
f 304 306 294
f 305 291 307
f 305 307 306
f 306 307 308
f 306 308 294
f 307 291 292
f 307 292 308
f 308 292 293
f 308 293 294

o pantograph_arm_b_-43_7
v -37.00000000 7.00000000 50.50000000 0.36862745 0.39607843 0.40392157
v -36.66932678 7.00000000 51.05960083 0.36862745 0.39607843 0.40392157
v -47.66932678 7.00000000 57.55960083 0.36862745 0.39607843 0.40392157
v -48.00000000 7.00000000 57.00000000 0.36862745 0.39607843 0.40392157
v -36.76617813 7.45961952 50.89569855 0.36862745 0.39607843 0.40392157
v -47.76617813 7.45961952 57.39569855 0.36862745 0.39607843 0.40392157
v -37.00000000 7.65000010 50.50000000 0.36862745 0.39607843 0.40392157
v -48.00000000 7.65000010 57.00000000 0.36862745 0.39607843 0.40392157
v -37.23382187 7.45961952 50.10430145 0.36862745 0.39607843 0.40392157
v -48.23382187 7.45961952 56.60430145 0.36862745 0.39607843 0.40392157
v -37.33067322 7.00000000 49.94039917 0.36862745 0.39607843 0.40392157
v -48.33067322 7.00000000 56.44039917 0.36862745 0.39607843 0.40392157
v -37.23382187 6.54038048 50.10430145 0.36862745 0.39607843 0.40392157
v -48.23382187 6.54038048 56.60430145 0.36862745 0.39607843 0.40392157
v -37.00000000 6.34999990 50.50000000 0.36862745 0.39607843 0.40392157
v -48.00000000 6.34999990 57.00000000 0.36862745 0.39607843 0.40392157
v -36.76617813 6.54038048 50.89569855 0.36862745 0.39607843 0.40392157
v -47.76617813 6.54038048 57.39569855 0.36862745 0.39607843 0.40392157
f 310 309 313
f 310 313 311
f 311 313 314
f 311 314 312
f 313 309 315
f 313 315 314
f 314 315 316
f 314 316 312
f 315 309 317
f 315 317 316
f 316 317 318
f 316 318 312
f 317 309 319
f 317 319 318
f 318 319 320
f 318 320 312
f 319 309 321
f 319 321 320
f 320 321 322
f 320 322 312
f 321 309 323
f 321 323 322
f 322 323 324
f 322 324 312
f 323 309 325
f 323 325 324
f 324 325 326
f 324 326 312
f 325 309 310
f 325 310 326
f 326 310 311
f 326 311 312

o pantograph_arm_a_-43_7
v -49.00000000 7.00000000 50.50000000 0.36862745 0.39607843 0.40392157
v -48.66932678 7.00000000 49.94039917 0.36862745 0.39607843 0.40392157
v -37.66932678 7.00000000 56.44039917 0.36862745 0.39607843 0.40392157
v -38.00000000 7.00000000 57.00000000 0.36862745 0.39607843 0.40392157
v -48.76617813 7.45961952 50.10430145 0.36862745 0.39607843 0.40392157
v -37.76617813 7.45961952 56.60430145 0.36862745 0.39607843 0.40392157
v -49.00000000 7.65000010 50.50000000 0.36862745 0.39607843 0.40392157
v -38.00000000 7.65000010 57.00000000 0.36862745 0.39607843 0.40392157
v -49.23382187 7.45961952 50.89569855 0.36862745 0.39607843 0.40392157
v -38.23382187 7.45961952 57.39569855 0.36862745 0.39607843 0.40392157
v -49.33067322 7.00000000 51.05960083 0.36862745 0.39607843 0.40392157
v -38.33067322 7.00000000 57.55960083 0.36862745 0.39607843 0.40392157
v -49.23382187 6.54038048 50.89569855 0.36862745 0.39607843 0.40392157
v -38.23382187 6.54038048 57.39569855 0.36862745 0.39607843 0.40392157
v -49.00000000 6.34999990 50.50000000 0.36862745 0.39607843 0.40392157
v -38.00000000 6.34999990 57.00000000 0.36862745 0.39607843 0.40392157
v -48.76617813 6.54038048 50.10430145 0.36862745 0.39607843 0.40392157
v -37.76617813 6.54038048 56.60430145 0.36862745 0.39607843 0.40392157
f 328 327 331
f 328 331 329
f 329 331 332
f 329 332 330
f 331 327 333
f 331 333 332
f 332 333 334
f 332 334 330
f 333 327 335
f 333 335 334
f 334 335 336
f 334 336 330
f 335 327 337
f 335 337 336
f 336 337 338
f 336 338 330
f 337 327 339
f 337 339 338
f 338 339 340
f 338 340 330
f 339 327 341
f 339 341 340
f 340 341 342
f 340 342 330
f 341 327 343
f 341 343 342
f 342 343 344
f 342 344 330
f 343 327 328
f 343 328 344
f 344 328 329
f 344 329 330

o pantograph_base_-43_7
v -50.00000000 6.44999981 49.79999924 0.18823529 0.20784314 0.21960784
v -50.00000000 6.44999981 50.59999847 0.18823529 0.20784314 0.21960784
v -50.00000000 7.55000019 49.79999924 0.18823529 0.20784314 0.21960784
v -50.00000000 7.55000019 50.59999847 0.18823529 0.20784314 0.21960784
v -36.00000000 6.44999981 49.79999924 0.18823529 0.20784314 0.21960784
v -36.00000000 6.44999981 50.59999847 0.18823529 0.20784314 0.21960784
v -36.00000000 7.55000019 49.79999924 0.18823529 0.20784314 0.21960784
v -36.00000000 7.55000019 50.59999847 0.18823529 0.20784314 0.21960784
f 346 348 345
f 349 346 345
f 345 348 347
f 347 349 345
f 346 352 348
f 350 346 349
f 350 352 346
f 348 352 347
f 351 349 347
f 347 352 351
f 351 350 349
f 352 350 351

o pantograph_insulator_-43_7
v -44.09999847 5.90000010 47.00000000 0.29803922 0.06666667 0.10196078
v -44.09999847 5.90000010 50.00000000 0.29803922 0.06666667 0.10196078
v -44.09999847 8.10000038 47.00000000 0.29803922 0.06666667 0.10196078
v -44.09999847 8.10000038 50.00000000 0.29803922 0.06666667 0.10196078
v -41.90000153 5.90000010 47.00000000 0.29803922 0.06666667 0.10196078
v -41.90000153 5.90000010 50.00000000 0.29803922 0.06666667 0.10196078
v -41.90000153 8.10000038 47.00000000 0.29803922 0.06666667 0.10196078
v -41.90000153 8.10000038 50.00000000 0.29803922 0.06666667 0.10196078
f 354 356 353
f 357 354 353
f 353 356 355
f 355 357 353
f 354 360 356
f 358 354 357
f 358 360 354
f 356 360 355
f 359 357 355
f 355 360 359
f 359 358 357
f 360 358 359

o pantograph_arm_b_-43_-7
v -37.00000000 -7.00000000 50.50000000 0.36862745 0.39607843 0.40392157
v -36.66932678 -7.00000000 51.05960083 0.36862745 0.39607843 0.40392157
v -47.66932678 -7.00000000 57.55960083 0.36862745 0.39607843 0.40392157
v -48.00000000 -7.00000000 57.00000000 0.36862745 0.39607843 0.40392157
v -36.76617813 -6.54038048 50.89569855 0.36862745 0.39607843 0.40392157
v -47.76617813 -6.54038048 57.39569855 0.36862745 0.39607843 0.40392157
v -37.00000000 -6.34999990 50.50000000 0.36862745 0.39607843 0.40392157
v -48.00000000 -6.34999990 57.00000000 0.36862745 0.39607843 0.40392157
v -37.23382187 -6.54038048 50.10430145 0.36862745 0.39607843 0.40392157
v -48.23382187 -6.54038048 56.60430145 0.36862745 0.39607843 0.40392157
v -37.33067322 -7.00000000 49.94039917 0.36862745 0.39607843 0.40392157
v -48.33067322 -7.00000000 56.44039917 0.36862745 0.39607843 0.40392157
v -37.23382187 -7.45961952 50.10430145 0.36862745 0.39607843 0.40392157
v -48.23382187 -7.45961952 56.60430145 0.36862745 0.39607843 0.40392157
v -37.00000000 -7.65000010 50.50000000 0.36862745 0.39607843 0.40392157
v -48.00000000 -7.65000010 57.00000000 0.36862745 0.39607843 0.40392157
v -36.76617813 -7.45961952 50.89569855 0.36862745 0.39607843 0.40392157
v -47.76617813 -7.45961952 57.39569855 0.36862745 0.39607843 0.40392157
f 362 361 365
f 362 365 363
f 363 365 366
f 363 366 364
f 365 361 367
f 365 367 366
f 366 367 368
f 366 368 364
f 367 361 369
f 367 369 368
f 368 369 370
f 368 370 364
f 369 361 371
f 369 371 370
f 370 371 372
f 370 372 364
f 371 361 373
f 371 373 372
f 372 373 374
f 372 374 364
f 373 361 375
f 373 375 374
f 374 375 376
f 374 376 364
f 375 361 377
f 375 377 376
f 376 377 378
f 376 378 364
f 377 361 362
f 377 362 378
f 378 362 363
f 378 363 364

o pantograph_arm_a_-43_-7
v -49.00000000 -7.00000000 50.50000000 0.36862745 0.39607843 0.40392157
v -48.66932678 -7.00000000 49.94039917 0.36862745 0.39607843 0.40392157
v -37.66932678 -7.00000000 56.44039917 0.36862745 0.39607843 0.40392157
v -38.00000000 -7.00000000 57.00000000 0.36862745 0.39607843 0.40392157
v -48.76617813 -6.54038048 50.10430145 0.36862745 0.39607843 0.40392157
v -37.76617813 -6.54038048 56.60430145 0.36862745 0.39607843 0.40392157
v -49.00000000 -6.34999990 50.50000000 0.36862745 0.39607843 0.40392157
v -38.00000000 -6.34999990 57.00000000 0.36862745 0.39607843 0.40392157
v -49.23382187 -6.54038048 50.89569855 0.36862745 0.39607843 0.40392157
v -38.23382187 -6.54038048 57.39569855 0.36862745 0.39607843 0.40392157
v -49.33067322 -7.00000000 51.05960083 0.36862745 0.39607843 0.40392157
v -38.33067322 -7.00000000 57.55960083 0.36862745 0.39607843 0.40392157
v -49.23382187 -7.45961952 50.89569855 0.36862745 0.39607843 0.40392157
v -38.23382187 -7.45961952 57.39569855 0.36862745 0.39607843 0.40392157
v -49.00000000 -7.65000010 50.50000000 0.36862745 0.39607843 0.40392157
v -38.00000000 -7.65000010 57.00000000 0.36862745 0.39607843 0.40392157
v -48.76617813 -7.45961952 50.10430145 0.36862745 0.39607843 0.40392157
v -37.76617813 -7.45961952 56.60430145 0.36862745 0.39607843 0.40392157
f 380 379 383
f 380 383 381
f 381 383 384
f 381 384 382
f 383 379 385
f 383 385 384
f 384 385 386
f 384 386 382
f 385 379 387
f 385 387 386
f 386 387 388
f 386 388 382
f 387 379 389
f 387 389 388
f 388 389 390
f 388 390 382
f 389 379 391
f 389 391 390
f 390 391 392
f 390 392 382
f 391 379 393
f 391 393 392
f 392 393 394
f 392 394 382
f 393 379 395
f 393 395 394
f 394 395 396
f 394 396 382
f 395 379 380
f 395 380 396
f 396 380 381
f 396 381 382

o pantograph_base_-43_-7
v -50.00000000 -7.55000019 49.79999924 0.18823529 0.20784314 0.21960784
v -50.00000000 -7.55000019 50.59999847 0.18823529 0.20784314 0.21960784
v -50.00000000 -6.44999981 49.79999924 0.18823529 0.20784314 0.21960784
v -50.00000000 -6.44999981 50.59999847 0.18823529 0.20784314 0.21960784
v -36.00000000 -7.55000019 49.79999924 0.18823529 0.20784314 0.21960784
v -36.00000000 -7.55000019 50.59999847 0.18823529 0.20784314 0.21960784
v -36.00000000 -6.44999981 49.79999924 0.18823529 0.20784314 0.21960784
v -36.00000000 -6.44999981 50.59999847 0.18823529 0.20784314 0.21960784
f 398 400 397
f 401 398 397
f 397 400 399
f 399 401 397
f 398 404 400
f 402 398 401
f 402 404 398
f 400 404 399
f 403 401 399
f 399 404 403
f 403 402 401
f 404 402 403

o pantograph_insulator_-43_-7
v -44.09999847 -8.10000038 47.00000000 0.29803922 0.06666667 0.10196078
v -44.09999847 -8.10000038 50.00000000 0.29803922 0.06666667 0.10196078
v -44.09999847 -5.90000010 47.00000000 0.29803922 0.06666667 0.10196078
v -44.09999847 -5.90000010 50.00000000 0.29803922 0.06666667 0.10196078
v -41.90000153 -8.10000038 47.00000000 0.29803922 0.06666667 0.10196078
v -41.90000153 -8.10000038 50.00000000 0.29803922 0.06666667 0.10196078
v -41.90000153 -5.90000010 47.00000000 0.29803922 0.06666667 0.10196078
v -41.90000153 -5.90000010 50.00000000 0.29803922 0.06666667 0.10196078
f 406 408 405
f 409 406 405
f 405 408 407
f 407 409 405
f 406 412 408
f 410 406 409
f 410 412 406
f 408 412 407
f 411 409 407
f 407 412 411
f 411 410 409
f 412 410 411

o roof_grille_slat_1_65_0.25
v 61.50000000 14.25000000 46.32500076 0.18823529 0.20784314 0.21960784
v 61.50000000 14.25000000 46.57500076 0.18823529 0.20784314 0.21960784
v 61.50000000 14.85000038 46.32500076 0.18823529 0.20784314 0.21960784
v 61.50000000 14.85000038 46.57500076 0.18823529 0.20784314 0.21960784
v 68.50000000 14.25000000 46.32500076 0.18823529 0.20784314 0.21960784
v 68.50000000 14.25000000 46.57500076 0.18823529 0.20784314 0.21960784
v 68.50000000 14.85000038 46.32500076 0.18823529 0.20784314 0.21960784
v 68.50000000 14.85000038 46.57500076 0.18823529 0.20784314 0.21960784
f 414 416 413
f 417 414 413
f 413 416 415
f 415 417 413
f 414 420 416
f 418 414 417
f 418 420 414
f 416 420 415
f 419 417 415
f 415 420 419
f 419 418 417
f 420 418 419

o roof_grille_slat_1_65_-0.45
v 61.50000000 14.25000000 45.62500000 0.18823529 0.20784314 0.21960784
v 61.50000000 14.25000000 45.87500000 0.18823529 0.20784314 0.21960784
v 61.50000000 14.85000038 45.62500000 0.18823529 0.20784314 0.21960784
v 61.50000000 14.85000038 45.87500000 0.18823529 0.20784314 0.21960784
v 68.50000000 14.25000000 45.62500000 0.18823529 0.20784314 0.21960784
v 68.50000000 14.25000000 45.87500000 0.18823529 0.20784314 0.21960784
v 68.50000000 14.85000038 45.62500000 0.18823529 0.20784314 0.21960784
v 68.50000000 14.85000038 45.87500000 0.18823529 0.20784314 0.21960784
f 422 424 421
f 425 422 421
f 421 424 423
f 423 425 421
f 422 428 424
f 426 422 425
f 426 428 422
f 424 428 423
f 427 425 423
f 423 428 427
f 427 426 425
f 428 426 427

o roof_grille_1_65
v 60.75000000 13.19999981 45.04999924 0.29803922 0.06666667 0.10196078
v 60.75000000 13.19999981 47.34999847 0.29803922 0.06666667 0.10196078
v 60.75000000 14.39999962 45.04999924 0.29803922 0.06666667 0.10196078
v 60.75000000 14.39999962 47.34999847 0.29803922 0.06666667 0.10196078
v 69.25000000 13.19999981 45.04999924 0.29803922 0.06666667 0.10196078
v 69.25000000 13.19999981 47.34999847 0.29803922 0.06666667 0.10196078
v 69.25000000 14.39999962 45.04999924 0.29803922 0.06666667 0.10196078
v 69.25000000 14.39999962 47.34999847 0.29803922 0.06666667 0.10196078
f 430 432 429
f 433 430 429
f 429 432 431
f 431 433 429
f 430 436 432
f 434 430 433
f 434 436 430
f 432 436 431
f 435 433 431
f 431 436 435
f 435 434 433
f 436 434 435

o roof_grille_slat_1_55_0.25
v 51.50000000 14.25000000 46.32500076 0.18823529 0.20784314 0.21960784
v 51.50000000 14.25000000 46.57500076 0.18823529 0.20784314 0.21960784
v 51.50000000 14.85000038 46.32500076 0.18823529 0.20784314 0.21960784
v 51.50000000 14.85000038 46.57500076 0.18823529 0.20784314 0.21960784
v 58.50000000 14.25000000 46.32500076 0.18823529 0.20784314 0.21960784
v 58.50000000 14.25000000 46.57500076 0.18823529 0.20784314 0.21960784
v 58.50000000 14.85000038 46.32500076 0.18823529 0.20784314 0.21960784
v 58.50000000 14.85000038 46.57500076 0.18823529 0.20784314 0.21960784
f 438 440 437
f 441 438 437
f 437 440 439
f 439 441 437
f 438 444 440
f 442 438 441
f 442 444 438
f 440 444 439
f 443 441 439
f 439 444 443
f 443 442 441
f 444 442 443

o roof_grille_slat_1_55_-0.45
v 51.50000000 14.25000000 45.62500000 0.18823529 0.20784314 0.21960784
v 51.50000000 14.25000000 45.87500000 0.18823529 0.20784314 0.21960784
v 51.50000000 14.85000038 45.62500000 0.18823529 0.20784314 0.21960784
v 51.50000000 14.85000038 45.87500000 0.18823529 0.20784314 0.21960784
v 58.50000000 14.25000000 45.62500000 0.18823529 0.20784314 0.21960784
v 58.50000000 14.25000000 45.87500000 0.18823529 0.20784314 0.21960784
v 58.50000000 14.85000038 45.62500000 0.18823529 0.20784314 0.21960784
v 58.50000000 14.85000038 45.87500000 0.18823529 0.20784314 0.21960784
f 446 448 445
f 449 446 445
f 445 448 447
f 447 449 445
f 446 452 448
f 450 446 449
f 450 452 446
f 448 452 447
f 451 449 447
f 447 452 451
f 451 450 449
f 452 450 451

o roof_grille_1_55
v 50.75000000 13.19999981 45.04999924 0.29803922 0.06666667 0.10196078
v 50.75000000 13.19999981 47.34999847 0.29803922 0.06666667 0.10196078
v 50.75000000 14.39999962 45.04999924 0.29803922 0.06666667 0.10196078
v 50.75000000 14.39999962 47.34999847 0.29803922 0.06666667 0.10196078
v 59.25000000 13.19999981 45.04999924 0.29803922 0.06666667 0.10196078
v 59.25000000 13.19999981 47.34999847 0.29803922 0.06666667 0.10196078
v 59.25000000 14.39999962 45.04999924 0.29803922 0.06666667 0.10196078
v 59.25000000 14.39999962 47.34999847 0.29803922 0.06666667 0.10196078
f 454 456 453
f 457 454 453
f 453 456 455
f 455 457 453
f 454 460 456
f 458 454 457
f 458 460 454
f 456 460 455
f 459 457 455
f 455 460 459
f 459 458 457
f 460 458 459

o roof_grille_slat_1_45_0.25
v 41.50000000 14.25000000 46.32500076 0.18823529 0.20784314 0.21960784
v 41.50000000 14.25000000 46.57500076 0.18823529 0.20784314 0.21960784
v 41.50000000 14.85000038 46.32500076 0.18823529 0.20784314 0.21960784
v 41.50000000 14.85000038 46.57500076 0.18823529 0.20784314 0.21960784
v 48.50000000 14.25000000 46.32500076 0.18823529 0.20784314 0.21960784
v 48.50000000 14.25000000 46.57500076 0.18823529 0.20784314 0.21960784
v 48.50000000 14.85000038 46.32500076 0.18823529 0.20784314 0.21960784
v 48.50000000 14.85000038 46.57500076 0.18823529 0.20784314 0.21960784
f 462 464 461
f 465 462 461
f 461 464 463
f 463 465 461
f 462 468 464
f 466 462 465
f 466 468 462
f 464 468 463
f 467 465 463
f 463 468 467
f 467 466 465
f 468 466 467

o roof_grille_slat_1_45_-0.45
v 41.50000000 14.25000000 45.62500000 0.18823529 0.20784314 0.21960784
v 41.50000000 14.25000000 45.87500000 0.18823529 0.20784314 0.21960784
v 41.50000000 14.85000038 45.62500000 0.18823529 0.20784314 0.21960784
v 41.50000000 14.85000038 45.87500000 0.18823529 0.20784314 0.21960784
v 48.50000000 14.25000000 45.62500000 0.18823529 0.20784314 0.21960784
v 48.50000000 14.25000000 45.87500000 0.18823529 0.20784314 0.21960784
v 48.50000000 14.85000038 45.62500000 0.18823529 0.20784314 0.21960784
v 48.50000000 14.85000038 45.87500000 0.18823529 0.20784314 0.21960784
f 470 472 469
f 473 470 469
f 469 472 471
f 471 473 469
f 470 476 472
f 474 470 473
f 474 476 470
f 472 476 471
f 475 473 471
f 471 476 475
f 475 474 473
f 476 474 475

o roof_grille_1_45
v 40.75000000 13.19999981 45.04999924 0.29803922 0.06666667 0.10196078
v 40.75000000 13.19999981 47.34999847 0.29803922 0.06666667 0.10196078
v 40.75000000 14.39999962 45.04999924 0.29803922 0.06666667 0.10196078
v 40.75000000 14.39999962 47.34999847 0.29803922 0.06666667 0.10196078
v 49.25000000 13.19999981 45.04999924 0.29803922 0.06666667 0.10196078
v 49.25000000 13.19999981 47.34999847 0.29803922 0.06666667 0.10196078
v 49.25000000 14.39999962 45.04999924 0.29803922 0.06666667 0.10196078
v 49.25000000 14.39999962 47.34999847 0.29803922 0.06666667 0.10196078
f 478 480 477
f 481 478 477
f 477 480 479
f 479 481 477
f 478 484 480
f 482 478 481
f 482 484 478
f 480 484 479
f 483 481 479
f 479 484 483
f 483 482 481
f 484 482 483

o roof_grille_slat_1_35_0.25
v 31.50000000 14.25000000 46.32500076 0.18823529 0.20784314 0.21960784
v 31.50000000 14.25000000 46.57500076 0.18823529 0.20784314 0.21960784
v 31.50000000 14.85000038 46.32500076 0.18823529 0.20784314 0.21960784
v 31.50000000 14.85000038 46.57500076 0.18823529 0.20784314 0.21960784
v 38.50000000 14.25000000 46.32500076 0.18823529 0.20784314 0.21960784
v 38.50000000 14.25000000 46.57500076 0.18823529 0.20784314 0.21960784
v 38.50000000 14.85000038 46.32500076 0.18823529 0.20784314 0.21960784
v 38.50000000 14.85000038 46.57500076 0.18823529 0.20784314 0.21960784
f 486 488 485
f 489 486 485
f 485 488 487
f 487 489 485
f 486 492 488
f 490 486 489
f 490 492 486
f 488 492 487
f 491 489 487
f 487 492 491
f 491 490 489
f 492 490 491

o roof_grille_slat_1_35_-0.45
v 31.50000000 14.25000000 45.62500000 0.18823529 0.20784314 0.21960784
v 31.50000000 14.25000000 45.87500000 0.18823529 0.20784314 0.21960784
v 31.50000000 14.85000038 45.62500000 0.18823529 0.20784314 0.21960784
v 31.50000000 14.85000038 45.87500000 0.18823529 0.20784314 0.21960784
v 38.50000000 14.25000000 45.62500000 0.18823529 0.20784314 0.21960784
v 38.50000000 14.25000000 45.87500000 0.18823529 0.20784314 0.21960784
v 38.50000000 14.85000038 45.62500000 0.18823529 0.20784314 0.21960784
v 38.50000000 14.85000038 45.87500000 0.18823529 0.20784314 0.21960784
f 494 496 493
f 497 494 493
f 493 496 495
f 495 497 493
f 494 500 496
f 498 494 497
f 498 500 494
f 496 500 495
f 499 497 495
f 495 500 499
f 499 498 497
f 500 498 499

o roof_grille_1_35
v 30.75000000 13.19999981 45.04999924 0.29803922 0.06666667 0.10196078
v 30.75000000 13.19999981 47.34999847 0.29803922 0.06666667 0.10196078
v 30.75000000 14.39999962 45.04999924 0.29803922 0.06666667 0.10196078
v 30.75000000 14.39999962 47.34999847 0.29803922 0.06666667 0.10196078
v 39.25000000 13.19999981 45.04999924 0.29803922 0.06666667 0.10196078
v 39.25000000 13.19999981 47.34999847 0.29803922 0.06666667 0.10196078
v 39.25000000 14.39999962 45.04999924 0.29803922 0.06666667 0.10196078
v 39.25000000 14.39999962 47.34999847 0.29803922 0.06666667 0.10196078
f 502 504 501
f 505 502 501
f 501 504 503
f 503 505 501
f 502 508 504
f 506 502 505
f 506 508 502
f 504 508 503
f 507 505 503
f 503 508 507
f 507 506 505
f 508 506 507

o roof_grille_slat_1_25_0.25
v 21.50000000 14.25000000 46.32500076 0.18823529 0.20784314 0.21960784
v 21.50000000 14.25000000 46.57500076 0.18823529 0.20784314 0.21960784
v 21.50000000 14.85000038 46.32500076 0.18823529 0.20784314 0.21960784
v 21.50000000 14.85000038 46.57500076 0.18823529 0.20784314 0.21960784
v 28.50000000 14.25000000 46.32500076 0.18823529 0.20784314 0.21960784
v 28.50000000 14.25000000 46.57500076 0.18823529 0.20784314 0.21960784
v 28.50000000 14.85000038 46.32500076 0.18823529 0.20784314 0.21960784
v 28.50000000 14.85000038 46.57500076 0.18823529 0.20784314 0.21960784
f 510 512 509
f 513 510 509
f 509 512 511
f 511 513 509
f 510 516 512
f 514 510 513
f 514 516 510
f 512 516 511
f 515 513 511
f 511 516 515
f 515 514 513
f 516 514 515

o roof_grille_slat_1_25_-0.45
v 21.50000000 14.25000000 45.62500000 0.18823529 0.20784314 0.21960784
v 21.50000000 14.25000000 45.87500000 0.18823529 0.20784314 0.21960784
v 21.50000000 14.85000038 45.62500000 0.18823529 0.20784314 0.21960784
v 21.50000000 14.85000038 45.87500000 0.18823529 0.20784314 0.21960784
v 28.50000000 14.25000000 45.62500000 0.18823529 0.20784314 0.21960784
v 28.50000000 14.25000000 45.87500000 0.18823529 0.20784314 0.21960784
v 28.50000000 14.85000038 45.62500000 0.18823529 0.20784314 0.21960784
v 28.50000000 14.85000038 45.87500000 0.18823529 0.20784314 0.21960784
f 518 520 517
f 521 518 517
f 517 520 519
f 519 521 517
f 518 524 520
f 522 518 521
f 522 524 518
f 520 524 519
f 523 521 519
f 519 524 523
f 523 522 521
f 524 522 523

o roof_grille_1_25
v 20.75000000 13.19999981 45.04999924 0.29803922 0.06666667 0.10196078
v 20.75000000 13.19999981 47.34999847 0.29803922 0.06666667 0.10196078
v 20.75000000 14.39999962 45.04999924 0.29803922 0.06666667 0.10196078
v 20.75000000 14.39999962 47.34999847 0.29803922 0.06666667 0.10196078
v 29.25000000 13.19999981 45.04999924 0.29803922 0.06666667 0.10196078
v 29.25000000 13.19999981 47.34999847 0.29803922 0.06666667 0.10196078
v 29.25000000 14.39999962 45.04999924 0.29803922 0.06666667 0.10196078
v 29.25000000 14.39999962 47.34999847 0.29803922 0.06666667 0.10196078
f 526 528 525
f 529 526 525
f 525 528 527
f 527 529 525
f 526 532 528
f 530 526 529
f 530 532 526
f 528 532 527
f 531 529 527
f 527 532 531
f 531 530 529
f 532 530 531

o roof_grille_slat_1_15_0.25
v 11.50000000 14.25000000 46.32500076 0.18823529 0.20784314 0.21960784
v 11.50000000 14.25000000 46.57500076 0.18823529 0.20784314 0.21960784
v 11.50000000 14.85000038 46.32500076 0.18823529 0.20784314 0.21960784
v 11.50000000 14.85000038 46.57500076 0.18823529 0.20784314 0.21960784
v 18.50000000 14.25000000 46.32500076 0.18823529 0.20784314 0.21960784
v 18.50000000 14.25000000 46.57500076 0.18823529 0.20784314 0.21960784
v 18.50000000 14.85000038 46.32500076 0.18823529 0.20784314 0.21960784
v 18.50000000 14.85000038 46.57500076 0.18823529 0.20784314 0.21960784
f 534 536 533
f 537 534 533
f 533 536 535
f 535 537 533
f 534 540 536
f 538 534 537
f 538 540 534
f 536 540 535
f 539 537 535
f 535 540 539
f 539 538 537
f 540 538 539

o roof_grille_slat_1_15_-0.45
v 11.50000000 14.25000000 45.62500000 0.18823529 0.20784314 0.21960784
v 11.50000000 14.25000000 45.87500000 0.18823529 0.20784314 0.21960784
v 11.50000000 14.85000038 45.62500000 0.18823529 0.20784314 0.21960784
v 11.50000000 14.85000038 45.87500000 0.18823529 0.20784314 0.21960784
v 18.50000000 14.25000000 45.62500000 0.18823529 0.20784314 0.21960784
v 18.50000000 14.25000000 45.87500000 0.18823529 0.20784314 0.21960784
v 18.50000000 14.85000038 45.62500000 0.18823529 0.20784314 0.21960784
v 18.50000000 14.85000038 45.87500000 0.18823529 0.20784314 0.21960784
f 542 544 541
f 545 542 541
f 541 544 543
f 543 545 541
f 542 548 544
f 546 542 545
f 546 548 542
f 544 548 543
f 547 545 543
f 543 548 547
f 547 546 545
f 548 546 547

o roof_grille_1_15
v 10.75000000 13.19999981 45.04999924 0.29803922 0.06666667 0.10196078
v 10.75000000 13.19999981 47.34999847 0.29803922 0.06666667 0.10196078
v 10.75000000 14.39999962 45.04999924 0.29803922 0.06666667 0.10196078
v 10.75000000 14.39999962 47.34999847 0.29803922 0.06666667 0.10196078
v 19.25000000 13.19999981 45.04999924 0.29803922 0.06666667 0.10196078
v 19.25000000 13.19999981 47.34999847 0.29803922 0.06666667 0.10196078
v 19.25000000 14.39999962 45.04999924 0.29803922 0.06666667 0.10196078
v 19.25000000 14.39999962 47.34999847 0.29803922 0.06666667 0.10196078
f 550 552 549
f 553 550 549
f 549 552 551
f 551 553 549
f 550 556 552
f 554 550 553
f 554 556 550
f 552 556 551
f 555 553 551
f 551 556 555
f 555 554 553
f 556 554 555

o roof_grille_slat_1_5_0.25
v 1.50000000 14.25000000 46.32500076 0.18823529 0.20784314 0.21960784
v 1.50000000 14.25000000 46.57500076 0.18823529 0.20784314 0.21960784
v 1.50000000 14.85000038 46.32500076 0.18823529 0.20784314 0.21960784
v 1.50000000 14.85000038 46.57500076 0.18823529 0.20784314 0.21960784
v 8.50000000 14.25000000 46.32500076 0.18823529 0.20784314 0.21960784
v 8.50000000 14.25000000 46.57500076 0.18823529 0.20784314 0.21960784
v 8.50000000 14.85000038 46.32500076 0.18823529 0.20784314 0.21960784
v 8.50000000 14.85000038 46.57500076 0.18823529 0.20784314 0.21960784
f 558 560 557
f 561 558 557
f 557 560 559
f 559 561 557
f 558 564 560
f 562 558 561
f 562 564 558
f 560 564 559
f 563 561 559
f 559 564 563
f 563 562 561
f 564 562 563

o roof_grille_slat_1_5_-0.45
v 1.50000000 14.25000000 45.62500000 0.18823529 0.20784314 0.21960784
v 1.50000000 14.25000000 45.87500000 0.18823529 0.20784314 0.21960784
v 1.50000000 14.85000038 45.62500000 0.18823529 0.20784314 0.21960784
v 1.50000000 14.85000038 45.87500000 0.18823529 0.20784314 0.21960784
v 8.50000000 14.25000000 45.62500000 0.18823529 0.20784314 0.21960784
v 8.50000000 14.25000000 45.87500000 0.18823529 0.20784314 0.21960784
v 8.50000000 14.85000038 45.62500000 0.18823529 0.20784314 0.21960784
v 8.50000000 14.85000038 45.87500000 0.18823529 0.20784314 0.21960784
f 566 568 565
f 569 566 565
f 565 568 567
f 567 569 565
f 566 572 568
f 570 566 569
f 570 572 566
f 568 572 567
f 571 569 567
f 567 572 571
f 571 570 569
f 572 570 571

o roof_grille_1_5
v 0.75000000 13.19999981 45.04999924 0.29803922 0.06666667 0.10196078
v 0.75000000 13.19999981 47.34999847 0.29803922 0.06666667 0.10196078
v 0.75000000 14.39999962 45.04999924 0.29803922 0.06666667 0.10196078
v 0.75000000 14.39999962 47.34999847 0.29803922 0.06666667 0.10196078
v 9.25000000 13.19999981 45.04999924 0.29803922 0.06666667 0.10196078
v 9.25000000 13.19999981 47.34999847 0.29803922 0.06666667 0.10196078
v 9.25000000 14.39999962 45.04999924 0.29803922 0.06666667 0.10196078
v 9.25000000 14.39999962 47.34999847 0.29803922 0.06666667 0.10196078
f 574 576 573
f 577 574 573
f 573 576 575
f 575 577 573
f 574 580 576
f 578 574 577
f 578 580 574
f 576 580 575
f 579 577 575
f 575 580 579
f 579 578 577
f 580 578 579

o roof_grille_slat_1_-5_0.25
v -8.50000000 14.25000000 46.32500076 0.18823529 0.20784314 0.21960784
v -8.50000000 14.25000000 46.57500076 0.18823529 0.20784314 0.21960784
v -8.50000000 14.85000038 46.32500076 0.18823529 0.20784314 0.21960784
v -8.50000000 14.85000038 46.57500076 0.18823529 0.20784314 0.21960784
v -1.50000000 14.25000000 46.32500076 0.18823529 0.20784314 0.21960784
v -1.50000000 14.25000000 46.57500076 0.18823529 0.20784314 0.21960784
v -1.50000000 14.85000038 46.32500076 0.18823529 0.20784314 0.21960784
v -1.50000000 14.85000038 46.57500076 0.18823529 0.20784314 0.21960784
f 582 584 581
f 585 582 581
f 581 584 583
f 583 585 581
f 582 588 584
f 586 582 585
f 586 588 582
f 584 588 583
f 587 585 583
f 583 588 587
f 587 586 585
f 588 586 587

o roof_grille_slat_1_-5_-0.45
v -8.50000000 14.25000000 45.62500000 0.18823529 0.20784314 0.21960784
v -8.50000000 14.25000000 45.87500000 0.18823529 0.20784314 0.21960784
v -8.50000000 14.85000038 45.62500000 0.18823529 0.20784314 0.21960784
v -8.50000000 14.85000038 45.87500000 0.18823529 0.20784314 0.21960784
v -1.50000000 14.25000000 45.62500000 0.18823529 0.20784314 0.21960784
v -1.50000000 14.25000000 45.87500000 0.18823529 0.20784314 0.21960784
v -1.50000000 14.85000038 45.62500000 0.18823529 0.20784314 0.21960784
v -1.50000000 14.85000038 45.87500000 0.18823529 0.20784314 0.21960784
f 590 592 589
f 593 590 589
f 589 592 591
f 591 593 589
f 590 596 592
f 594 590 593
f 594 596 590
f 592 596 591
f 595 593 591
f 591 596 595
f 595 594 593
f 596 594 595

o roof_grille_1_-5
v -9.25000000 13.19999981 45.04999924 0.29803922 0.06666667 0.10196078
v -9.25000000 13.19999981 47.34999847 0.29803922 0.06666667 0.10196078
v -9.25000000 14.39999962 45.04999924 0.29803922 0.06666667 0.10196078
v -9.25000000 14.39999962 47.34999847 0.29803922 0.06666667 0.10196078
v -0.75000000 13.19999981 45.04999924 0.29803922 0.06666667 0.10196078
v -0.75000000 13.19999981 47.34999847 0.29803922 0.06666667 0.10196078
v -0.75000000 14.39999962 45.04999924 0.29803922 0.06666667 0.10196078
v -0.75000000 14.39999962 47.34999847 0.29803922 0.06666667 0.10196078
f 598 600 597
f 601 598 597
f 597 600 599
f 599 601 597
f 598 604 600
f 602 598 601
f 602 604 598
f 600 604 599
f 603 601 599
f 599 604 603
f 603 602 601
f 604 602 603

o roof_grille_slat_1_-15_0.25
v -18.50000000 14.25000000 46.32500076 0.18823529 0.20784314 0.21960784
v -18.50000000 14.25000000 46.57500076 0.18823529 0.20784314 0.21960784
v -18.50000000 14.85000038 46.32500076 0.18823529 0.20784314 0.21960784
v -18.50000000 14.85000038 46.57500076 0.18823529 0.20784314 0.21960784
v -11.50000000 14.25000000 46.32500076 0.18823529 0.20784314 0.21960784
v -11.50000000 14.25000000 46.57500076 0.18823529 0.20784314 0.21960784
v -11.50000000 14.85000038 46.32500076 0.18823529 0.20784314 0.21960784
v -11.50000000 14.85000038 46.57500076 0.18823529 0.20784314 0.21960784
f 606 608 605
f 609 606 605
f 605 608 607
f 607 609 605
f 606 612 608
f 610 606 609
f 610 612 606
f 608 612 607
f 611 609 607
f 607 612 611
f 611 610 609
f 612 610 611

o roof_grille_slat_1_-15_-0.45
v -18.50000000 14.25000000 45.62500000 0.18823529 0.20784314 0.21960784
v -18.50000000 14.25000000 45.87500000 0.18823529 0.20784314 0.21960784
v -18.50000000 14.85000038 45.62500000 0.18823529 0.20784314 0.21960784
v -18.50000000 14.85000038 45.87500000 0.18823529 0.20784314 0.21960784
v -11.50000000 14.25000000 45.62500000 0.18823529 0.20784314 0.21960784
v -11.50000000 14.25000000 45.87500000 0.18823529 0.20784314 0.21960784
v -11.50000000 14.85000038 45.62500000 0.18823529 0.20784314 0.21960784
v -11.50000000 14.85000038 45.87500000 0.18823529 0.20784314 0.21960784
f 614 616 613
f 617 614 613
f 613 616 615
f 615 617 613
f 614 620 616
f 618 614 617
f 618 620 614
f 616 620 615
f 619 617 615
f 615 620 619
f 619 618 617
f 620 618 619

o roof_grille_1_-15
v -19.25000000 13.19999981 45.04999924 0.29803922 0.06666667 0.10196078
v -19.25000000 13.19999981 47.34999847 0.29803922 0.06666667 0.10196078
v -19.25000000 14.39999962 45.04999924 0.29803922 0.06666667 0.10196078
v -19.25000000 14.39999962 47.34999847 0.29803922 0.06666667 0.10196078
v -10.75000000 13.19999981 45.04999924 0.29803922 0.06666667 0.10196078
v -10.75000000 13.19999981 47.34999847 0.29803922 0.06666667 0.10196078
v -10.75000000 14.39999962 45.04999924 0.29803922 0.06666667 0.10196078
v -10.75000000 14.39999962 47.34999847 0.29803922 0.06666667 0.10196078
f 622 624 621
f 625 622 621
f 621 624 623
f 623 625 621
f 622 628 624
f 626 622 625
f 626 628 622
f 624 628 623
f 627 625 623
f 623 628 627
f 627 626 625
f 628 626 627

o roof_grille_slat_1_-25_0.25
v -28.50000000 14.25000000 46.32500076 0.18823529 0.20784314 0.21960784
v -28.50000000 14.25000000 46.57500076 0.18823529 0.20784314 0.21960784
v -28.50000000 14.85000038 46.32500076 0.18823529 0.20784314 0.21960784
v -28.50000000 14.85000038 46.57500076 0.18823529 0.20784314 0.21960784
v -21.50000000 14.25000000 46.32500076 0.18823529 0.20784314 0.21960784
v -21.50000000 14.25000000 46.57500076 0.18823529 0.20784314 0.21960784
v -21.50000000 14.85000038 46.32500076 0.18823529 0.20784314 0.21960784
v -21.50000000 14.85000038 46.57500076 0.18823529 0.20784314 0.21960784
f 630 632 629
f 633 630 629
f 629 632 631
f 631 633 629
f 630 636 632
f 634 630 633
f 634 636 630
f 632 636 631
f 635 633 631
f 631 636 635
f 635 634 633
f 636 634 635

o roof_grille_slat_1_-25_-0.45
v -28.50000000 14.25000000 45.62500000 0.18823529 0.20784314 0.21960784
v -28.50000000 14.25000000 45.87500000 0.18823529 0.20784314 0.21960784
v -28.50000000 14.85000038 45.62500000 0.18823529 0.20784314 0.21960784
v -28.50000000 14.85000038 45.87500000 0.18823529 0.20784314 0.21960784
v -21.50000000 14.25000000 45.62500000 0.18823529 0.20784314 0.21960784
v -21.50000000 14.25000000 45.87500000 0.18823529 0.20784314 0.21960784
v -21.50000000 14.85000038 45.62500000 0.18823529 0.20784314 0.21960784
v -21.50000000 14.85000038 45.87500000 0.18823529 0.20784314 0.21960784
f 638 640 637
f 641 638 637
f 637 640 639
f 639 641 637
f 638 644 640
f 642 638 641
f 642 644 638
f 640 644 639
f 643 641 639
f 639 644 643
f 643 642 641
f 644 642 643

o roof_grille_1_-25
v -29.25000000 13.19999981 45.04999924 0.29803922 0.06666667 0.10196078
v -29.25000000 13.19999981 47.34999847 0.29803922 0.06666667 0.10196078
v -29.25000000 14.39999962 45.04999924 0.29803922 0.06666667 0.10196078
v -29.25000000 14.39999962 47.34999847 0.29803922 0.06666667 0.10196078
v -20.75000000 13.19999981 45.04999924 0.29803922 0.06666667 0.10196078
v -20.75000000 13.19999981 47.34999847 0.29803922 0.06666667 0.10196078
v -20.75000000 14.39999962 45.04999924 0.29803922 0.06666667 0.10196078
v -20.75000000 14.39999962 47.34999847 0.29803922 0.06666667 0.10196078
f 646 648 645
f 649 646 645
f 645 648 647
f 647 649 645
f 646 652 648
f 650 646 649
f 650 652 646
f 648 652 647
f 651 649 647
f 647 652 651
f 651 650 649
f 652 650 651

o roof_grille_slat_1_-35_0.25
v -38.50000000 14.25000000 46.32500076 0.18823529 0.20784314 0.21960784
v -38.50000000 14.25000000 46.57500076 0.18823529 0.20784314 0.21960784
v -38.50000000 14.85000038 46.32500076 0.18823529 0.20784314 0.21960784
v -38.50000000 14.85000038 46.57500076 0.18823529 0.20784314 0.21960784
v -31.50000000 14.25000000 46.32500076 0.18823529 0.20784314 0.21960784
v -31.50000000 14.25000000 46.57500076 0.18823529 0.20784314 0.21960784
v -31.50000000 14.85000038 46.32500076 0.18823529 0.20784314 0.21960784
v -31.50000000 14.85000038 46.57500076 0.18823529 0.20784314 0.21960784
f 654 656 653
f 657 654 653
f 653 656 655
f 655 657 653
f 654 660 656
f 658 654 657
f 658 660 654
f 656 660 655
f 659 657 655
f 655 660 659
f 659 658 657
f 660 658 659

o roof_grille_slat_1_-35_-0.45
v -38.50000000 14.25000000 45.62500000 0.18823529 0.20784314 0.21960784
v -38.50000000 14.25000000 45.87500000 0.18823529 0.20784314 0.21960784
v -38.50000000 14.85000038 45.62500000 0.18823529 0.20784314 0.21960784
v -38.50000000 14.85000038 45.87500000 0.18823529 0.20784314 0.21960784
v -31.50000000 14.25000000 45.62500000 0.18823529 0.20784314 0.21960784
v -31.50000000 14.25000000 45.87500000 0.18823529 0.20784314 0.21960784
v -31.50000000 14.85000038 45.62500000 0.18823529 0.20784314 0.21960784
v -31.50000000 14.85000038 45.87500000 0.18823529 0.20784314 0.21960784
f 662 664 661
f 665 662 661
f 661 664 663
f 663 665 661
f 662 668 664
f 666 662 665
f 666 668 662
f 664 668 663
f 667 665 663
f 663 668 667
f 667 666 665
f 668 666 667

o roof_grille_1_-35
v -39.25000000 13.19999981 45.04999924 0.29803922 0.06666667 0.10196078
v -39.25000000 13.19999981 47.34999847 0.29803922 0.06666667 0.10196078
v -39.25000000 14.39999962 45.04999924 0.29803922 0.06666667 0.10196078
v -39.25000000 14.39999962 47.34999847 0.29803922 0.06666667 0.10196078
v -30.75000000 13.19999981 45.04999924 0.29803922 0.06666667 0.10196078
v -30.75000000 13.19999981 47.34999847 0.29803922 0.06666667 0.10196078
v -30.75000000 14.39999962 45.04999924 0.29803922 0.06666667 0.10196078
v -30.75000000 14.39999962 47.34999847 0.29803922 0.06666667 0.10196078
f 670 672 669
f 673 670 669
f 669 672 671
f 671 673 669
f 670 676 672
f 674 670 673
f 674 676 670
f 672 676 671
f 675 673 671
f 671 676 675
f 675 674 673
f 676 674 675

o roof_grille_slat_1_-45_0.25
v -48.50000000 14.25000000 46.32500076 0.18823529 0.20784314 0.21960784
v -48.50000000 14.25000000 46.57500076 0.18823529 0.20784314 0.21960784
v -48.50000000 14.85000038 46.32500076 0.18823529 0.20784314 0.21960784
v -48.50000000 14.85000038 46.57500076 0.18823529 0.20784314 0.21960784
v -41.50000000 14.25000000 46.32500076 0.18823529 0.20784314 0.21960784
v -41.50000000 14.25000000 46.57500076 0.18823529 0.20784314 0.21960784
v -41.50000000 14.85000038 46.32500076 0.18823529 0.20784314 0.21960784
v -41.50000000 14.85000038 46.57500076 0.18823529 0.20784314 0.21960784
f 678 680 677
f 681 678 677
f 677 680 679
f 679 681 677
f 678 684 680
f 682 678 681
f 682 684 678
f 680 684 679
f 683 681 679
f 679 684 683
f 683 682 681
f 684 682 683

o roof_grille_slat_1_-45_-0.45
v -48.50000000 14.25000000 45.62500000 0.18823529 0.20784314 0.21960784
v -48.50000000 14.25000000 45.87500000 0.18823529 0.20784314 0.21960784
v -48.50000000 14.85000038 45.62500000 0.18823529 0.20784314 0.21960784
v -48.50000000 14.85000038 45.87500000 0.18823529 0.20784314 0.21960784
v -41.50000000 14.25000000 45.62500000 0.18823529 0.20784314 0.21960784
v -41.50000000 14.25000000 45.87500000 0.18823529 0.20784314 0.21960784
v -41.50000000 14.85000038 45.62500000 0.18823529 0.20784314 0.21960784
v -41.50000000 14.85000038 45.87500000 0.18823529 0.20784314 0.21960784
f 686 688 685
f 689 686 685
f 685 688 687
f 687 689 685
f 686 692 688
f 690 686 689
f 690 692 686
f 688 692 687
f 691 689 687
f 687 692 691
f 691 690 689
f 692 690 691

o roof_grille_1_-45
v -49.25000000 13.19999981 45.04999924 0.29803922 0.06666667 0.10196078
v -49.25000000 13.19999981 47.34999847 0.29803922 0.06666667 0.10196078
v -49.25000000 14.39999962 45.04999924 0.29803922 0.06666667 0.10196078
v -49.25000000 14.39999962 47.34999847 0.29803922 0.06666667 0.10196078
v -40.75000000 13.19999981 45.04999924 0.29803922 0.06666667 0.10196078
v -40.75000000 13.19999981 47.34999847 0.29803922 0.06666667 0.10196078
v -40.75000000 14.39999962 45.04999924 0.29803922 0.06666667 0.10196078
v -40.75000000 14.39999962 47.34999847 0.29803922 0.06666667 0.10196078
f 694 696 693
f 697 694 693
f 693 696 695
f 695 697 693
f 694 700 696
f 698 694 697
f 698 700 694
f 696 700 695
f 699 697 695
f 695 700 699
f 699 698 697
f 700 698 699

o roof_grille_slat_1_-55_0.25
v -58.50000000 14.25000000 46.32500076 0.18823529 0.20784314 0.21960784
v -58.50000000 14.25000000 46.57500076 0.18823529 0.20784314 0.21960784
v -58.50000000 14.85000038 46.32500076 0.18823529 0.20784314 0.21960784
v -58.50000000 14.85000038 46.57500076 0.18823529 0.20784314 0.21960784
v -51.50000000 14.25000000 46.32500076 0.18823529 0.20784314 0.21960784
v -51.50000000 14.25000000 46.57500076 0.18823529 0.20784314 0.21960784
v -51.50000000 14.85000038 46.32500076 0.18823529 0.20784314 0.21960784
v -51.50000000 14.85000038 46.57500076 0.18823529 0.20784314 0.21960784
f 702 704 701
f 705 702 701
f 701 704 703
f 703 705 701
f 702 708 704
f 706 702 705
f 706 708 702
f 704 708 703
f 707 705 703
f 703 708 707
f 707 706 705
f 708 706 707

o roof_grille_slat_1_-55_-0.45
v -58.50000000 14.25000000 45.62500000 0.18823529 0.20784314 0.21960784
v -58.50000000 14.25000000 45.87500000 0.18823529 0.20784314 0.21960784
v -58.50000000 14.85000038 45.62500000 0.18823529 0.20784314 0.21960784
v -58.50000000 14.85000038 45.87500000 0.18823529 0.20784314 0.21960784
v -51.50000000 14.25000000 45.62500000 0.18823529 0.20784314 0.21960784
v -51.50000000 14.25000000 45.87500000 0.18823529 0.20784314 0.21960784
v -51.50000000 14.85000038 45.62500000 0.18823529 0.20784314 0.21960784
v -51.50000000 14.85000038 45.87500000 0.18823529 0.20784314 0.21960784
f 710 712 709
f 713 710 709
f 709 712 711
f 711 713 709
f 710 716 712
f 714 710 713
f 714 716 710
f 712 716 711
f 715 713 711
f 711 716 715
f 715 714 713
f 716 714 715

o roof_grille_1_-55
v -59.25000000 13.19999981 45.04999924 0.29803922 0.06666667 0.10196078
v -59.25000000 13.19999981 47.34999847 0.29803922 0.06666667 0.10196078
v -59.25000000 14.39999962 45.04999924 0.29803922 0.06666667 0.10196078
v -59.25000000 14.39999962 47.34999847 0.29803922 0.06666667 0.10196078
v -50.75000000 13.19999981 45.04999924 0.29803922 0.06666667 0.10196078
v -50.75000000 13.19999981 47.34999847 0.29803922 0.06666667 0.10196078
v -50.75000000 14.39999962 45.04999924 0.29803922 0.06666667 0.10196078
v -50.75000000 14.39999962 47.34999847 0.29803922 0.06666667 0.10196078
f 718 720 717
f 721 718 717
f 717 720 719
f 719 721 717
f 718 724 720
f 722 718 721
f 722 724 718
f 720 724 719
f 723 721 719
f 719 724 723
f 723 722 721
f 724 722 723

o roof_grille_slat_1_-65_0.25
v -68.50000000 14.25000000 46.32500076 0.18823529 0.20784314 0.21960784
v -68.50000000 14.25000000 46.57500076 0.18823529 0.20784314 0.21960784
v -68.50000000 14.85000038 46.32500076 0.18823529 0.20784314 0.21960784
v -68.50000000 14.85000038 46.57500076 0.18823529 0.20784314 0.21960784
v -61.50000000 14.25000000 46.32500076 0.18823529 0.20784314 0.21960784
v -61.50000000 14.25000000 46.57500076 0.18823529 0.20784314 0.21960784
v -61.50000000 14.85000038 46.32500076 0.18823529 0.20784314 0.21960784
v -61.50000000 14.85000038 46.57500076 0.18823529 0.20784314 0.21960784
f 726 728 725
f 729 726 725
f 725 728 727
f 727 729 725
f 726 732 728
f 730 726 729
f 730 732 726
f 728 732 727
f 731 729 727
f 727 732 731
f 731 730 729
f 732 730 731

o roof_grille_slat_1_-65_-0.45
v -68.50000000 14.25000000 45.62500000 0.18823529 0.20784314 0.21960784
v -68.50000000 14.25000000 45.87500000 0.18823529 0.20784314 0.21960784
v -68.50000000 14.85000038 45.62500000 0.18823529 0.20784314 0.21960784
v -68.50000000 14.85000038 45.87500000 0.18823529 0.20784314 0.21960784
v -61.50000000 14.25000000 45.62500000 0.18823529 0.20784314 0.21960784
v -61.50000000 14.25000000 45.87500000 0.18823529 0.20784314 0.21960784
v -61.50000000 14.85000038 45.62500000 0.18823529 0.20784314 0.21960784
v -61.50000000 14.85000038 45.87500000 0.18823529 0.20784314 0.21960784
f 734 736 733
f 737 734 733
f 733 736 735
f 735 737 733
f 734 740 736
f 738 734 737
f 738 740 734
f 736 740 735
f 739 737 735
f 735 740 739
f 739 738 737
f 740 738 739

o roof_grille_1_-65
v -69.25000000 13.19999981 45.04999924 0.29803922 0.06666667 0.10196078
v -69.25000000 13.19999981 47.34999847 0.29803922 0.06666667 0.10196078
v -69.25000000 14.39999962 45.04999924 0.29803922 0.06666667 0.10196078
v -69.25000000 14.39999962 47.34999847 0.29803922 0.06666667 0.10196078
v -60.75000000 13.19999981 45.04999924 0.29803922 0.06666667 0.10196078
v -60.75000000 13.19999981 47.34999847 0.29803922 0.06666667 0.10196078
v -60.75000000 14.39999962 45.04999924 0.29803922 0.06666667 0.10196078
v -60.75000000 14.39999962 47.34999847 0.29803922 0.06666667 0.10196078
f 742 744 741
f 745 742 741
f 741 744 743
f 743 745 741
f 742 748 744
f 746 742 745
f 746 748 742
f 744 748 743
f 747 745 743
f 743 748 747
f 747 746 745
f 748 746 747

o roof_grille_slat_-1_65_0.25
v 61.50000000 -14.85000038 46.32500076 0.18823529 0.20784314 0.21960784
v 61.50000000 -14.85000038 46.57500076 0.18823529 0.20784314 0.21960784
v 61.50000000 -14.25000000 46.32500076 0.18823529 0.20784314 0.21960784
v 61.50000000 -14.25000000 46.57500076 0.18823529 0.20784314 0.21960784
v 68.50000000 -14.85000038 46.32500076 0.18823529 0.20784314 0.21960784
v 68.50000000 -14.85000038 46.57500076 0.18823529 0.20784314 0.21960784
v 68.50000000 -14.25000000 46.32500076 0.18823529 0.20784314 0.21960784
v 68.50000000 -14.25000000 46.57500076 0.18823529 0.20784314 0.21960784
f 750 752 749
f 753 750 749
f 749 752 751
f 751 753 749
f 750 756 752
f 754 750 753
f 754 756 750
f 752 756 751
f 755 753 751
f 751 756 755
f 755 754 753
f 756 754 755

o roof_grille_slat_-1_65_-0.45
v 61.50000000 -14.85000038 45.62500000 0.18823529 0.20784314 0.21960784
v 61.50000000 -14.85000038 45.87500000 0.18823529 0.20784314 0.21960784
v 61.50000000 -14.25000000 45.62500000 0.18823529 0.20784314 0.21960784
v 61.50000000 -14.25000000 45.87500000 0.18823529 0.20784314 0.21960784
v 68.50000000 -14.85000038 45.62500000 0.18823529 0.20784314 0.21960784
v 68.50000000 -14.85000038 45.87500000 0.18823529 0.20784314 0.21960784
v 68.50000000 -14.25000000 45.62500000 0.18823529 0.20784314 0.21960784
v 68.50000000 -14.25000000 45.87500000 0.18823529 0.20784314 0.21960784
f 758 760 757
f 761 758 757
f 757 760 759
f 759 761 757
f 758 764 760
f 762 758 761
f 762 764 758
f 760 764 759
f 763 761 759
f 759 764 763
f 763 762 761
f 764 762 763

o roof_grille_-1_65
v 60.75000000 -14.39999962 45.04999924 0.29803922 0.06666667 0.10196078
v 60.75000000 -14.39999962 47.34999847 0.29803922 0.06666667 0.10196078
v 60.75000000 -13.19999981 45.04999924 0.29803922 0.06666667 0.10196078
v 60.75000000 -13.19999981 47.34999847 0.29803922 0.06666667 0.10196078
v 69.25000000 -14.39999962 45.04999924 0.29803922 0.06666667 0.10196078
v 69.25000000 -14.39999962 47.34999847 0.29803922 0.06666667 0.10196078
v 69.25000000 -13.19999981 45.04999924 0.29803922 0.06666667 0.10196078
v 69.25000000 -13.19999981 47.34999847 0.29803922 0.06666667 0.10196078
f 766 768 765
f 769 766 765
f 765 768 767
f 767 769 765
f 766 772 768
f 770 766 769
f 770 772 766
f 768 772 767
f 771 769 767
f 767 772 771
f 771 770 769
f 772 770 771

o roof_grille_slat_-1_55_0.25
v 51.50000000 -14.85000038 46.32500076 0.18823529 0.20784314 0.21960784
v 51.50000000 -14.85000038 46.57500076 0.18823529 0.20784314 0.21960784
v 51.50000000 -14.25000000 46.32500076 0.18823529 0.20784314 0.21960784
v 51.50000000 -14.25000000 46.57500076 0.18823529 0.20784314 0.21960784
v 58.50000000 -14.85000038 46.32500076 0.18823529 0.20784314 0.21960784
v 58.50000000 -14.85000038 46.57500076 0.18823529 0.20784314 0.21960784
v 58.50000000 -14.25000000 46.32500076 0.18823529 0.20784314 0.21960784
v 58.50000000 -14.25000000 46.57500076 0.18823529 0.20784314 0.21960784
f 774 776 773
f 777 774 773
f 773 776 775
f 775 777 773
f 774 780 776
f 778 774 777
f 778 780 774
f 776 780 775
f 779 777 775
f 775 780 779
f 779 778 777
f 780 778 779

o roof_grille_slat_-1_55_-0.45
v 51.50000000 -14.85000038 45.62500000 0.18823529 0.20784314 0.21960784
v 51.50000000 -14.85000038 45.87500000 0.18823529 0.20784314 0.21960784
v 51.50000000 -14.25000000 45.62500000 0.18823529 0.20784314 0.21960784
v 51.50000000 -14.25000000 45.87500000 0.18823529 0.20784314 0.21960784
v 58.50000000 -14.85000038 45.62500000 0.18823529 0.20784314 0.21960784
v 58.50000000 -14.85000038 45.87500000 0.18823529 0.20784314 0.21960784
v 58.50000000 -14.25000000 45.62500000 0.18823529 0.20784314 0.21960784
v 58.50000000 -14.25000000 45.87500000 0.18823529 0.20784314 0.21960784
f 782 784 781
f 785 782 781
f 781 784 783
f 783 785 781
f 782 788 784
f 786 782 785
f 786 788 782
f 784 788 783
f 787 785 783
f 783 788 787
f 787 786 785
f 788 786 787

o roof_grille_-1_55
v 50.75000000 -14.39999962 45.04999924 0.29803922 0.06666667 0.10196078
v 50.75000000 -14.39999962 47.34999847 0.29803922 0.06666667 0.10196078
v 50.75000000 -13.19999981 45.04999924 0.29803922 0.06666667 0.10196078
v 50.75000000 -13.19999981 47.34999847 0.29803922 0.06666667 0.10196078
v 59.25000000 -14.39999962 45.04999924 0.29803922 0.06666667 0.10196078
v 59.25000000 -14.39999962 47.34999847 0.29803922 0.06666667 0.10196078
v 59.25000000 -13.19999981 45.04999924 0.29803922 0.06666667 0.10196078
v 59.25000000 -13.19999981 47.34999847 0.29803922 0.06666667 0.10196078
f 790 792 789
f 793 790 789
f 789 792 791
f 791 793 789
f 790 796 792
f 794 790 793
f 794 796 790
f 792 796 791
f 795 793 791
f 791 796 795
f 795 794 793
f 796 794 795

o roof_grille_slat_-1_45_0.25
v 41.50000000 -14.85000038 46.32500076 0.18823529 0.20784314 0.21960784
v 41.50000000 -14.85000038 46.57500076 0.18823529 0.20784314 0.21960784
v 41.50000000 -14.25000000 46.32500076 0.18823529 0.20784314 0.21960784
v 41.50000000 -14.25000000 46.57500076 0.18823529 0.20784314 0.21960784
v 48.50000000 -14.85000038 46.32500076 0.18823529 0.20784314 0.21960784
v 48.50000000 -14.85000038 46.57500076 0.18823529 0.20784314 0.21960784
v 48.50000000 -14.25000000 46.32500076 0.18823529 0.20784314 0.21960784
v 48.50000000 -14.25000000 46.57500076 0.18823529 0.20784314 0.21960784
f 798 800 797
f 801 798 797
f 797 800 799
f 799 801 797
f 798 804 800
f 802 798 801
f 802 804 798
f 800 804 799
f 803 801 799
f 799 804 803
f 803 802 801
f 804 802 803

o roof_grille_slat_-1_45_-0.45
v 41.50000000 -14.85000038 45.62500000 0.18823529 0.20784314 0.21960784
v 41.50000000 -14.85000038 45.87500000 0.18823529 0.20784314 0.21960784
v 41.50000000 -14.25000000 45.62500000 0.18823529 0.20784314 0.21960784
v 41.50000000 -14.25000000 45.87500000 0.18823529 0.20784314 0.21960784
v 48.50000000 -14.85000038 45.62500000 0.18823529 0.20784314 0.21960784
v 48.50000000 -14.85000038 45.87500000 0.18823529 0.20784314 0.21960784
v 48.50000000 -14.25000000 45.62500000 0.18823529 0.20784314 0.21960784
v 48.50000000 -14.25000000 45.87500000 0.18823529 0.20784314 0.21960784
f 806 808 805
f 809 806 805
f 805 808 807
f 807 809 805
f 806 812 808
f 810 806 809
f 810 812 806
f 808 812 807
f 811 809 807
f 807 812 811
f 811 810 809
f 812 810 811

o roof_grille_-1_45
v 40.75000000 -14.39999962 45.04999924 0.29803922 0.06666667 0.10196078
v 40.75000000 -14.39999962 47.34999847 0.29803922 0.06666667 0.10196078
v 40.75000000 -13.19999981 45.04999924 0.29803922 0.06666667 0.10196078
v 40.75000000 -13.19999981 47.34999847 0.29803922 0.06666667 0.10196078
v 49.25000000 -14.39999962 45.04999924 0.29803922 0.06666667 0.10196078
v 49.25000000 -14.39999962 47.34999847 0.29803922 0.06666667 0.10196078
v 49.25000000 -13.19999981 45.04999924 0.29803922 0.06666667 0.10196078
v 49.25000000 -13.19999981 47.34999847 0.29803922 0.06666667 0.10196078
f 814 816 813
f 817 814 813
f 813 816 815
f 815 817 813
f 814 820 816
f 818 814 817
f 818 820 814
f 816 820 815
f 819 817 815
f 815 820 819
f 819 818 817
f 820 818 819

o roof_grille_slat_-1_35_0.25
v 31.50000000 -14.85000038 46.32500076 0.18823529 0.20784314 0.21960784
v 31.50000000 -14.85000038 46.57500076 0.18823529 0.20784314 0.21960784
v 31.50000000 -14.25000000 46.32500076 0.18823529 0.20784314 0.21960784
v 31.50000000 -14.25000000 46.57500076 0.18823529 0.20784314 0.21960784
v 38.50000000 -14.85000038 46.32500076 0.18823529 0.20784314 0.21960784
v 38.50000000 -14.85000038 46.57500076 0.18823529 0.20784314 0.21960784
v 38.50000000 -14.25000000 46.32500076 0.18823529 0.20784314 0.21960784
v 38.50000000 -14.25000000 46.57500076 0.18823529 0.20784314 0.21960784
f 822 824 821
f 825 822 821
f 821 824 823
f 823 825 821
f 822 828 824
f 826 822 825
f 826 828 822
f 824 828 823
f 827 825 823
f 823 828 827
f 827 826 825
f 828 826 827

o roof_grille_slat_-1_35_-0.45
v 31.50000000 -14.85000038 45.62500000 0.18823529 0.20784314 0.21960784
v 31.50000000 -14.85000038 45.87500000 0.18823529 0.20784314 0.21960784
v 31.50000000 -14.25000000 45.62500000 0.18823529 0.20784314 0.21960784
v 31.50000000 -14.25000000 45.87500000 0.18823529 0.20784314 0.21960784
v 38.50000000 -14.85000038 45.62500000 0.18823529 0.20784314 0.21960784
v 38.50000000 -14.85000038 45.87500000 0.18823529 0.20784314 0.21960784
v 38.50000000 -14.25000000 45.62500000 0.18823529 0.20784314 0.21960784
v 38.50000000 -14.25000000 45.87500000 0.18823529 0.20784314 0.21960784
f 830 832 829
f 833 830 829
f 829 832 831
f 831 833 829
f 830 836 832
f 834 830 833
f 834 836 830
f 832 836 831
f 835 833 831
f 831 836 835
f 835 834 833
f 836 834 835

o roof_grille_-1_35
v 30.75000000 -14.39999962 45.04999924 0.29803922 0.06666667 0.10196078
v 30.75000000 -14.39999962 47.34999847 0.29803922 0.06666667 0.10196078
v 30.75000000 -13.19999981 45.04999924 0.29803922 0.06666667 0.10196078
v 30.75000000 -13.19999981 47.34999847 0.29803922 0.06666667 0.10196078
v 39.25000000 -14.39999962 45.04999924 0.29803922 0.06666667 0.10196078
v 39.25000000 -14.39999962 47.34999847 0.29803922 0.06666667 0.10196078
v 39.25000000 -13.19999981 45.04999924 0.29803922 0.06666667 0.10196078
v 39.25000000 -13.19999981 47.34999847 0.29803922 0.06666667 0.10196078
f 838 840 837
f 841 838 837
f 837 840 839
f 839 841 837
f 838 844 840
f 842 838 841
f 842 844 838
f 840 844 839
f 843 841 839
f 839 844 843
f 843 842 841
f 844 842 843

o roof_grille_slat_-1_25_0.25
v 21.50000000 -14.85000038 46.32500076 0.18823529 0.20784314 0.21960784
v 21.50000000 -14.85000038 46.57500076 0.18823529 0.20784314 0.21960784
v 21.50000000 -14.25000000 46.32500076 0.18823529 0.20784314 0.21960784
v 21.50000000 -14.25000000 46.57500076 0.18823529 0.20784314 0.21960784
v 28.50000000 -14.85000038 46.32500076 0.18823529 0.20784314 0.21960784
v 28.50000000 -14.85000038 46.57500076 0.18823529 0.20784314 0.21960784
v 28.50000000 -14.25000000 46.32500076 0.18823529 0.20784314 0.21960784
v 28.50000000 -14.25000000 46.57500076 0.18823529 0.20784314 0.21960784
f 846 848 845
f 849 846 845
f 845 848 847
f 847 849 845
f 846 852 848
f 850 846 849
f 850 852 846
f 848 852 847
f 851 849 847
f 847 852 851
f 851 850 849
f 852 850 851

o roof_grille_slat_-1_25_-0.45
v 21.50000000 -14.85000038 45.62500000 0.18823529 0.20784314 0.21960784
v 21.50000000 -14.85000038 45.87500000 0.18823529 0.20784314 0.21960784
v 21.50000000 -14.25000000 45.62500000 0.18823529 0.20784314 0.21960784
v 21.50000000 -14.25000000 45.87500000 0.18823529 0.20784314 0.21960784
v 28.50000000 -14.85000038 45.62500000 0.18823529 0.20784314 0.21960784
v 28.50000000 -14.85000038 45.87500000 0.18823529 0.20784314 0.21960784
v 28.50000000 -14.25000000 45.62500000 0.18823529 0.20784314 0.21960784
v 28.50000000 -14.25000000 45.87500000 0.18823529 0.20784314 0.21960784
f 854 856 853
f 857 854 853
f 853 856 855
f 855 857 853
f 854 860 856
f 858 854 857
f 858 860 854
f 856 860 855
f 859 857 855
f 855 860 859
f 859 858 857
f 860 858 859

o roof_grille_-1_25
v 20.75000000 -14.39999962 45.04999924 0.29803922 0.06666667 0.10196078
v 20.75000000 -14.39999962 47.34999847 0.29803922 0.06666667 0.10196078
v 20.75000000 -13.19999981 45.04999924 0.29803922 0.06666667 0.10196078
v 20.75000000 -13.19999981 47.34999847 0.29803922 0.06666667 0.10196078
v 29.25000000 -14.39999962 45.04999924 0.29803922 0.06666667 0.10196078
v 29.25000000 -14.39999962 47.34999847 0.29803922 0.06666667 0.10196078
v 29.25000000 -13.19999981 45.04999924 0.29803922 0.06666667 0.10196078
v 29.25000000 -13.19999981 47.34999847 0.29803922 0.06666667 0.10196078
f 862 864 861
f 865 862 861
f 861 864 863
f 863 865 861
f 862 868 864
f 866 862 865
f 866 868 862
f 864 868 863
f 867 865 863
f 863 868 867
f 867 866 865
f 868 866 867

o roof_grille_slat_-1_15_0.25
v 11.50000000 -14.85000038 46.32500076 0.18823529 0.20784314 0.21960784
v 11.50000000 -14.85000038 46.57500076 0.18823529 0.20784314 0.21960784
v 11.50000000 -14.25000000 46.32500076 0.18823529 0.20784314 0.21960784
v 11.50000000 -14.25000000 46.57500076 0.18823529 0.20784314 0.21960784
v 18.50000000 -14.85000038 46.32500076 0.18823529 0.20784314 0.21960784
v 18.50000000 -14.85000038 46.57500076 0.18823529 0.20784314 0.21960784
v 18.50000000 -14.25000000 46.32500076 0.18823529 0.20784314 0.21960784
v 18.50000000 -14.25000000 46.57500076 0.18823529 0.20784314 0.21960784
f 870 872 869
f 873 870 869
f 869 872 871
f 871 873 869
f 870 876 872
f 874 870 873
f 874 876 870
f 872 876 871
f 875 873 871
f 871 876 875
f 875 874 873
f 876 874 875

o roof_grille_slat_-1_15_-0.45
v 11.50000000 -14.85000038 45.62500000 0.18823529 0.20784314 0.21960784
v 11.50000000 -14.85000038 45.87500000 0.18823529 0.20784314 0.21960784
v 11.50000000 -14.25000000 45.62500000 0.18823529 0.20784314 0.21960784
v 11.50000000 -14.25000000 45.87500000 0.18823529 0.20784314 0.21960784
v 18.50000000 -14.85000038 45.62500000 0.18823529 0.20784314 0.21960784
v 18.50000000 -14.85000038 45.87500000 0.18823529 0.20784314 0.21960784
v 18.50000000 -14.25000000 45.62500000 0.18823529 0.20784314 0.21960784
v 18.50000000 -14.25000000 45.87500000 0.18823529 0.20784314 0.21960784
f 878 880 877
f 881 878 877
f 877 880 879
f 879 881 877
f 878 884 880
f 882 878 881
f 882 884 878
f 880 884 879
f 883 881 879
f 879 884 883
f 883 882 881
f 884 882 883

o roof_grille_-1_15
v 10.75000000 -14.39999962 45.04999924 0.29803922 0.06666667 0.10196078
v 10.75000000 -14.39999962 47.34999847 0.29803922 0.06666667 0.10196078
v 10.75000000 -13.19999981 45.04999924 0.29803922 0.06666667 0.10196078
v 10.75000000 -13.19999981 47.34999847 0.29803922 0.06666667 0.10196078
v 19.25000000 -14.39999962 45.04999924 0.29803922 0.06666667 0.10196078
v 19.25000000 -14.39999962 47.34999847 0.29803922 0.06666667 0.10196078
v 19.25000000 -13.19999981 45.04999924 0.29803922 0.06666667 0.10196078
v 19.25000000 -13.19999981 47.34999847 0.29803922 0.06666667 0.10196078
f 886 888 885
f 889 886 885
f 885 888 887
f 887 889 885
f 886 892 888
f 890 886 889
f 890 892 886
f 888 892 887
f 891 889 887
f 887 892 891
f 891 890 889
f 892 890 891

o roof_grille_slat_-1_5_0.25
v 1.50000000 -14.85000038 46.32500076 0.18823529 0.20784314 0.21960784
v 1.50000000 -14.85000038 46.57500076 0.18823529 0.20784314 0.21960784
v 1.50000000 -14.25000000 46.32500076 0.18823529 0.20784314 0.21960784
v 1.50000000 -14.25000000 46.57500076 0.18823529 0.20784314 0.21960784
v 8.50000000 -14.85000038 46.32500076 0.18823529 0.20784314 0.21960784
v 8.50000000 -14.85000038 46.57500076 0.18823529 0.20784314 0.21960784
v 8.50000000 -14.25000000 46.32500076 0.18823529 0.20784314 0.21960784
v 8.50000000 -14.25000000 46.57500076 0.18823529 0.20784314 0.21960784
f 894 896 893
f 897 894 893
f 893 896 895
f 895 897 893
f 894 900 896
f 898 894 897
f 898 900 894
f 896 900 895
f 899 897 895
f 895 900 899
f 899 898 897
f 900 898 899

o roof_grille_slat_-1_5_-0.45
v 1.50000000 -14.85000038 45.62500000 0.18823529 0.20784314 0.21960784
v 1.50000000 -14.85000038 45.87500000 0.18823529 0.20784314 0.21960784
v 1.50000000 -14.25000000 45.62500000 0.18823529 0.20784314 0.21960784
v 1.50000000 -14.25000000 45.87500000 0.18823529 0.20784314 0.21960784
v 8.50000000 -14.85000038 45.62500000 0.18823529 0.20784314 0.21960784
v 8.50000000 -14.85000038 45.87500000 0.18823529 0.20784314 0.21960784
v 8.50000000 -14.25000000 45.62500000 0.18823529 0.20784314 0.21960784
v 8.50000000 -14.25000000 45.87500000 0.18823529 0.20784314 0.21960784
f 902 904 901
f 905 902 901
f 901 904 903
f 903 905 901
f 902 908 904
f 906 902 905
f 906 908 902
f 904 908 903
f 907 905 903
f 903 908 907
f 907 906 905
f 908 906 907

o roof_grille_-1_5
v 0.75000000 -14.39999962 45.04999924 0.29803922 0.06666667 0.10196078
v 0.75000000 -14.39999962 47.34999847 0.29803922 0.06666667 0.10196078
v 0.75000000 -13.19999981 45.04999924 0.29803922 0.06666667 0.10196078
v 0.75000000 -13.19999981 47.34999847 0.29803922 0.06666667 0.10196078
v 9.25000000 -14.39999962 45.04999924 0.29803922 0.06666667 0.10196078
v 9.25000000 -14.39999962 47.34999847 0.29803922 0.06666667 0.10196078
v 9.25000000 -13.19999981 45.04999924 0.29803922 0.06666667 0.10196078
v 9.25000000 -13.19999981 47.34999847 0.29803922 0.06666667 0.10196078
f 910 912 909
f 913 910 909
f 909 912 911
f 911 913 909
f 910 916 912
f 914 910 913
f 914 916 910
f 912 916 911
f 915 913 911
f 911 916 915
f 915 914 913
f 916 914 915

o roof_grille_slat_-1_-5_0.25
v -8.50000000 -14.85000038 46.32500076 0.18823529 0.20784314 0.21960784
v -8.50000000 -14.85000038 46.57500076 0.18823529 0.20784314 0.21960784
v -8.50000000 -14.25000000 46.32500076 0.18823529 0.20784314 0.21960784
v -8.50000000 -14.25000000 46.57500076 0.18823529 0.20784314 0.21960784
v -1.50000000 -14.85000038 46.32500076 0.18823529 0.20784314 0.21960784
v -1.50000000 -14.85000038 46.57500076 0.18823529 0.20784314 0.21960784
v -1.50000000 -14.25000000 46.32500076 0.18823529 0.20784314 0.21960784
v -1.50000000 -14.25000000 46.57500076 0.18823529 0.20784314 0.21960784
f 918 920 917
f 921 918 917
f 917 920 919
f 919 921 917
f 918 924 920
f 922 918 921
f 922 924 918
f 920 924 919
f 923 921 919
f 919 924 923
f 923 922 921
f 924 922 923

o roof_grille_slat_-1_-5_-0.45
v -8.50000000 -14.85000038 45.62500000 0.18823529 0.20784314 0.21960784
v -8.50000000 -14.85000038 45.87500000 0.18823529 0.20784314 0.21960784
v -8.50000000 -14.25000000 45.62500000 0.18823529 0.20784314 0.21960784
v -8.50000000 -14.25000000 45.87500000 0.18823529 0.20784314 0.21960784
v -1.50000000 -14.85000038 45.62500000 0.18823529 0.20784314 0.21960784
v -1.50000000 -14.85000038 45.87500000 0.18823529 0.20784314 0.21960784
v -1.50000000 -14.25000000 45.62500000 0.18823529 0.20784314 0.21960784
v -1.50000000 -14.25000000 45.87500000 0.18823529 0.20784314 0.21960784
f 926 928 925
f 929 926 925
f 925 928 927
f 927 929 925
f 926 932 928
f 930 926 929
f 930 932 926
f 928 932 927
f 931 929 927
f 927 932 931
f 931 930 929
f 932 930 931

o roof_grille_-1_-5
v -9.25000000 -14.39999962 45.04999924 0.29803922 0.06666667 0.10196078
v -9.25000000 -14.39999962 47.34999847 0.29803922 0.06666667 0.10196078
v -9.25000000 -13.19999981 45.04999924 0.29803922 0.06666667 0.10196078
v -9.25000000 -13.19999981 47.34999847 0.29803922 0.06666667 0.10196078
v -0.75000000 -14.39999962 45.04999924 0.29803922 0.06666667 0.10196078
v -0.75000000 -14.39999962 47.34999847 0.29803922 0.06666667 0.10196078
v -0.75000000 -13.19999981 45.04999924 0.29803922 0.06666667 0.10196078
v -0.75000000 -13.19999981 47.34999847 0.29803922 0.06666667 0.10196078
f 934 936 933
f 937 934 933
f 933 936 935
f 935 937 933
f 934 940 936
f 938 934 937
f 938 940 934
f 936 940 935
f 939 937 935
f 935 940 939
f 939 938 937
f 940 938 939

o roof_grille_slat_-1_-15_0.25
v -18.50000000 -14.85000038 46.32500076 0.18823529 0.20784314 0.21960784
v -18.50000000 -14.85000038 46.57500076 0.18823529 0.20784314 0.21960784
v -18.50000000 -14.25000000 46.32500076 0.18823529 0.20784314 0.21960784
v -18.50000000 -14.25000000 46.57500076 0.18823529 0.20784314 0.21960784
v -11.50000000 -14.85000038 46.32500076 0.18823529 0.20784314 0.21960784
v -11.50000000 -14.85000038 46.57500076 0.18823529 0.20784314 0.21960784
v -11.50000000 -14.25000000 46.32500076 0.18823529 0.20784314 0.21960784
v -11.50000000 -14.25000000 46.57500076 0.18823529 0.20784314 0.21960784
f 942 944 941
f 945 942 941
f 941 944 943
f 943 945 941
f 942 948 944
f 946 942 945
f 946 948 942
f 944 948 943
f 947 945 943
f 943 948 947
f 947 946 945
f 948 946 947

o roof_grille_slat_-1_-15_-0.45
v -18.50000000 -14.85000038 45.62500000 0.18823529 0.20784314 0.21960784
v -18.50000000 -14.85000038 45.87500000 0.18823529 0.20784314 0.21960784
v -18.50000000 -14.25000000 45.62500000 0.18823529 0.20784314 0.21960784
v -18.50000000 -14.25000000 45.87500000 0.18823529 0.20784314 0.21960784
v -11.50000000 -14.85000038 45.62500000 0.18823529 0.20784314 0.21960784
v -11.50000000 -14.85000038 45.87500000 0.18823529 0.20784314 0.21960784
v -11.50000000 -14.25000000 45.62500000 0.18823529 0.20784314 0.21960784
v -11.50000000 -14.25000000 45.87500000 0.18823529 0.20784314 0.21960784
f 950 952 949
f 953 950 949
f 949 952 951
f 951 953 949
f 950 956 952
f 954 950 953
f 954 956 950
f 952 956 951
f 955 953 951
f 951 956 955
f 955 954 953
f 956 954 955

o roof_grille_-1_-15
v -19.25000000 -14.39999962 45.04999924 0.29803922 0.06666667 0.10196078
v -19.25000000 -14.39999962 47.34999847 0.29803922 0.06666667 0.10196078
v -19.25000000 -13.19999981 45.04999924 0.29803922 0.06666667 0.10196078
v -19.25000000 -13.19999981 47.34999847 0.29803922 0.06666667 0.10196078
v -10.75000000 -14.39999962 45.04999924 0.29803922 0.06666667 0.10196078
v -10.75000000 -14.39999962 47.34999847 0.29803922 0.06666667 0.10196078
v -10.75000000 -13.19999981 45.04999924 0.29803922 0.06666667 0.10196078
v -10.75000000 -13.19999981 47.34999847 0.29803922 0.06666667 0.10196078
f 958 960 957
f 961 958 957
f 957 960 959
f 959 961 957
f 958 964 960
f 962 958 961
f 962 964 958
f 960 964 959
f 963 961 959
f 959 964 963
f 963 962 961
f 964 962 963

o roof_grille_slat_-1_-25_0.25
v -28.50000000 -14.85000038 46.32500076 0.18823529 0.20784314 0.21960784
v -28.50000000 -14.85000038 46.57500076 0.18823529 0.20784314 0.21960784
v -28.50000000 -14.25000000 46.32500076 0.18823529 0.20784314 0.21960784
v -28.50000000 -14.25000000 46.57500076 0.18823529 0.20784314 0.21960784
v -21.50000000 -14.85000038 46.32500076 0.18823529 0.20784314 0.21960784
v -21.50000000 -14.85000038 46.57500076 0.18823529 0.20784314 0.21960784
v -21.50000000 -14.25000000 46.32500076 0.18823529 0.20784314 0.21960784
v -21.50000000 -14.25000000 46.57500076 0.18823529 0.20784314 0.21960784
f 966 968 965
f 969 966 965
f 965 968 967
f 967 969 965
f 966 972 968
f 970 966 969
f 970 972 966
f 968 972 967
f 971 969 967
f 967 972 971
f 971 970 969
f 972 970 971

o roof_grille_slat_-1_-25_-0.45
v -28.50000000 -14.85000038 45.62500000 0.18823529 0.20784314 0.21960784
v -28.50000000 -14.85000038 45.87500000 0.18823529 0.20784314 0.21960784
v -28.50000000 -14.25000000 45.62500000 0.18823529 0.20784314 0.21960784
v -28.50000000 -14.25000000 45.87500000 0.18823529 0.20784314 0.21960784
v -21.50000000 -14.85000038 45.62500000 0.18823529 0.20784314 0.21960784
v -21.50000000 -14.85000038 45.87500000 0.18823529 0.20784314 0.21960784
v -21.50000000 -14.25000000 45.62500000 0.18823529 0.20784314 0.21960784
v -21.50000000 -14.25000000 45.87500000 0.18823529 0.20784314 0.21960784
f 974 976 973
f 977 974 973
f 973 976 975
f 975 977 973
f 974 980 976
f 978 974 977
f 978 980 974
f 976 980 975
f 979 977 975
f 975 980 979
f 979 978 977
f 980 978 979

o roof_grille_-1_-25
v -29.25000000 -14.39999962 45.04999924 0.29803922 0.06666667 0.10196078
v -29.25000000 -14.39999962 47.34999847 0.29803922 0.06666667 0.10196078
v -29.25000000 -13.19999981 45.04999924 0.29803922 0.06666667 0.10196078
v -29.25000000 -13.19999981 47.34999847 0.29803922 0.06666667 0.10196078
v -20.75000000 -14.39999962 45.04999924 0.29803922 0.06666667 0.10196078
v -20.75000000 -14.39999962 47.34999847 0.29803922 0.06666667 0.10196078
v -20.75000000 -13.19999981 45.04999924 0.29803922 0.06666667 0.10196078
v -20.75000000 -13.19999981 47.34999847 0.29803922 0.06666667 0.10196078
f 982 984 981
f 985 982 981
f 981 984 983
f 983 985 981
f 982 988 984
f 986 982 985
f 986 988 982
f 984 988 983
f 987 985 983
f 983 988 987
f 987 986 985
f 988 986 987

o roof_grille_slat_-1_-35_0.25
v -38.50000000 -14.85000038 46.32500076 0.18823529 0.20784314 0.21960784
v -38.50000000 -14.85000038 46.57500076 0.18823529 0.20784314 0.21960784
v -38.50000000 -14.25000000 46.32500076 0.18823529 0.20784314 0.21960784
v -38.50000000 -14.25000000 46.57500076 0.18823529 0.20784314 0.21960784
v -31.50000000 -14.85000038 46.32500076 0.18823529 0.20784314 0.21960784
v -31.50000000 -14.85000038 46.57500076 0.18823529 0.20784314 0.21960784
v -31.50000000 -14.25000000 46.32500076 0.18823529 0.20784314 0.21960784
v -31.50000000 -14.25000000 46.57500076 0.18823529 0.20784314 0.21960784
f 990 992 989
f 993 990 989
f 989 992 991
f 991 993 989
f 990 996 992
f 994 990 993
f 994 996 990
f 992 996 991
f 995 993 991
f 991 996 995
f 995 994 993
f 996 994 995

o roof_grille_slat_-1_-35_-0.45
v -38.50000000 -14.85000038 45.62500000 0.18823529 0.20784314 0.21960784
v -38.50000000 -14.85000038 45.87500000 0.18823529 0.20784314 0.21960784
v -38.50000000 -14.25000000 45.62500000 0.18823529 0.20784314 0.21960784
v -38.50000000 -14.25000000 45.87500000 0.18823529 0.20784314 0.21960784
v -31.50000000 -14.85000038 45.62500000 0.18823529 0.20784314 0.21960784
v -31.50000000 -14.85000038 45.87500000 0.18823529 0.20784314 0.21960784
v -31.50000000 -14.25000000 45.62500000 0.18823529 0.20784314 0.21960784
v -31.50000000 -14.25000000 45.87500000 0.18823529 0.20784314 0.21960784
f 998 1000 997
f 1001 998 997
f 997 1000 999
f 999 1001 997
f 998 1004 1000
f 1002 998 1001
f 1002 1004 998
f 1000 1004 999
f 1003 1001 999
f 999 1004 1003
f 1003 1002 1001
f 1004 1002 1003

o roof_grille_-1_-35
v -39.25000000 -14.39999962 45.04999924 0.29803922 0.06666667 0.10196078
v -39.25000000 -14.39999962 47.34999847 0.29803922 0.06666667 0.10196078
v -39.25000000 -13.19999981 45.04999924 0.29803922 0.06666667 0.10196078
v -39.25000000 -13.19999981 47.34999847 0.29803922 0.06666667 0.10196078
v -30.75000000 -14.39999962 45.04999924 0.29803922 0.06666667 0.10196078
v -30.75000000 -14.39999962 47.34999847 0.29803922 0.06666667 0.10196078
v -30.75000000 -13.19999981 45.04999924 0.29803922 0.06666667 0.10196078
v -30.75000000 -13.19999981 47.34999847 0.29803922 0.06666667 0.10196078
f 1006 1008 1005
f 1009 1006 1005
f 1005 1008 1007
f 1007 1009 1005
f 1006 1012 1008
f 1010 1006 1009
f 1010 1012 1006
f 1008 1012 1007
f 1011 1009 1007
f 1007 1012 1011
f 1011 1010 1009
f 1012 1010 1011

o roof_grille_slat_-1_-45_0.25
v -48.50000000 -14.85000038 46.32500076 0.18823529 0.20784314 0.21960784
v -48.50000000 -14.85000038 46.57500076 0.18823529 0.20784314 0.21960784
v -48.50000000 -14.25000000 46.32500076 0.18823529 0.20784314 0.21960784
v -48.50000000 -14.25000000 46.57500076 0.18823529 0.20784314 0.21960784
v -41.50000000 -14.85000038 46.32500076 0.18823529 0.20784314 0.21960784
v -41.50000000 -14.85000038 46.57500076 0.18823529 0.20784314 0.21960784
v -41.50000000 -14.25000000 46.32500076 0.18823529 0.20784314 0.21960784
v -41.50000000 -14.25000000 46.57500076 0.18823529 0.20784314 0.21960784
f 1014 1016 1013
f 1017 1014 1013
f 1013 1016 1015
f 1015 1017 1013
f 1014 1020 1016
f 1018 1014 1017
f 1018 1020 1014
f 1016 1020 1015
f 1019 1017 1015
f 1015 1020 1019
f 1019 1018 1017
f 1020 1018 1019

o roof_grille_slat_-1_-45_-0.45
v -48.50000000 -14.85000038 45.62500000 0.18823529 0.20784314 0.21960784
v -48.50000000 -14.85000038 45.87500000 0.18823529 0.20784314 0.21960784
v -48.50000000 -14.25000000 45.62500000 0.18823529 0.20784314 0.21960784
v -48.50000000 -14.25000000 45.87500000 0.18823529 0.20784314 0.21960784
v -41.50000000 -14.85000038 45.62500000 0.18823529 0.20784314 0.21960784
v -41.50000000 -14.85000038 45.87500000 0.18823529 0.20784314 0.21960784
v -41.50000000 -14.25000000 45.62500000 0.18823529 0.20784314 0.21960784
v -41.50000000 -14.25000000 45.87500000 0.18823529 0.20784314 0.21960784
f 1022 1024 1021
f 1025 1022 1021
f 1021 1024 1023
f 1023 1025 1021
f 1022 1028 1024
f 1026 1022 1025
f 1026 1028 1022
f 1024 1028 1023
f 1027 1025 1023
f 1023 1028 1027
f 1027 1026 1025
f 1028 1026 1027

o roof_grille_-1_-45
v -49.25000000 -14.39999962 45.04999924 0.29803922 0.06666667 0.10196078
v -49.25000000 -14.39999962 47.34999847 0.29803922 0.06666667 0.10196078
v -49.25000000 -13.19999981 45.04999924 0.29803922 0.06666667 0.10196078
v -49.25000000 -13.19999981 47.34999847 0.29803922 0.06666667 0.10196078
v -40.75000000 -14.39999962 45.04999924 0.29803922 0.06666667 0.10196078
v -40.75000000 -14.39999962 47.34999847 0.29803922 0.06666667 0.10196078
v -40.75000000 -13.19999981 45.04999924 0.29803922 0.06666667 0.10196078
v -40.75000000 -13.19999981 47.34999847 0.29803922 0.06666667 0.10196078
f 1030 1032 1029
f 1033 1030 1029
f 1029 1032 1031
f 1031 1033 1029
f 1030 1036 1032
f 1034 1030 1033
f 1034 1036 1030
f 1032 1036 1031
f 1035 1033 1031
f 1031 1036 1035
f 1035 1034 1033
f 1036 1034 1035

o roof_grille_slat_-1_-55_0.25
v -58.50000000 -14.85000038 46.32500076 0.18823529 0.20784314 0.21960784
v -58.50000000 -14.85000038 46.57500076 0.18823529 0.20784314 0.21960784
v -58.50000000 -14.25000000 46.32500076 0.18823529 0.20784314 0.21960784
v -58.50000000 -14.25000000 46.57500076 0.18823529 0.20784314 0.21960784
v -51.50000000 -14.85000038 46.32500076 0.18823529 0.20784314 0.21960784
v -51.50000000 -14.85000038 46.57500076 0.18823529 0.20784314 0.21960784
v -51.50000000 -14.25000000 46.32500076 0.18823529 0.20784314 0.21960784
v -51.50000000 -14.25000000 46.57500076 0.18823529 0.20784314 0.21960784
f 1038 1040 1037
f 1041 1038 1037
f 1037 1040 1039
f 1039 1041 1037
f 1038 1044 1040
f 1042 1038 1041
f 1042 1044 1038
f 1040 1044 1039
f 1043 1041 1039
f 1039 1044 1043
f 1043 1042 1041
f 1044 1042 1043

o roof_grille_slat_-1_-55_-0.45
v -58.50000000 -14.85000038 45.62500000 0.18823529 0.20784314 0.21960784
v -58.50000000 -14.85000038 45.87500000 0.18823529 0.20784314 0.21960784
v -58.50000000 -14.25000000 45.62500000 0.18823529 0.20784314 0.21960784
v -58.50000000 -14.25000000 45.87500000 0.18823529 0.20784314 0.21960784
v -51.50000000 -14.85000038 45.62500000 0.18823529 0.20784314 0.21960784
v -51.50000000 -14.85000038 45.87500000 0.18823529 0.20784314 0.21960784
v -51.50000000 -14.25000000 45.62500000 0.18823529 0.20784314 0.21960784
v -51.50000000 -14.25000000 45.87500000 0.18823529 0.20784314 0.21960784
f 1046 1048 1045
f 1049 1046 1045
f 1045 1048 1047
f 1047 1049 1045
f 1046 1052 1048
f 1050 1046 1049
f 1050 1052 1046
f 1048 1052 1047
f 1051 1049 1047
f 1047 1052 1051
f 1051 1050 1049
f 1052 1050 1051

o roof_grille_-1_-55
v -59.25000000 -14.39999962 45.04999924 0.29803922 0.06666667 0.10196078
v -59.25000000 -14.39999962 47.34999847 0.29803922 0.06666667 0.10196078
v -59.25000000 -13.19999981 45.04999924 0.29803922 0.06666667 0.10196078
v -59.25000000 -13.19999981 47.34999847 0.29803922 0.06666667 0.10196078
v -50.75000000 -14.39999962 45.04999924 0.29803922 0.06666667 0.10196078
v -50.75000000 -14.39999962 47.34999847 0.29803922 0.06666667 0.10196078
v -50.75000000 -13.19999981 45.04999924 0.29803922 0.06666667 0.10196078
v -50.75000000 -13.19999981 47.34999847 0.29803922 0.06666667 0.10196078
f 1054 1056 1053
f 1057 1054 1053
f 1053 1056 1055
f 1055 1057 1053
f 1054 1060 1056
f 1058 1054 1057
f 1058 1060 1054
f 1056 1060 1055
f 1059 1057 1055
f 1055 1060 1059
f 1059 1058 1057
f 1060 1058 1059

o roof_grille_slat_-1_-65_0.25
v -68.50000000 -14.85000038 46.32500076 0.18823529 0.20784314 0.21960784
v -68.50000000 -14.85000038 46.57500076 0.18823529 0.20784314 0.21960784
v -68.50000000 -14.25000000 46.32500076 0.18823529 0.20784314 0.21960784
v -68.50000000 -14.25000000 46.57500076 0.18823529 0.20784314 0.21960784
v -61.50000000 -14.85000038 46.32500076 0.18823529 0.20784314 0.21960784
v -61.50000000 -14.85000038 46.57500076 0.18823529 0.20784314 0.21960784
v -61.50000000 -14.25000000 46.32500076 0.18823529 0.20784314 0.21960784
v -61.50000000 -14.25000000 46.57500076 0.18823529 0.20784314 0.21960784
f 1062 1064 1061
f 1065 1062 1061
f 1061 1064 1063
f 1063 1065 1061
f 1062 1068 1064
f 1066 1062 1065
f 1066 1068 1062
f 1064 1068 1063
f 1067 1065 1063
f 1063 1068 1067
f 1067 1066 1065
f 1068 1066 1067

o roof_grille_slat_-1_-65_-0.45
v -68.50000000 -14.85000038 45.62500000 0.18823529 0.20784314 0.21960784
v -68.50000000 -14.85000038 45.87500000 0.18823529 0.20784314 0.21960784
v -68.50000000 -14.25000000 45.62500000 0.18823529 0.20784314 0.21960784
v -68.50000000 -14.25000000 45.87500000 0.18823529 0.20784314 0.21960784
v -61.50000000 -14.85000038 45.62500000 0.18823529 0.20784314 0.21960784
v -61.50000000 -14.85000038 45.87500000 0.18823529 0.20784314 0.21960784
v -61.50000000 -14.25000000 45.62500000 0.18823529 0.20784314 0.21960784
v -61.50000000 -14.25000000 45.87500000 0.18823529 0.20784314 0.21960784
f 1070 1072 1069
f 1073 1070 1069
f 1069 1072 1071
f 1071 1073 1069
f 1070 1076 1072
f 1074 1070 1073
f 1074 1076 1070
f 1072 1076 1071
f 1075 1073 1071
f 1071 1076 1075
f 1075 1074 1073
f 1076 1074 1075

o roof_grille_-1_-65
v -69.25000000 -14.39999962 45.04999924 0.29803922 0.06666667 0.10196078
v -69.25000000 -14.39999962 47.34999847 0.29803922 0.06666667 0.10196078
v -69.25000000 -13.19999981 45.04999924 0.29803922 0.06666667 0.10196078
v -69.25000000 -13.19999981 47.34999847 0.29803922 0.06666667 0.10196078
v -60.75000000 -14.39999962 45.04999924 0.29803922 0.06666667 0.10196078
v -60.75000000 -14.39999962 47.34999847 0.29803922 0.06666667 0.10196078
v -60.75000000 -13.19999981 45.04999924 0.29803922 0.06666667 0.10196078
v -60.75000000 -13.19999981 47.34999847 0.29803922 0.06666667 0.10196078
f 1078 1080 1077
f 1081 1078 1077
f 1077 1080 1079
f 1079 1081 1077
f 1078 1084 1080
f 1082 1078 1081
f 1082 1084 1078
f 1080 1084 1079
f 1083 1081 1079
f 1079 1084 1083
f 1083 1082 1081
f 1084 1082 1083

o suspension_59_12
v 68.00000000 -13.00000000 10.50000000 0.36862745 0.39607843 0.40392157
v 68.00000000 -13.00000000 13.50000000 0.36862745 0.39607843 0.40392157
v 68.00000000 13.00000000 10.50000000 0.36862745 0.39607843 0.40392157
v 68.00000000 13.00000000 13.50000000 0.36862745 0.39607843 0.40392157
v 74.00000000 -13.00000000 10.50000000 0.36862745 0.39607843 0.40392157
v 74.00000000 -13.00000000 13.50000000 0.36862745 0.39607843 0.40392157
v 74.00000000 13.00000000 10.50000000 0.36862745 0.39607843 0.40392157
v 74.00000000 13.00000000 13.50000000 0.36862745 0.39607843 0.40392157
f 1086 1088 1085
f 1089 1086 1085
f 1085 1088 1087
f 1087 1089 1085
f 1086 1092 1088
f 1090 1086 1089
f 1090 1092 1086
f 1088 1092 1087
f 1091 1089 1087
f 1087 1092 1091
f 1091 1090 1089
f 1092 1090 1091

o suspension_59_-12
v 44.00000000 -13.00000000 10.50000000 0.36862745 0.39607843 0.40392157
v 44.00000000 -13.00000000 13.50000000 0.36862745 0.39607843 0.40392157
v 44.00000000 13.00000000 10.50000000 0.36862745 0.39607843 0.40392157
v 44.00000000 13.00000000 13.50000000 0.36862745 0.39607843 0.40392157
v 50.00000000 -13.00000000 10.50000000 0.36862745 0.39607843 0.40392157
v 50.00000000 -13.00000000 13.50000000 0.36862745 0.39607843 0.40392157
v 50.00000000 13.00000000 10.50000000 0.36862745 0.39607843 0.40392157
v 50.00000000 13.00000000 13.50000000 0.36862745 0.39607843 0.40392157
f 1094 1096 1093
f 1097 1094 1093
f 1093 1096 1095
f 1095 1097 1093
f 1094 1100 1096
f 1098 1094 1097
f 1098 1100 1094
f 1096 1100 1095
f 1099 1097 1095
f 1095 1100 1099
f 1099 1098 1097
f 1100 1098 1099

o bogie_detail_76_1_10.5
v 74.00000000 17.00000000 9.89999962 0.65882353 0.67843137 0.67450980
v 74.00000000 17.00000000 11.10000038 0.65882353 0.67843137 0.67450980
v 74.00000000 18.20000076 9.89999962 0.65882353 0.67843137 0.67450980
v 74.00000000 18.20000076 11.10000038 0.65882353 0.67843137 0.67450980
v 78.00000000 17.00000000 9.89999962 0.65882353 0.67843137 0.67450980
v 78.00000000 17.00000000 11.10000038 0.65882353 0.67843137 0.67450980
v 78.00000000 18.20000076 9.89999962 0.65882353 0.67843137 0.67450980
v 78.00000000 18.20000076 11.10000038 0.65882353 0.67843137 0.67450980
f 1102 1104 1101
f 1105 1102 1101
f 1101 1104 1103
f 1103 1105 1101
f 1102 1108 1104
f 1106 1102 1105
f 1106 1108 1102
f 1104 1108 1103
f 1107 1105 1103
f 1103 1108 1107
f 1107 1106 1105
f 1108 1106 1107

o bogie_detail_76_1_8.5
v 74.00000000 17.00000000 7.90000010 0.65882353 0.67843137 0.67450980
v 74.00000000 17.00000000 9.10000038 0.65882353 0.67843137 0.67450980
v 74.00000000 18.20000076 7.90000010 0.65882353 0.67843137 0.67450980
v 74.00000000 18.20000076 9.10000038 0.65882353 0.67843137 0.67450980
v 78.00000000 17.00000000 7.90000010 0.65882353 0.67843137 0.67450980
v 78.00000000 17.00000000 9.10000038 0.65882353 0.67843137 0.67450980
v 78.00000000 18.20000076 7.90000010 0.65882353 0.67843137 0.67450980
v 78.00000000 18.20000076 9.10000038 0.65882353 0.67843137 0.67450980
f 1110 1112 1109
f 1113 1110 1109
f 1109 1112 1111
f 1111 1113 1109
f 1110 1116 1112
f 1114 1110 1113
f 1114 1116 1110
f 1112 1116 1111
f 1115 1113 1111
f 1111 1116 1115
f 1115 1114 1113
f 1116 1114 1115

o hub_inner_76_1
v 76.00000000 15.30000019 6.40000010 0.18823529 0.20784314 0.21960784
v 76.00000000 15.30000019 5.30000019 0.18823529 0.20784314 0.21960784
v 76.00000000 19.10000038 5.30000019 0.18823529 0.20784314 0.21960784
v 76.00000000 19.10000038 6.40000010 0.18823529 0.20784314 0.21960784
v 75.66007996 15.30000019 5.35383797 0.18823529 0.20784314 0.21960784
v 75.66007996 19.10000038 5.35383797 0.18823529 0.20784314 0.21960784
v 75.35343933 15.30000019 5.51008129 0.18823529 0.20784314 0.21960784
v 75.35343933 19.10000038 5.51008129 0.18823529 0.20784314 0.21960784
v 75.11008453 15.30000019 5.75343609 0.18823529 0.20784314 0.21960784
v 75.11008453 19.10000038 5.75343609 0.18823529 0.20784314 0.21960784
v 74.95383453 15.30000019 6.06008148 0.18823529 0.20784314 0.21960784
v 74.95383453 19.10000038 6.06008148 0.18823529 0.20784314 0.21960784
v 74.90000153 15.30000019 6.40000010 0.18823529 0.20784314 0.21960784
v 74.90000153 19.10000038 6.40000010 0.18823529 0.20784314 0.21960784
v 74.95383453 15.30000019 6.73991871 0.18823529 0.20784314 0.21960784
v 74.95383453 19.10000038 6.73991871 0.18823529 0.20784314 0.21960784
v 75.11008453 15.30000019 7.04656363 0.18823529 0.20784314 0.21960784
v 75.11008453 19.10000038 7.04656363 0.18823529 0.20784314 0.21960784
v 75.35343933 15.30000019 7.28991890 0.18823529 0.20784314 0.21960784
v 75.35343933 19.10000038 7.28991890 0.18823529 0.20784314 0.21960784
v 75.66007996 15.30000019 7.44616222 0.18823529 0.20784314 0.21960784
v 75.66007996 19.10000038 7.44616222 0.18823529 0.20784314 0.21960784
v 76.00000000 15.30000019 7.50000000 0.18823529 0.20784314 0.21960784
v 76.00000000 19.10000038 7.50000000 0.18823529 0.20784314 0.21960784
v 76.33992004 15.30000019 7.44616222 0.18823529 0.20784314 0.21960784
v 76.33992004 19.10000038 7.44616222 0.18823529 0.20784314 0.21960784
v 76.64656067 15.30000019 7.28991890 0.18823529 0.20784314 0.21960784
v 76.64656067 19.10000038 7.28991890 0.18823529 0.20784314 0.21960784
v 76.88991547 15.30000019 7.04656363 0.18823529 0.20784314 0.21960784
v 76.88991547 19.10000038 7.04656363 0.18823529 0.20784314 0.21960784
v 77.04616547 15.30000019 6.73991871 0.18823529 0.20784314 0.21960784
v 77.04616547 19.10000038 6.73991871 0.18823529 0.20784314 0.21960784
v 77.09999847 15.30000019 6.40000010 0.18823529 0.20784314 0.21960784
v 77.09999847 19.10000038 6.40000010 0.18823529 0.20784314 0.21960784
v 77.04616547 15.30000019 6.06008148 0.18823529 0.20784314 0.21960784
v 77.04616547 19.10000038 6.06008148 0.18823529 0.20784314 0.21960784
v 76.88991547 15.30000019 5.75343609 0.18823529 0.20784314 0.21960784
v 76.88991547 19.10000038 5.75343609 0.18823529 0.20784314 0.21960784
v 76.64656067 15.30000019 5.51008129 0.18823529 0.20784314 0.21960784
v 76.64656067 19.10000038 5.51008129 0.18823529 0.20784314 0.21960784
v 76.33992004 15.30000019 5.35383797 0.18823529 0.20784314 0.21960784
v 76.33992004 19.10000038 5.35383797 0.18823529 0.20784314 0.21960784
f 1118 1117 1121
f 1118 1121 1119
f 1119 1121 1122
f 1119 1122 1120
f 1121 1117 1123
f 1121 1123 1122
f 1122 1123 1124
f 1122 1124 1120
f 1123 1117 1125
f 1123 1125 1124
f 1124 1125 1126
f 1124 1126 1120
f 1125 1117 1127
f 1125 1127 1126
f 1126 1127 1128
f 1126 1128 1120
f 1127 1117 1129
f 1127 1129 1128
f 1128 1129 1130
f 1128 1130 1120
f 1129 1117 1131
f 1129 1131 1130
f 1130 1131 1132
f 1130 1132 1120
f 1131 1117 1133
f 1131 1133 1132
f 1132 1133 1134
f 1132 1134 1120
f 1133 1117 1135
f 1133 1135 1134
f 1134 1135 1136
f 1134 1136 1120
f 1135 1117 1137
f 1135 1137 1136
f 1136 1137 1138
f 1136 1138 1120
f 1137 1117 1139
f 1137 1139 1138
f 1138 1139 1140
f 1138 1140 1120
f 1139 1117 1141
f 1139 1141 1140
f 1140 1141 1142
f 1140 1142 1120
f 1141 1117 1143
f 1141 1143 1142
f 1142 1143 1144
f 1142 1144 1120
f 1143 1117 1145
f 1143 1145 1144
f 1144 1145 1146
f 1144 1146 1120
f 1145 1117 1147
f 1145 1147 1146
f 1146 1147 1148
f 1146 1148 1120
f 1147 1117 1149
f 1147 1149 1148
f 1148 1149 1150
f 1148 1150 1120
f 1149 1117 1151
f 1149 1151 1150
f 1150 1151 1152
f 1150 1152 1120
f 1151 1117 1153
f 1151 1153 1152
f 1152 1153 1154
f 1152 1154 1120
f 1153 1117 1155
f 1153 1155 1154
f 1154 1155 1156
f 1154 1156 1120
f 1155 1117 1157
f 1155 1157 1156
f 1156 1157 1158
f 1156 1158 1120
f 1157 1117 1118
f 1157 1118 1158
f 1158 1118 1119
f 1158 1119 1120

o wheel_hub_76_1
v 76.00000000 15.44999981 6.40000010 0.65882353 0.67843137 0.67450980
v 76.00000000 15.44999981 3.79999995 0.65882353 0.67843137 0.67450980
v 76.00000000 18.95000076 3.79999995 0.65882353 0.67843137 0.67450980
v 76.00000000 18.95000076 6.40000010 0.65882353 0.67843137 0.67450980
v 75.32707214 15.44999981 3.88859296 0.65882353 0.67843137 0.67450980
v 75.32707214 18.95000076 3.88859296 0.65882353 0.67843137 0.67450980
v 74.69999695 15.44999981 4.14833403 0.65882353 0.67843137 0.67450980
v 74.69999695 18.95000076 4.14833403 0.65882353 0.67843137 0.67450980
v 74.16152191 15.44999981 4.56152248 0.65882353 0.67843137 0.67450980
v 74.16152191 18.95000076 4.56152248 0.65882353 0.67843137 0.67450980
v 73.74833679 15.44999981 5.09999990 0.65882353 0.67843137 0.67450980
v 73.74833679 18.95000076 5.09999990 0.65882353 0.67843137 0.67450980
v 73.48859406 15.44999981 5.72707033 0.65882353 0.67843137 0.67450980
v 73.48859406 18.95000076 5.72707033 0.65882353 0.67843137 0.67450980
v 73.40000153 15.44999981 6.40000010 0.65882353 0.67843137 0.67450980
v 73.40000153 18.95000076 6.40000010 0.65882353 0.67843137 0.67450980
v 73.48859406 15.44999981 7.07292938 0.65882353 0.67843137 0.67450980
v 73.48859406 18.95000076 7.07292938 0.65882353 0.67843137 0.67450980
v 73.74833679 15.44999981 7.69999981 0.65882353 0.67843137 0.67450980
v 73.74833679 18.95000076 7.69999981 0.65882353 0.67843137 0.67450980
v 74.16152191 15.44999981 8.23847771 0.65882353 0.67843137 0.67450980
v 74.16152191 18.95000076 8.23847771 0.65882353 0.67843137 0.67450980
v 74.69999695 15.44999981 8.65166569 0.65882353 0.67843137 0.67450980
v 74.69999695 18.95000076 8.65166569 0.65882353 0.67843137 0.67450980
v 75.32707214 15.44999981 8.91140747 0.65882353 0.67843137 0.67450980
v 75.32707214 18.95000076 8.91140747 0.65882353 0.67843137 0.67450980
v 76.00000000 15.44999981 9.00000000 0.65882353 0.67843137 0.67450980
v 76.00000000 18.95000076 9.00000000 0.65882353 0.67843137 0.67450980
v 76.67292786 15.44999981 8.91140747 0.65882353 0.67843137 0.67450980
v 76.67292786 18.95000076 8.91140747 0.65882353 0.67843137 0.67450980
v 77.30000305 15.44999981 8.65166569 0.65882353 0.67843137 0.67450980
v 77.30000305 18.95000076 8.65166569 0.65882353 0.67843137 0.67450980
v 77.83847809 15.44999981 8.23847771 0.65882353 0.67843137 0.67450980
v 77.83847809 18.95000076 8.23847771 0.65882353 0.67843137 0.67450980
v 78.25166321 15.44999981 7.69999981 0.65882353 0.67843137 0.67450980
v 78.25166321 18.95000076 7.69999981 0.65882353 0.67843137 0.67450980
v 78.51140594 15.44999981 7.07292938 0.65882353 0.67843137 0.67450980
v 78.51140594 18.95000076 7.07292938 0.65882353 0.67843137 0.67450980
v 78.59999847 15.44999981 6.40000010 0.65882353 0.67843137 0.67450980
v 78.59999847 18.95000076 6.40000010 0.65882353 0.67843137 0.67450980
v 78.51140594 15.44999981 5.72707033 0.65882353 0.67843137 0.67450980
v 78.51140594 18.95000076 5.72707033 0.65882353 0.67843137 0.67450980
v 78.25166321 15.44999981 5.09999990 0.65882353 0.67843137 0.67450980
v 78.25166321 18.95000076 5.09999990 0.65882353 0.67843137 0.67450980
v 77.83847809 15.44999981 4.56152248 0.65882353 0.67843137 0.67450980
v 77.83847809 18.95000076 4.56152248 0.65882353 0.67843137 0.67450980
v 77.30000305 15.44999981 4.14833403 0.65882353 0.67843137 0.67450980
v 77.30000305 18.95000076 4.14833403 0.65882353 0.67843137 0.67450980
v 76.67292786 15.44999981 3.88859296 0.65882353 0.67843137 0.67450980
v 76.67292786 18.95000076 3.88859296 0.65882353 0.67843137 0.67450980
f 1160 1159 1163
f 1160 1163 1161
f 1161 1163 1164
f 1161 1164 1162
f 1163 1159 1165
f 1163 1165 1164
f 1164 1165 1166
f 1164 1166 1162
f 1165 1159 1167
f 1165 1167 1166
f 1166 1167 1168
f 1166 1168 1162
f 1167 1159 1169
f 1167 1169 1168
f 1168 1169 1170
f 1168 1170 1162
f 1169 1159 1171
f 1169 1171 1170
f 1170 1171 1172
f 1170 1172 1162
f 1171 1159 1173
f 1171 1173 1172
f 1172 1173 1174
f 1172 1174 1162
f 1173 1159 1175
f 1173 1175 1174
f 1174 1175 1176
f 1174 1176 1162
f 1175 1159 1177
f 1175 1177 1176
f 1176 1177 1178
f 1176 1178 1162
f 1177 1159 1179
f 1177 1179 1178
f 1178 1179 1180
f 1178 1180 1162
f 1179 1159 1181
f 1179 1181 1180
f 1180 1181 1182
f 1180 1182 1162
f 1181 1159 1183
f 1181 1183 1182
f 1182 1183 1184
f 1182 1184 1162
f 1183 1159 1185
f 1183 1185 1184
f 1184 1185 1186
f 1184 1186 1162
f 1185 1159 1187
f 1185 1187 1186
f 1186 1187 1188
f 1186 1188 1162
f 1187 1159 1189
f 1187 1189 1188
f 1188 1189 1190
f 1188 1190 1162
f 1189 1159 1191
f 1189 1191 1190
f 1190 1191 1192
f 1190 1192 1162
f 1191 1159 1193
f 1191 1193 1192
f 1192 1193 1194
f 1192 1194 1162
f 1193 1159 1195
f 1193 1195 1194
f 1194 1195 1196
f 1194 1196 1162
f 1195 1159 1197
f 1195 1197 1196
f 1196 1197 1198
f 1196 1198 1162
f 1197 1159 1199
f 1197 1199 1198
f 1198 1199 1200
f 1198 1200 1162
f 1199 1159 1201
f 1199 1201 1200
f 1200 1201 1202
f 1200 1202 1162
f 1201 1159 1203
f 1201 1203 1202
f 1202 1203 1204
f 1202 1204 1162
f 1203 1159 1205
f 1203 1205 1204
f 1204 1205 1206
f 1204 1206 1162
f 1205 1159 1207
f 1205 1207 1206
f 1206 1207 1208
f 1206 1208 1162
f 1207 1159 1160
f 1207 1160 1208
f 1208 1160 1161
f 1208 1161 1162

o wheel_76_1
v 76.00000000 15.60000038 6.40000010 0.08627451 0.09411765 0.09803922
v 76.00000000 15.60000038 0.10000000 0.08627451 0.09411765 0.09803922
v 76.00000000 18.79999924 0.10000000 0.08627451 0.09411765 0.09803922
v 76.00000000 18.79999924 6.40000010 0.08627451 0.09411765 0.09803922
v 74.77092743 15.60000038 0.22105274 0.08627451 0.09411765 0.09803922
v 74.77092743 18.79999924 0.22105274 0.08627451 0.09411765 0.09803922
v 73.58909607 15.60000038 0.57955897 0.08627451 0.09411765 0.09803922
v 73.58909607 18.79999924 0.57955897 0.08627451 0.09411765 0.09803922
v 72.49990845 15.60000038 1.16174150 0.08627451 0.09411765 0.09803922
v 72.49990845 18.79999924 1.16174150 0.08627451 0.09411765 0.09803922
v 71.54522705 15.60000038 1.94522727 0.08627451 0.09411765 0.09803922
v 71.54522705 18.79999924 1.94522727 0.08627451 0.09411765 0.09803922
v 70.76174164 15.60000038 2.89990759 0.08627451 0.09411765 0.09803922
v 70.76174164 18.79999924 2.89990759 0.08627451 0.09411765 0.09803922
v 70.17955780 15.60000038 3.98909426 0.08627451 0.09411765 0.09803922
v 70.17955780 18.79999924 3.98909426 0.08627451 0.09411765 0.09803922
v 69.82105255 15.60000038 5.17093086 0.08627451 0.09411765 0.09803922
v 69.82105255 18.79999924 5.17093086 0.08627451 0.09411765 0.09803922
v 69.69999695 15.60000038 6.40000010 0.08627451 0.09411765 0.09803922
v 69.69999695 18.79999924 6.40000010 0.08627451 0.09411765 0.09803922
v 69.82105255 15.60000038 7.62906885 0.08627451 0.09411765 0.09803922
v 69.82105255 18.79999924 7.62906885 0.08627451 0.09411765 0.09803922
v 70.17955780 15.60000038 8.81090546 0.08627451 0.09411765 0.09803922
v 70.17955780 18.79999924 8.81090546 0.08627451 0.09411765 0.09803922
v 70.76174164 15.60000038 9.90009212 0.08627451 0.09411765 0.09803922
v 70.76174164 18.79999924 9.90009212 0.08627451 0.09411765 0.09803922
v 71.54522705 15.60000038 10.85477257 0.08627451 0.09411765 0.09803922
v 71.54522705 18.79999924 10.85477257 0.08627451 0.09411765 0.09803922
v 72.49990845 15.60000038 11.63825893 0.08627451 0.09411765 0.09803922
v 72.49990845 18.79999924 11.63825893 0.08627451 0.09411765 0.09803922
v 73.58909607 15.60000038 12.22044086 0.08627451 0.09411765 0.09803922
v 73.58909607 18.79999924 12.22044086 0.08627451 0.09411765 0.09803922
v 74.77092743 15.60000038 12.57894707 0.08627451 0.09411765 0.09803922
v 74.77092743 18.79999924 12.57894707 0.08627451 0.09411765 0.09803922
v 76.00000000 15.60000038 12.69999981 0.08627451 0.09411765 0.09803922
v 76.00000000 18.79999924 12.69999981 0.08627451 0.09411765 0.09803922
v 77.22907257 15.60000038 12.57894707 0.08627451 0.09411765 0.09803922
v 77.22907257 18.79999924 12.57894707 0.08627451 0.09411765 0.09803922
v 78.41090393 15.60000038 12.22044086 0.08627451 0.09411765 0.09803922
v 78.41090393 18.79999924 12.22044086 0.08627451 0.09411765 0.09803922
v 79.50009155 15.60000038 11.63825893 0.08627451 0.09411765 0.09803922
v 79.50009155 18.79999924 11.63825893 0.08627451 0.09411765 0.09803922
v 80.45477295 15.60000038 10.85477257 0.08627451 0.09411765 0.09803922
v 80.45477295 18.79999924 10.85477257 0.08627451 0.09411765 0.09803922
v 81.23825836 15.60000038 9.90009212 0.08627451 0.09411765 0.09803922
v 81.23825836 18.79999924 9.90009212 0.08627451 0.09411765 0.09803922
v 81.82044220 15.60000038 8.81090546 0.08627451 0.09411765 0.09803922
v 81.82044220 18.79999924 8.81090546 0.08627451 0.09411765 0.09803922
v 82.17894745 15.60000038 7.62906885 0.08627451 0.09411765 0.09803922
v 82.17894745 18.79999924 7.62906885 0.08627451 0.09411765 0.09803922
v 82.30000305 15.60000038 6.40000010 0.08627451 0.09411765 0.09803922
v 82.30000305 18.79999924 6.40000010 0.08627451 0.09411765 0.09803922
v 82.17894745 15.60000038 5.17093086 0.08627451 0.09411765 0.09803922
v 82.17894745 18.79999924 5.17093086 0.08627451 0.09411765 0.09803922
v 81.82044220 15.60000038 3.98909426 0.08627451 0.09411765 0.09803922
v 81.82044220 18.79999924 3.98909426 0.08627451 0.09411765 0.09803922
v 81.23825836 15.60000038 2.89990759 0.08627451 0.09411765 0.09803922
v 81.23825836 18.79999924 2.89990759 0.08627451 0.09411765 0.09803922
v 80.45477295 15.60000038 1.94522727 0.08627451 0.09411765 0.09803922
v 80.45477295 18.79999924 1.94522727 0.08627451 0.09411765 0.09803922
v 79.50009155 15.60000038 1.16174150 0.08627451 0.09411765 0.09803922
v 79.50009155 18.79999924 1.16174150 0.08627451 0.09411765 0.09803922
v 78.41090393 15.60000038 0.57955897 0.08627451 0.09411765 0.09803922
v 78.41090393 18.79999924 0.57955897 0.08627451 0.09411765 0.09803922
v 77.22907257 15.60000038 0.22105274 0.08627451 0.09411765 0.09803922
v 77.22907257 18.79999924 0.22105274 0.08627451 0.09411765 0.09803922
f 1210 1209 1213
f 1210 1213 1211
f 1211 1213 1214
f 1211 1214 1212
f 1213 1209 1215
f 1213 1215 1214
f 1214 1215 1216
f 1214 1216 1212
f 1215 1209 1217
f 1215 1217 1216
f 1216 1217 1218
f 1216 1218 1212
f 1217 1209 1219
f 1217 1219 1218
f 1218 1219 1220
f 1218 1220 1212
f 1219 1209 1221
f 1219 1221 1220
f 1220 1221 1222
f 1220 1222 1212
f 1221 1209 1223
f 1221 1223 1222
f 1222 1223 1224
f 1222 1224 1212
f 1223 1209 1225
f 1223 1225 1224
f 1224 1225 1226
f 1224 1226 1212
f 1225 1209 1227
f 1225 1227 1226
f 1226 1227 1228
f 1226 1228 1212
f 1227 1209 1229
f 1227 1229 1228
f 1228 1229 1230
f 1228 1230 1212
f 1229 1209 1231
f 1229 1231 1230
f 1230 1231 1232
f 1230 1232 1212
f 1231 1209 1233
f 1231 1233 1232
f 1232 1233 1234
f 1232 1234 1212
f 1233 1209 1235
f 1233 1235 1234
f 1234 1235 1236
f 1234 1236 1212
f 1235 1209 1237
f 1235 1237 1236
f 1236 1237 1238
f 1236 1238 1212
f 1237 1209 1239
f 1237 1239 1238
f 1238 1239 1240
f 1238 1240 1212
f 1239 1209 1241
f 1239 1241 1240
f 1240 1241 1242
f 1240 1242 1212
f 1241 1209 1243
f 1241 1243 1242
f 1242 1243 1244
f 1242 1244 1212
f 1243 1209 1245
f 1243 1245 1244
f 1244 1245 1246
f 1244 1246 1212
f 1245 1209 1247
f 1245 1247 1246
f 1246 1247 1248
f 1246 1248 1212
f 1247 1209 1249
f 1247 1249 1248
f 1248 1249 1250
f 1248 1250 1212
f 1249 1209 1251
f 1249 1251 1250
f 1250 1251 1252
f 1250 1252 1212
f 1251 1209 1253
f 1251 1253 1252
f 1252 1253 1254
f 1252 1254 1212
f 1253 1209 1255
f 1253 1255 1254
f 1254 1255 1256
f 1254 1256 1212
f 1255 1209 1257
f 1255 1257 1256
f 1256 1257 1258
f 1256 1258 1212
f 1257 1209 1259
f 1257 1259 1258
f 1258 1259 1260
f 1258 1260 1212
f 1259 1209 1261
f 1259 1261 1260
f 1260 1261 1262
f 1260 1262 1212
f 1261 1209 1263
f 1261 1263 1262
f 1262 1263 1264
f 1262 1264 1212
f 1263 1209 1265
f 1263 1265 1264
f 1264 1265 1266
f 1264 1266 1212
f 1265 1209 1267
f 1265 1267 1266
f 1266 1267 1268
f 1266 1268 1212
f 1267 1209 1269
f 1267 1269 1268
f 1268 1269 1270
f 1268 1270 1212
f 1269 1209 1271
f 1269 1271 1270
f 1270 1271 1272
f 1270 1272 1212
f 1271 1209 1273
f 1271 1273 1272
f 1272 1273 1274
f 1272 1274 1212
f 1273 1209 1210
f 1273 1210 1274
f 1274 1210 1211
f 1274 1211 1212

o bogie_detail_76_-1_10.5
v 74.00000000 -18.20000076 9.89999962 0.65882353 0.67843137 0.67450980
v 74.00000000 -18.20000076 11.10000038 0.65882353 0.67843137 0.67450980
v 74.00000000 -17.00000000 9.89999962 0.65882353 0.67843137 0.67450980
v 74.00000000 -17.00000000 11.10000038 0.65882353 0.67843137 0.67450980
v 78.00000000 -18.20000076 9.89999962 0.65882353 0.67843137 0.67450980
v 78.00000000 -18.20000076 11.10000038 0.65882353 0.67843137 0.67450980
v 78.00000000 -17.00000000 9.89999962 0.65882353 0.67843137 0.67450980
v 78.00000000 -17.00000000 11.10000038 0.65882353 0.67843137 0.67450980
f 1276 1278 1275
f 1279 1276 1275
f 1275 1278 1277
f 1277 1279 1275
f 1276 1282 1278
f 1280 1276 1279
f 1280 1282 1276
f 1278 1282 1277
f 1281 1279 1277
f 1277 1282 1281
f 1281 1280 1279
f 1282 1280 1281

o bogie_detail_76_-1_8.5
v 74.00000000 -18.20000076 7.90000010 0.65882353 0.67843137 0.67450980
v 74.00000000 -18.20000076 9.10000038 0.65882353 0.67843137 0.67450980
v 74.00000000 -17.00000000 7.90000010 0.65882353 0.67843137 0.67450980
v 74.00000000 -17.00000000 9.10000038 0.65882353 0.67843137 0.67450980
v 78.00000000 -18.20000076 7.90000010 0.65882353 0.67843137 0.67450980
v 78.00000000 -18.20000076 9.10000038 0.65882353 0.67843137 0.67450980
v 78.00000000 -17.00000000 7.90000010 0.65882353 0.67843137 0.67450980
v 78.00000000 -17.00000000 9.10000038 0.65882353 0.67843137 0.67450980
f 1284 1286 1283
f 1287 1284 1283
f 1283 1286 1285
f 1285 1287 1283
f 1284 1290 1286
f 1288 1284 1287
f 1288 1290 1284
f 1286 1290 1285
f 1289 1287 1285
f 1285 1290 1289
f 1289 1288 1287
f 1290 1288 1289

o hub_inner_76_-1
v 76.00000000 -19.10000038 6.40000010 0.18823529 0.20784314 0.21960784
v 76.00000000 -19.10000038 5.30000019 0.18823529 0.20784314 0.21960784
v 76.00000000 -15.30000019 5.30000019 0.18823529 0.20784314 0.21960784
v 76.00000000 -15.30000019 6.40000010 0.18823529 0.20784314 0.21960784
v 75.66007996 -19.10000038 5.35383797 0.18823529 0.20784314 0.21960784
v 75.66007996 -15.30000019 5.35383797 0.18823529 0.20784314 0.21960784
v 75.35343933 -19.10000038 5.51008129 0.18823529 0.20784314 0.21960784
v 75.35343933 -15.30000019 5.51008129 0.18823529 0.20784314 0.21960784
v 75.11008453 -19.10000038 5.75343609 0.18823529 0.20784314 0.21960784
v 75.11008453 -15.30000019 5.75343609 0.18823529 0.20784314 0.21960784
v 74.95383453 -19.10000038 6.06008148 0.18823529 0.20784314 0.21960784
v 74.95383453 -15.30000019 6.06008148 0.18823529 0.20784314 0.21960784
v 74.90000153 -19.10000038 6.40000010 0.18823529 0.20784314 0.21960784
v 74.90000153 -15.30000019 6.40000010 0.18823529 0.20784314 0.21960784
v 74.95383453 -19.10000038 6.73991871 0.18823529 0.20784314 0.21960784
v 74.95383453 -15.30000019 6.73991871 0.18823529 0.20784314 0.21960784
v 75.11008453 -19.10000038 7.04656363 0.18823529 0.20784314 0.21960784
v 75.11008453 -15.30000019 7.04656363 0.18823529 0.20784314 0.21960784
v 75.35343933 -19.10000038 7.28991890 0.18823529 0.20784314 0.21960784
v 75.35343933 -15.30000019 7.28991890 0.18823529 0.20784314 0.21960784
v 75.66007996 -19.10000038 7.44616222 0.18823529 0.20784314 0.21960784
v 75.66007996 -15.30000019 7.44616222 0.18823529 0.20784314 0.21960784
v 76.00000000 -19.10000038 7.50000000 0.18823529 0.20784314 0.21960784
v 76.00000000 -15.30000019 7.50000000 0.18823529 0.20784314 0.21960784
v 76.33992004 -19.10000038 7.44616222 0.18823529 0.20784314 0.21960784
v 76.33992004 -15.30000019 7.44616222 0.18823529 0.20784314 0.21960784
v 76.64656067 -19.10000038 7.28991890 0.18823529 0.20784314 0.21960784
v 76.64656067 -15.30000019 7.28991890 0.18823529 0.20784314 0.21960784
v 76.88991547 -19.10000038 7.04656363 0.18823529 0.20784314 0.21960784
v 76.88991547 -15.30000019 7.04656363 0.18823529 0.20784314 0.21960784
v 77.04616547 -19.10000038 6.73991871 0.18823529 0.20784314 0.21960784
v 77.04616547 -15.30000019 6.73991871 0.18823529 0.20784314 0.21960784
v 77.09999847 -19.10000038 6.40000010 0.18823529 0.20784314 0.21960784
v 77.09999847 -15.30000019 6.40000010 0.18823529 0.20784314 0.21960784
v 77.04616547 -19.10000038 6.06008148 0.18823529 0.20784314 0.21960784
v 77.04616547 -15.30000019 6.06008148 0.18823529 0.20784314 0.21960784
v 76.88991547 -19.10000038 5.75343609 0.18823529 0.20784314 0.21960784
v 76.88991547 -15.30000019 5.75343609 0.18823529 0.20784314 0.21960784
v 76.64656067 -19.10000038 5.51008129 0.18823529 0.20784314 0.21960784
v 76.64656067 -15.30000019 5.51008129 0.18823529 0.20784314 0.21960784
v 76.33992004 -19.10000038 5.35383797 0.18823529 0.20784314 0.21960784
v 76.33992004 -15.30000019 5.35383797 0.18823529 0.20784314 0.21960784
f 1292 1291 1295
f 1292 1295 1293
f 1293 1295 1296
f 1293 1296 1294
f 1295 1291 1297
f 1295 1297 1296
f 1296 1297 1298
f 1296 1298 1294
f 1297 1291 1299
f 1297 1299 1298
f 1298 1299 1300
f 1298 1300 1294
f 1299 1291 1301
f 1299 1301 1300
f 1300 1301 1302
f 1300 1302 1294
f 1301 1291 1303
f 1301 1303 1302
f 1302 1303 1304
f 1302 1304 1294
f 1303 1291 1305
f 1303 1305 1304
f 1304 1305 1306
f 1304 1306 1294
f 1305 1291 1307
f 1305 1307 1306
f 1306 1307 1308
f 1306 1308 1294
f 1307 1291 1309
f 1307 1309 1308
f 1308 1309 1310
f 1308 1310 1294
f 1309 1291 1311
f 1309 1311 1310
f 1310 1311 1312
f 1310 1312 1294
f 1311 1291 1313
f 1311 1313 1312
f 1312 1313 1314
f 1312 1314 1294
f 1313 1291 1315
f 1313 1315 1314
f 1314 1315 1316
f 1314 1316 1294
f 1315 1291 1317
f 1315 1317 1316
f 1316 1317 1318
f 1316 1318 1294
f 1317 1291 1319
f 1317 1319 1318
f 1318 1319 1320
f 1318 1320 1294
f 1319 1291 1321
f 1319 1321 1320
f 1320 1321 1322
f 1320 1322 1294
f 1321 1291 1323
f 1321 1323 1322
f 1322 1323 1324
f 1322 1324 1294
f 1323 1291 1325
f 1323 1325 1324
f 1324 1325 1326
f 1324 1326 1294
f 1325 1291 1327
f 1325 1327 1326
f 1326 1327 1328
f 1326 1328 1294
f 1327 1291 1329
f 1327 1329 1328
f 1328 1329 1330
f 1328 1330 1294
f 1329 1291 1331
f 1329 1331 1330
f 1330 1331 1332
f 1330 1332 1294
f 1331 1291 1292
f 1331 1292 1332
f 1332 1292 1293
f 1332 1293 1294

o wheel_hub_76_-1
v 76.00000000 -18.95000076 6.40000010 0.65882353 0.67843137 0.67450980
v 76.00000000 -18.95000076 3.79999995 0.65882353 0.67843137 0.67450980
v 76.00000000 -15.44999981 3.79999995 0.65882353 0.67843137 0.67450980
v 76.00000000 -15.44999981 6.40000010 0.65882353 0.67843137 0.67450980
v 75.32707214 -18.95000076 3.88859296 0.65882353 0.67843137 0.67450980
v 75.32707214 -15.44999981 3.88859296 0.65882353 0.67843137 0.67450980
v 74.69999695 -18.95000076 4.14833403 0.65882353 0.67843137 0.67450980
v 74.69999695 -15.44999981 4.14833403 0.65882353 0.67843137 0.67450980
v 74.16152191 -18.95000076 4.56152248 0.65882353 0.67843137 0.67450980
v 74.16152191 -15.44999981 4.56152248 0.65882353 0.67843137 0.67450980
v 73.74833679 -18.95000076 5.09999990 0.65882353 0.67843137 0.67450980
v 73.74833679 -15.44999981 5.09999990 0.65882353 0.67843137 0.67450980
v 73.48859406 -18.95000076 5.72707033 0.65882353 0.67843137 0.67450980
v 73.48859406 -15.44999981 5.72707033 0.65882353 0.67843137 0.67450980
v 73.40000153 -18.95000076 6.40000010 0.65882353 0.67843137 0.67450980
v 73.40000153 -15.44999981 6.40000010 0.65882353 0.67843137 0.67450980
v 73.48859406 -18.95000076 7.07292938 0.65882353 0.67843137 0.67450980
v 73.48859406 -15.44999981 7.07292938 0.65882353 0.67843137 0.67450980
v 73.74833679 -18.95000076 7.69999981 0.65882353 0.67843137 0.67450980
v 73.74833679 -15.44999981 7.69999981 0.65882353 0.67843137 0.67450980
v 74.16152191 -18.95000076 8.23847771 0.65882353 0.67843137 0.67450980
v 74.16152191 -15.44999981 8.23847771 0.65882353 0.67843137 0.67450980
v 74.69999695 -18.95000076 8.65166569 0.65882353 0.67843137 0.67450980
v 74.69999695 -15.44999981 8.65166569 0.65882353 0.67843137 0.67450980
v 75.32707214 -18.95000076 8.91140747 0.65882353 0.67843137 0.67450980
v 75.32707214 -15.44999981 8.91140747 0.65882353 0.67843137 0.67450980
v 76.00000000 -18.95000076 9.00000000 0.65882353 0.67843137 0.67450980
v 76.00000000 -15.44999981 9.00000000 0.65882353 0.67843137 0.67450980
v 76.67292786 -18.95000076 8.91140747 0.65882353 0.67843137 0.67450980
v 76.67292786 -15.44999981 8.91140747 0.65882353 0.67843137 0.67450980
v 77.30000305 -18.95000076 8.65166569 0.65882353 0.67843137 0.67450980
v 77.30000305 -15.44999981 8.65166569 0.65882353 0.67843137 0.67450980
v 77.83847809 -18.95000076 8.23847771 0.65882353 0.67843137 0.67450980
v 77.83847809 -15.44999981 8.23847771 0.65882353 0.67843137 0.67450980
v 78.25166321 -18.95000076 7.69999981 0.65882353 0.67843137 0.67450980
v 78.25166321 -15.44999981 7.69999981 0.65882353 0.67843137 0.67450980
v 78.51140594 -18.95000076 7.07292938 0.65882353 0.67843137 0.67450980
v 78.51140594 -15.44999981 7.07292938 0.65882353 0.67843137 0.67450980
v 78.59999847 -18.95000076 6.40000010 0.65882353 0.67843137 0.67450980
v 78.59999847 -15.44999981 6.40000010 0.65882353 0.67843137 0.67450980
v 78.51140594 -18.95000076 5.72707033 0.65882353 0.67843137 0.67450980
v 78.51140594 -15.44999981 5.72707033 0.65882353 0.67843137 0.67450980
v 78.25166321 -18.95000076 5.09999990 0.65882353 0.67843137 0.67450980
v 78.25166321 -15.44999981 5.09999990 0.65882353 0.67843137 0.67450980
v 77.83847809 -18.95000076 4.56152248 0.65882353 0.67843137 0.67450980
v 77.83847809 -15.44999981 4.56152248 0.65882353 0.67843137 0.67450980
v 77.30000305 -18.95000076 4.14833403 0.65882353 0.67843137 0.67450980
v 77.30000305 -15.44999981 4.14833403 0.65882353 0.67843137 0.67450980
v 76.67292786 -18.95000076 3.88859296 0.65882353 0.67843137 0.67450980
v 76.67292786 -15.44999981 3.88859296 0.65882353 0.67843137 0.67450980
f 1334 1333 1337
f 1334 1337 1335
f 1335 1337 1338
f 1335 1338 1336
f 1337 1333 1339
f 1337 1339 1338
f 1338 1339 1340
f 1338 1340 1336
f 1339 1333 1341
f 1339 1341 1340
f 1340 1341 1342
f 1340 1342 1336
f 1341 1333 1343
f 1341 1343 1342
f 1342 1343 1344
f 1342 1344 1336
f 1343 1333 1345
f 1343 1345 1344
f 1344 1345 1346
f 1344 1346 1336
f 1345 1333 1347
f 1345 1347 1346
f 1346 1347 1348
f 1346 1348 1336
f 1347 1333 1349
f 1347 1349 1348
f 1348 1349 1350
f 1348 1350 1336
f 1349 1333 1351
f 1349 1351 1350
f 1350 1351 1352
f 1350 1352 1336
f 1351 1333 1353
f 1351 1353 1352
f 1352 1353 1354
f 1352 1354 1336
f 1353 1333 1355
f 1353 1355 1354
f 1354 1355 1356
f 1354 1356 1336
f 1355 1333 1357
f 1355 1357 1356
f 1356 1357 1358
f 1356 1358 1336
f 1357 1333 1359
f 1357 1359 1358
f 1358 1359 1360
f 1358 1360 1336
f 1359 1333 1361
f 1359 1361 1360
f 1360 1361 1362
f 1360 1362 1336
f 1361 1333 1363
f 1361 1363 1362
f 1362 1363 1364
f 1362 1364 1336
f 1363 1333 1365
f 1363 1365 1364
f 1364 1365 1366
f 1364 1366 1336
f 1365 1333 1367
f 1365 1367 1366
f 1366 1367 1368
f 1366 1368 1336
f 1367 1333 1369
f 1367 1369 1368
f 1368 1369 1370
f 1368 1370 1336
f 1369 1333 1371
f 1369 1371 1370
f 1370 1371 1372
f 1370 1372 1336
f 1371 1333 1373
f 1371 1373 1372
f 1372 1373 1374
f 1372 1374 1336
f 1373 1333 1375
f 1373 1375 1374
f 1374 1375 1376
f 1374 1376 1336
f 1375 1333 1377
f 1375 1377 1376
f 1376 1377 1378
f 1376 1378 1336
f 1377 1333 1379
f 1377 1379 1378
f 1378 1379 1380
f 1378 1380 1336
f 1379 1333 1381
f 1379 1381 1380
f 1380 1381 1382
f 1380 1382 1336
f 1381 1333 1334
f 1381 1334 1382
f 1382 1334 1335
f 1382 1335 1336

o wheel_76_-1
v 76.00000000 -18.79999924 6.40000010 0.08627451 0.09411765 0.09803922
v 76.00000000 -18.79999924 0.10000000 0.08627451 0.09411765 0.09803922
v 76.00000000 -15.60000038 0.10000000 0.08627451 0.09411765 0.09803922
v 76.00000000 -15.60000038 6.40000010 0.08627451 0.09411765 0.09803922
v 74.77092743 -18.79999924 0.22105274 0.08627451 0.09411765 0.09803922
v 74.77092743 -15.60000038 0.22105274 0.08627451 0.09411765 0.09803922
v 73.58909607 -18.79999924 0.57955897 0.08627451 0.09411765 0.09803922
v 73.58909607 -15.60000038 0.57955897 0.08627451 0.09411765 0.09803922
v 72.49990845 -18.79999924 1.16174150 0.08627451 0.09411765 0.09803922
v 72.49990845 -15.60000038 1.16174150 0.08627451 0.09411765 0.09803922
v 71.54522705 -18.79999924 1.94522727 0.08627451 0.09411765 0.09803922
v 71.54522705 -15.60000038 1.94522727 0.08627451 0.09411765 0.09803922
v 70.76174164 -18.79999924 2.89990759 0.08627451 0.09411765 0.09803922
v 70.76174164 -15.60000038 2.89990759 0.08627451 0.09411765 0.09803922
v 70.17955780 -18.79999924 3.98909426 0.08627451 0.09411765 0.09803922
v 70.17955780 -15.60000038 3.98909426 0.08627451 0.09411765 0.09803922
v 69.82105255 -18.79999924 5.17093086 0.08627451 0.09411765 0.09803922
v 69.82105255 -15.60000038 5.17093086 0.08627451 0.09411765 0.09803922
v 69.69999695 -18.79999924 6.40000010 0.08627451 0.09411765 0.09803922
v 69.69999695 -15.60000038 6.40000010 0.08627451 0.09411765 0.09803922
v 69.82105255 -18.79999924 7.62906885 0.08627451 0.09411765 0.09803922
v 69.82105255 -15.60000038 7.62906885 0.08627451 0.09411765 0.09803922
v 70.17955780 -18.79999924 8.81090546 0.08627451 0.09411765 0.09803922
v 70.17955780 -15.60000038 8.81090546 0.08627451 0.09411765 0.09803922
v 70.76174164 -18.79999924 9.90009212 0.08627451 0.09411765 0.09803922
v 70.76174164 -15.60000038 9.90009212 0.08627451 0.09411765 0.09803922
v 71.54522705 -18.79999924 10.85477257 0.08627451 0.09411765 0.09803922
v 71.54522705 -15.60000038 10.85477257 0.08627451 0.09411765 0.09803922
v 72.49990845 -18.79999924 11.63825893 0.08627451 0.09411765 0.09803922
v 72.49990845 -15.60000038 11.63825893 0.08627451 0.09411765 0.09803922
v 73.58909607 -18.79999924 12.22044086 0.08627451 0.09411765 0.09803922
v 73.58909607 -15.60000038 12.22044086 0.08627451 0.09411765 0.09803922
v 74.77092743 -18.79999924 12.57894707 0.08627451 0.09411765 0.09803922
v 74.77092743 -15.60000038 12.57894707 0.08627451 0.09411765 0.09803922
v 76.00000000 -18.79999924 12.69999981 0.08627451 0.09411765 0.09803922
v 76.00000000 -15.60000038 12.69999981 0.08627451 0.09411765 0.09803922
v 77.22907257 -18.79999924 12.57894707 0.08627451 0.09411765 0.09803922
v 77.22907257 -15.60000038 12.57894707 0.08627451 0.09411765 0.09803922
v 78.41090393 -18.79999924 12.22044086 0.08627451 0.09411765 0.09803922
v 78.41090393 -15.60000038 12.22044086 0.08627451 0.09411765 0.09803922
v 79.50009155 -18.79999924 11.63825893 0.08627451 0.09411765 0.09803922
v 79.50009155 -15.60000038 11.63825893 0.08627451 0.09411765 0.09803922
v 80.45477295 -18.79999924 10.85477257 0.08627451 0.09411765 0.09803922
v 80.45477295 -15.60000038 10.85477257 0.08627451 0.09411765 0.09803922
v 81.23825836 -18.79999924 9.90009212 0.08627451 0.09411765 0.09803922
v 81.23825836 -15.60000038 9.90009212 0.08627451 0.09411765 0.09803922
v 81.82044220 -18.79999924 8.81090546 0.08627451 0.09411765 0.09803922
v 81.82044220 -15.60000038 8.81090546 0.08627451 0.09411765 0.09803922
v 82.17894745 -18.79999924 7.62906885 0.08627451 0.09411765 0.09803922
v 82.17894745 -15.60000038 7.62906885 0.08627451 0.09411765 0.09803922
v 82.30000305 -18.79999924 6.40000010 0.08627451 0.09411765 0.09803922
v 82.30000305 -15.60000038 6.40000010 0.08627451 0.09411765 0.09803922
v 82.17894745 -18.79999924 5.17093086 0.08627451 0.09411765 0.09803922
v 82.17894745 -15.60000038 5.17093086 0.08627451 0.09411765 0.09803922
v 81.82044220 -18.79999924 3.98909426 0.08627451 0.09411765 0.09803922
v 81.82044220 -15.60000038 3.98909426 0.08627451 0.09411765 0.09803922
v 81.23825836 -18.79999924 2.89990759 0.08627451 0.09411765 0.09803922
v 81.23825836 -15.60000038 2.89990759 0.08627451 0.09411765 0.09803922
v 80.45477295 -18.79999924 1.94522727 0.08627451 0.09411765 0.09803922
v 80.45477295 -15.60000038 1.94522727 0.08627451 0.09411765 0.09803922
v 79.50009155 -18.79999924 1.16174150 0.08627451 0.09411765 0.09803922
v 79.50009155 -15.60000038 1.16174150 0.08627451 0.09411765 0.09803922
v 78.41090393 -18.79999924 0.57955897 0.08627451 0.09411765 0.09803922
v 78.41090393 -15.60000038 0.57955897 0.08627451 0.09411765 0.09803922
v 77.22907257 -18.79999924 0.22105274 0.08627451 0.09411765 0.09803922
v 77.22907257 -15.60000038 0.22105274 0.08627451 0.09411765 0.09803922
f 1384 1383 1387
f 1384 1387 1385
f 1385 1387 1388
f 1385 1388 1386
f 1387 1383 1389
f 1387 1389 1388
f 1388 1389 1390
f 1388 1390 1386
f 1389 1383 1391
f 1389 1391 1390
f 1390 1391 1392
f 1390 1392 1386
f 1391 1383 1393
f 1391 1393 1392
f 1392 1393 1394
f 1392 1394 1386
f 1393 1383 1395
f 1393 1395 1394
f 1394 1395 1396
f 1394 1396 1386
f 1395 1383 1397
f 1395 1397 1396
f 1396 1397 1398
f 1396 1398 1386
f 1397 1383 1399
f 1397 1399 1398
f 1398 1399 1400
f 1398 1400 1386
f 1399 1383 1401
f 1399 1401 1400
f 1400 1401 1402
f 1400 1402 1386
f 1401 1383 1403
f 1401 1403 1402
f 1402 1403 1404
f 1402 1404 1386
f 1403 1383 1405
f 1403 1405 1404
f 1404 1405 1406
f 1404 1406 1386
f 1405 1383 1407
f 1405 1407 1406
f 1406 1407 1408
f 1406 1408 1386
f 1407 1383 1409
f 1407 1409 1408
f 1408 1409 1410
f 1408 1410 1386
f 1409 1383 1411
f 1409 1411 1410
f 1410 1411 1412
f 1410 1412 1386
f 1411 1383 1413
f 1411 1413 1412
f 1412 1413 1414
f 1412 1414 1386
f 1413 1383 1415
f 1413 1415 1414
f 1414 1415 1416
f 1414 1416 1386
f 1415 1383 1417
f 1415 1417 1416
f 1416 1417 1418
f 1416 1418 1386
f 1417 1383 1419
f 1417 1419 1418
f 1418 1419 1420
f 1418 1420 1386
f 1419 1383 1421
f 1419 1421 1420
f 1420 1421 1422
f 1420 1422 1386
f 1421 1383 1423
f 1421 1423 1422
f 1422 1423 1424
f 1422 1424 1386
f 1423 1383 1425
f 1423 1425 1424
f 1424 1425 1426
f 1424 1426 1386
f 1425 1383 1427
f 1425 1427 1426
f 1426 1427 1428
f 1426 1428 1386
f 1427 1383 1429
f 1427 1429 1428
f 1428 1429 1430
f 1428 1430 1386
f 1429 1383 1431
f 1429 1431 1430
f 1430 1431 1432
f 1430 1432 1386
f 1431 1383 1433
f 1431 1433 1432
f 1432 1433 1434
f 1432 1434 1386
f 1433 1383 1435
f 1433 1435 1434
f 1434 1435 1436
f 1434 1436 1386
f 1435 1383 1437
f 1435 1437 1436
f 1436 1437 1438
f 1436 1438 1386
f 1437 1383 1439
f 1437 1439 1438
f 1438 1439 1440
f 1438 1440 1386
f 1439 1383 1441
f 1439 1441 1440
f 1440 1441 1442
f 1440 1442 1386
f 1441 1383 1443
f 1441 1443 1442
f 1442 1443 1444
f 1442 1444 1386
f 1443 1383 1445
f 1443 1445 1444
f 1444 1445 1446
f 1444 1446 1386
f 1445 1383 1447
f 1445 1447 1446
f 1446 1447 1448
f 1446 1448 1386
f 1447 1383 1384
f 1447 1384 1448
f 1448 1384 1385
f 1448 1385 1386

o bogie_detail_59_1_10.5
v 57.00000000 17.00000000 9.89999962 0.65882353 0.67843137 0.67450980
v 57.00000000 17.00000000 11.10000038 0.65882353 0.67843137 0.67450980
v 57.00000000 18.20000076 9.89999962 0.65882353 0.67843137 0.67450980
v 57.00000000 18.20000076 11.10000038 0.65882353 0.67843137 0.67450980
v 61.00000000 17.00000000 9.89999962 0.65882353 0.67843137 0.67450980
v 61.00000000 17.00000000 11.10000038 0.65882353 0.67843137 0.67450980
v 61.00000000 18.20000076 9.89999962 0.65882353 0.67843137 0.67450980
v 61.00000000 18.20000076 11.10000038 0.65882353 0.67843137 0.67450980
f 1450 1452 1449
f 1453 1450 1449
f 1449 1452 1451
f 1451 1453 1449
f 1450 1456 1452
f 1454 1450 1453
f 1454 1456 1450
f 1452 1456 1451
f 1455 1453 1451
f 1451 1456 1455
f 1455 1454 1453
f 1456 1454 1455

o bogie_detail_59_1_8.5
v 57.00000000 17.00000000 7.90000010 0.65882353 0.67843137 0.67450980
v 57.00000000 17.00000000 9.10000038 0.65882353 0.67843137 0.67450980
v 57.00000000 18.20000076 7.90000010 0.65882353 0.67843137 0.67450980
v 57.00000000 18.20000076 9.10000038 0.65882353 0.67843137 0.67450980
v 61.00000000 17.00000000 7.90000010 0.65882353 0.67843137 0.67450980
v 61.00000000 17.00000000 9.10000038 0.65882353 0.67843137 0.67450980
v 61.00000000 18.20000076 7.90000010 0.65882353 0.67843137 0.67450980
v 61.00000000 18.20000076 9.10000038 0.65882353 0.67843137 0.67450980
f 1458 1460 1457
f 1461 1458 1457
f 1457 1460 1459
f 1459 1461 1457
f 1458 1464 1460
f 1462 1458 1461
f 1462 1464 1458
f 1460 1464 1459
f 1463 1461 1459
f 1459 1464 1463
f 1463 1462 1461
f 1464 1462 1463

o hub_inner_59_1
v 59.00000000 15.30000019 6.40000010 0.18823529 0.20784314 0.21960784
v 59.00000000 15.30000019 5.30000019 0.18823529 0.20784314 0.21960784
v 59.00000000 19.10000038 5.30000019 0.18823529 0.20784314 0.21960784
v 59.00000000 19.10000038 6.40000010 0.18823529 0.20784314 0.21960784
v 58.66007996 15.30000019 5.35383797 0.18823529 0.20784314 0.21960784
v 58.66007996 19.10000038 5.35383797 0.18823529 0.20784314 0.21960784
v 58.35343552 15.30000019 5.51008129 0.18823529 0.20784314 0.21960784
v 58.35343552 19.10000038 5.51008129 0.18823529 0.20784314 0.21960784
v 58.11008072 15.30000019 5.75343609 0.18823529 0.20784314 0.21960784
v 58.11008072 19.10000038 5.75343609 0.18823529 0.20784314 0.21960784
v 57.95383835 15.30000019 6.06008148 0.18823529 0.20784314 0.21960784
v 57.95383835 19.10000038 6.06008148 0.18823529 0.20784314 0.21960784
v 57.90000153 15.30000019 6.40000010 0.18823529 0.20784314 0.21960784
v 57.90000153 19.10000038 6.40000010 0.18823529 0.20784314 0.21960784
v 57.95383835 15.30000019 6.73991871 0.18823529 0.20784314 0.21960784
v 57.95383835 19.10000038 6.73991871 0.18823529 0.20784314 0.21960784
v 58.11008072 15.30000019 7.04656363 0.18823529 0.20784314 0.21960784
v 58.11008072 19.10000038 7.04656363 0.18823529 0.20784314 0.21960784
v 58.35343552 15.30000019 7.28991890 0.18823529 0.20784314 0.21960784
v 58.35343552 19.10000038 7.28991890 0.18823529 0.20784314 0.21960784
v 58.66007996 15.30000019 7.44616222 0.18823529 0.20784314 0.21960784
v 58.66007996 19.10000038 7.44616222 0.18823529 0.20784314 0.21960784
v 59.00000000 15.30000019 7.50000000 0.18823529 0.20784314 0.21960784
v 59.00000000 19.10000038 7.50000000 0.18823529 0.20784314 0.21960784
v 59.33992004 15.30000019 7.44616222 0.18823529 0.20784314 0.21960784
v 59.33992004 19.10000038 7.44616222 0.18823529 0.20784314 0.21960784
v 59.64656448 15.30000019 7.28991890 0.18823529 0.20784314 0.21960784
v 59.64656448 19.10000038 7.28991890 0.18823529 0.20784314 0.21960784
v 59.88991928 15.30000019 7.04656363 0.18823529 0.20784314 0.21960784
v 59.88991928 19.10000038 7.04656363 0.18823529 0.20784314 0.21960784
v 60.04616165 15.30000019 6.73991871 0.18823529 0.20784314 0.21960784
v 60.04616165 19.10000038 6.73991871 0.18823529 0.20784314 0.21960784
v 60.09999847 15.30000019 6.40000010 0.18823529 0.20784314 0.21960784
v 60.09999847 19.10000038 6.40000010 0.18823529 0.20784314 0.21960784
v 60.04616165 15.30000019 6.06008148 0.18823529 0.20784314 0.21960784
v 60.04616165 19.10000038 6.06008148 0.18823529 0.20784314 0.21960784
v 59.88991928 15.30000019 5.75343609 0.18823529 0.20784314 0.21960784
v 59.88991928 19.10000038 5.75343609 0.18823529 0.20784314 0.21960784
v 59.64656448 15.30000019 5.51008129 0.18823529 0.20784314 0.21960784
v 59.64656448 19.10000038 5.51008129 0.18823529 0.20784314 0.21960784
v 59.33992004 15.30000019 5.35383797 0.18823529 0.20784314 0.21960784
v 59.33992004 19.10000038 5.35383797 0.18823529 0.20784314 0.21960784
f 1466 1465 1469
f 1466 1469 1467
f 1467 1469 1470
f 1467 1470 1468
f 1469 1465 1471
f 1469 1471 1470
f 1470 1471 1472
f 1470 1472 1468
f 1471 1465 1473
f 1471 1473 1472
f 1472 1473 1474
f 1472 1474 1468
f 1473 1465 1475
f 1473 1475 1474
f 1474 1475 1476
f 1474 1476 1468
f 1475 1465 1477
f 1475 1477 1476
f 1476 1477 1478
f 1476 1478 1468
f 1477 1465 1479
f 1477 1479 1478
f 1478 1479 1480
f 1478 1480 1468
f 1479 1465 1481
f 1479 1481 1480
f 1480 1481 1482
f 1480 1482 1468
f 1481 1465 1483
f 1481 1483 1482
f 1482 1483 1484
f 1482 1484 1468
f 1483 1465 1485
f 1483 1485 1484
f 1484 1485 1486
f 1484 1486 1468
f 1485 1465 1487
f 1485 1487 1486
f 1486 1487 1488
f 1486 1488 1468
f 1487 1465 1489
f 1487 1489 1488
f 1488 1489 1490
f 1488 1490 1468
f 1489 1465 1491
f 1489 1491 1490
f 1490 1491 1492
f 1490 1492 1468
f 1491 1465 1493
f 1491 1493 1492
f 1492 1493 1494
f 1492 1494 1468
f 1493 1465 1495
f 1493 1495 1494
f 1494 1495 1496
f 1494 1496 1468
f 1495 1465 1497
f 1495 1497 1496
f 1496 1497 1498
f 1496 1498 1468
f 1497 1465 1499
f 1497 1499 1498
f 1498 1499 1500
f 1498 1500 1468
f 1499 1465 1501
f 1499 1501 1500
f 1500 1501 1502
f 1500 1502 1468
f 1501 1465 1503
f 1501 1503 1502
f 1502 1503 1504
f 1502 1504 1468
f 1503 1465 1505
f 1503 1505 1504
f 1504 1505 1506
f 1504 1506 1468
f 1505 1465 1466
f 1505 1466 1506
f 1506 1466 1467
f 1506 1467 1468

o wheel_hub_59_1
v 59.00000000 15.44999981 6.40000010 0.65882353 0.67843137 0.67450980
v 59.00000000 15.44999981 3.79999995 0.65882353 0.67843137 0.67450980
v 59.00000000 18.95000076 3.79999995 0.65882353 0.67843137 0.67450980
v 59.00000000 18.95000076 6.40000010 0.65882353 0.67843137 0.67450980
v 58.32707214 15.44999981 3.88859296 0.65882353 0.67843137 0.67450980
v 58.32707214 18.95000076 3.88859296 0.65882353 0.67843137 0.67450980
v 57.70000076 15.44999981 4.14833403 0.65882353 0.67843137 0.67450980
v 57.70000076 18.95000076 4.14833403 0.65882353 0.67843137 0.67450980
v 57.16152191 15.44999981 4.56152248 0.65882353 0.67843137 0.67450980
v 57.16152191 18.95000076 4.56152248 0.65882353 0.67843137 0.67450980
v 56.74833298 15.44999981 5.09999990 0.65882353 0.67843137 0.67450980
v 56.74833298 18.95000076 5.09999990 0.65882353 0.67843137 0.67450980
v 56.48859406 15.44999981 5.72707033 0.65882353 0.67843137 0.67450980
v 56.48859406 18.95000076 5.72707033 0.65882353 0.67843137 0.67450980
v 56.40000153 15.44999981 6.40000010 0.65882353 0.67843137 0.67450980
v 56.40000153 18.95000076 6.40000010 0.65882353 0.67843137 0.67450980
v 56.48859406 15.44999981 7.07292938 0.65882353 0.67843137 0.67450980
v 56.48859406 18.95000076 7.07292938 0.65882353 0.67843137 0.67450980
v 56.74833298 15.44999981 7.69999981 0.65882353 0.67843137 0.67450980
v 56.74833298 18.95000076 7.69999981 0.65882353 0.67843137 0.67450980
v 57.16152191 15.44999981 8.23847771 0.65882353 0.67843137 0.67450980
v 57.16152191 18.95000076 8.23847771 0.65882353 0.67843137 0.67450980
v 57.70000076 15.44999981 8.65166569 0.65882353 0.67843137 0.67450980
v 57.70000076 18.95000076 8.65166569 0.65882353 0.67843137 0.67450980
v 58.32707214 15.44999981 8.91140747 0.65882353 0.67843137 0.67450980
v 58.32707214 18.95000076 8.91140747 0.65882353 0.67843137 0.67450980
v 59.00000000 15.44999981 9.00000000 0.65882353 0.67843137 0.67450980
v 59.00000000 18.95000076 9.00000000 0.65882353 0.67843137 0.67450980
v 59.67292786 15.44999981 8.91140747 0.65882353 0.67843137 0.67450980
v 59.67292786 18.95000076 8.91140747 0.65882353 0.67843137 0.67450980
v 60.29999924 15.44999981 8.65166569 0.65882353 0.67843137 0.67450980
v 60.29999924 18.95000076 8.65166569 0.65882353 0.67843137 0.67450980
v 60.83847809 15.44999981 8.23847771 0.65882353 0.67843137 0.67450980
v 60.83847809 18.95000076 8.23847771 0.65882353 0.67843137 0.67450980
v 61.25166702 15.44999981 7.69999981 0.65882353 0.67843137 0.67450980
v 61.25166702 18.95000076 7.69999981 0.65882353 0.67843137 0.67450980
v 61.51140594 15.44999981 7.07292938 0.65882353 0.67843137 0.67450980
v 61.51140594 18.95000076 7.07292938 0.65882353 0.67843137 0.67450980
v 61.59999847 15.44999981 6.40000010 0.65882353 0.67843137 0.67450980
v 61.59999847 18.95000076 6.40000010 0.65882353 0.67843137 0.67450980
v 61.51140594 15.44999981 5.72707033 0.65882353 0.67843137 0.67450980
v 61.51140594 18.95000076 5.72707033 0.65882353 0.67843137 0.67450980
v 61.25166702 15.44999981 5.09999990 0.65882353 0.67843137 0.67450980
v 61.25166702 18.95000076 5.09999990 0.65882353 0.67843137 0.67450980
v 60.83847809 15.44999981 4.56152248 0.65882353 0.67843137 0.67450980
v 60.83847809 18.95000076 4.56152248 0.65882353 0.67843137 0.67450980
v 60.29999924 15.44999981 4.14833403 0.65882353 0.67843137 0.67450980
v 60.29999924 18.95000076 4.14833403 0.65882353 0.67843137 0.67450980
v 59.67292786 15.44999981 3.88859296 0.65882353 0.67843137 0.67450980
v 59.67292786 18.95000076 3.88859296 0.65882353 0.67843137 0.67450980
f 1508 1507 1511
f 1508 1511 1509
f 1509 1511 1512
f 1509 1512 1510
f 1511 1507 1513
f 1511 1513 1512
f 1512 1513 1514
f 1512 1514 1510
f 1513 1507 1515
f 1513 1515 1514
f 1514 1515 1516
f 1514 1516 1510
f 1515 1507 1517
f 1515 1517 1516
f 1516 1517 1518
f 1516 1518 1510
f 1517 1507 1519
f 1517 1519 1518
f 1518 1519 1520
f 1518 1520 1510
f 1519 1507 1521
f 1519 1521 1520
f 1520 1521 1522
f 1520 1522 1510
f 1521 1507 1523
f 1521 1523 1522
f 1522 1523 1524
f 1522 1524 1510
f 1523 1507 1525
f 1523 1525 1524
f 1524 1525 1526
f 1524 1526 1510
f 1525 1507 1527
f 1525 1527 1526
f 1526 1527 1528
f 1526 1528 1510
f 1527 1507 1529
f 1527 1529 1528
f 1528 1529 1530
f 1528 1530 1510
f 1529 1507 1531
f 1529 1531 1530
f 1530 1531 1532
f 1530 1532 1510
f 1531 1507 1533
f 1531 1533 1532
f 1532 1533 1534
f 1532 1534 1510
f 1533 1507 1535
f 1533 1535 1534
f 1534 1535 1536
f 1534 1536 1510
f 1535 1507 1537
f 1535 1537 1536
f 1536 1537 1538
f 1536 1538 1510
f 1537 1507 1539
f 1537 1539 1538
f 1538 1539 1540
f 1538 1540 1510
f 1539 1507 1541
f 1539 1541 1540
f 1540 1541 1542
f 1540 1542 1510
f 1541 1507 1543
f 1541 1543 1542
f 1542 1543 1544
f 1542 1544 1510
f 1543 1507 1545
f 1543 1545 1544
f 1544 1545 1546
f 1544 1546 1510
f 1545 1507 1547
f 1545 1547 1546
f 1546 1547 1548
f 1546 1548 1510
f 1547 1507 1549
f 1547 1549 1548
f 1548 1549 1550
f 1548 1550 1510
f 1549 1507 1551
f 1549 1551 1550
f 1550 1551 1552
f 1550 1552 1510
f 1551 1507 1553
f 1551 1553 1552
f 1552 1553 1554
f 1552 1554 1510
f 1553 1507 1555
f 1553 1555 1554
f 1554 1555 1556
f 1554 1556 1510
f 1555 1507 1508
f 1555 1508 1556
f 1556 1508 1509
f 1556 1509 1510

o wheel_59_1
v 59.00000000 15.60000038 6.40000010 0.08627451 0.09411765 0.09803922
v 59.00000000 15.60000038 0.10000000 0.08627451 0.09411765 0.09803922
v 59.00000000 18.79999924 0.10000000 0.08627451 0.09411765 0.09803922
v 59.00000000 18.79999924 6.40000010 0.08627451 0.09411765 0.09803922
v 57.77093124 15.60000038 0.22105274 0.08627451 0.09411765 0.09803922
v 57.77093124 18.79999924 0.22105274 0.08627451 0.09411765 0.09803922
v 56.58909607 15.60000038 0.57955897 0.08627451 0.09411765 0.09803922
v 56.58909607 18.79999924 0.57955897 0.08627451 0.09411765 0.09803922
v 55.49990845 15.60000038 1.16174150 0.08627451 0.09411765 0.09803922
v 55.49990845 18.79999924 1.16174150 0.08627451 0.09411765 0.09803922
v 54.54522705 15.60000038 1.94522727 0.08627451 0.09411765 0.09803922
v 54.54522705 18.79999924 1.94522727 0.08627451 0.09411765 0.09803922
v 53.76174164 15.60000038 2.89990759 0.08627451 0.09411765 0.09803922
v 53.76174164 18.79999924 2.89990759 0.08627451 0.09411765 0.09803922
v 53.17955780 15.60000038 3.98909426 0.08627451 0.09411765 0.09803922
v 53.17955780 18.79999924 3.98909426 0.08627451 0.09411765 0.09803922
v 52.82105255 15.60000038 5.17093086 0.08627451 0.09411765 0.09803922
v 52.82105255 18.79999924 5.17093086 0.08627451 0.09411765 0.09803922
v 52.70000076 15.60000038 6.40000010 0.08627451 0.09411765 0.09803922
v 52.70000076 18.79999924 6.40000010 0.08627451 0.09411765 0.09803922
v 52.82105255 15.60000038 7.62906885 0.08627451 0.09411765 0.09803922
v 52.82105255 18.79999924 7.62906885 0.08627451 0.09411765 0.09803922
v 53.17955780 15.60000038 8.81090546 0.08627451 0.09411765 0.09803922
v 53.17955780 18.79999924 8.81090546 0.08627451 0.09411765 0.09803922
v 53.76174164 15.60000038 9.90009212 0.08627451 0.09411765 0.09803922
v 53.76174164 18.79999924 9.90009212 0.08627451 0.09411765 0.09803922
v 54.54522705 15.60000038 10.85477257 0.08627451 0.09411765 0.09803922
v 54.54522705 18.79999924 10.85477257 0.08627451 0.09411765 0.09803922
v 55.49990845 15.60000038 11.63825893 0.08627451 0.09411765 0.09803922
v 55.49990845 18.79999924 11.63825893 0.08627451 0.09411765 0.09803922
v 56.58909607 15.60000038 12.22044086 0.08627451 0.09411765 0.09803922
v 56.58909607 18.79999924 12.22044086 0.08627451 0.09411765 0.09803922
v 57.77093124 15.60000038 12.57894707 0.08627451 0.09411765 0.09803922
v 57.77093124 18.79999924 12.57894707 0.08627451 0.09411765 0.09803922
v 59.00000000 15.60000038 12.69999981 0.08627451 0.09411765 0.09803922
v 59.00000000 18.79999924 12.69999981 0.08627451 0.09411765 0.09803922
v 60.22906876 15.60000038 12.57894707 0.08627451 0.09411765 0.09803922
v 60.22906876 18.79999924 12.57894707 0.08627451 0.09411765 0.09803922
v 61.41090393 15.60000038 12.22044086 0.08627451 0.09411765 0.09803922
v 61.41090393 18.79999924 12.22044086 0.08627451 0.09411765 0.09803922
v 62.50009155 15.60000038 11.63825893 0.08627451 0.09411765 0.09803922
v 62.50009155 18.79999924 11.63825893 0.08627451 0.09411765 0.09803922
v 63.45477295 15.60000038 10.85477257 0.08627451 0.09411765 0.09803922
v 63.45477295 18.79999924 10.85477257 0.08627451 0.09411765 0.09803922
v 64.23825836 15.60000038 9.90009212 0.08627451 0.09411765 0.09803922
v 64.23825836 18.79999924 9.90009212 0.08627451 0.09411765 0.09803922
v 64.82044220 15.60000038 8.81090546 0.08627451 0.09411765 0.09803922
v 64.82044220 18.79999924 8.81090546 0.08627451 0.09411765 0.09803922
v 65.17894745 15.60000038 7.62906885 0.08627451 0.09411765 0.09803922
v 65.17894745 18.79999924 7.62906885 0.08627451 0.09411765 0.09803922
v 65.30000305 15.60000038 6.40000010 0.08627451 0.09411765 0.09803922
v 65.30000305 18.79999924 6.40000010 0.08627451 0.09411765 0.09803922
v 65.17894745 15.60000038 5.17093086 0.08627451 0.09411765 0.09803922
v 65.17894745 18.79999924 5.17093086 0.08627451 0.09411765 0.09803922
v 64.82044220 15.60000038 3.98909426 0.08627451 0.09411765 0.09803922
v 64.82044220 18.79999924 3.98909426 0.08627451 0.09411765 0.09803922
v 64.23825836 15.60000038 2.89990759 0.08627451 0.09411765 0.09803922
v 64.23825836 18.79999924 2.89990759 0.08627451 0.09411765 0.09803922
v 63.45477295 15.60000038 1.94522727 0.08627451 0.09411765 0.09803922
v 63.45477295 18.79999924 1.94522727 0.08627451 0.09411765 0.09803922
v 62.50009155 15.60000038 1.16174150 0.08627451 0.09411765 0.09803922
v 62.50009155 18.79999924 1.16174150 0.08627451 0.09411765 0.09803922
v 61.41090393 15.60000038 0.57955897 0.08627451 0.09411765 0.09803922
v 61.41090393 18.79999924 0.57955897 0.08627451 0.09411765 0.09803922
v 60.22906876 15.60000038 0.22105274 0.08627451 0.09411765 0.09803922
v 60.22906876 18.79999924 0.22105274 0.08627451 0.09411765 0.09803922
f 1558 1557 1561
f 1558 1561 1559
f 1559 1561 1562
f 1559 1562 1560
f 1561 1557 1563
f 1561 1563 1562
f 1562 1563 1564
f 1562 1564 1560
f 1563 1557 1565
f 1563 1565 1564
f 1564 1565 1566
f 1564 1566 1560
f 1565 1557 1567
f 1565 1567 1566
f 1566 1567 1568
f 1566 1568 1560
f 1567 1557 1569
f 1567 1569 1568
f 1568 1569 1570
f 1568 1570 1560
f 1569 1557 1571
f 1569 1571 1570
f 1570 1571 1572
f 1570 1572 1560
f 1571 1557 1573
f 1571 1573 1572
f 1572 1573 1574
f 1572 1574 1560
f 1573 1557 1575
f 1573 1575 1574
f 1574 1575 1576
f 1574 1576 1560
f 1575 1557 1577
f 1575 1577 1576
f 1576 1577 1578
f 1576 1578 1560
f 1577 1557 1579
f 1577 1579 1578
f 1578 1579 1580
f 1578 1580 1560
f 1579 1557 1581
f 1579 1581 1580
f 1580 1581 1582
f 1580 1582 1560
f 1581 1557 1583
f 1581 1583 1582
f 1582 1583 1584
f 1582 1584 1560
f 1583 1557 1585
f 1583 1585 1584
f 1584 1585 1586
f 1584 1586 1560
f 1585 1557 1587
f 1585 1587 1586
f 1586 1587 1588
f 1586 1588 1560
f 1587 1557 1589
f 1587 1589 1588
f 1588 1589 1590
f 1588 1590 1560
f 1589 1557 1591
f 1589 1591 1590
f 1590 1591 1592
f 1590 1592 1560
f 1591 1557 1593
f 1591 1593 1592
f 1592 1593 1594
f 1592 1594 1560
f 1593 1557 1595
f 1593 1595 1594
f 1594 1595 1596
f 1594 1596 1560
f 1595 1557 1597
f 1595 1597 1596
f 1596 1597 1598
f 1596 1598 1560
f 1597 1557 1599
f 1597 1599 1598
f 1598 1599 1600
f 1598 1600 1560
f 1599 1557 1601
f 1599 1601 1600
f 1600 1601 1602
f 1600 1602 1560
f 1601 1557 1603
f 1601 1603 1602
f 1602 1603 1604
f 1602 1604 1560
f 1603 1557 1605
f 1603 1605 1604
f 1604 1605 1606
f 1604 1606 1560
f 1605 1557 1607
f 1605 1607 1606
f 1606 1607 1608
f 1606 1608 1560
f 1607 1557 1609
f 1607 1609 1608
f 1608 1609 1610
f 1608 1610 1560
f 1609 1557 1611
f 1609 1611 1610
f 1610 1611 1612
f 1610 1612 1560
f 1611 1557 1613
f 1611 1613 1612
f 1612 1613 1614
f 1612 1614 1560
f 1613 1557 1615
f 1613 1615 1614
f 1614 1615 1616
f 1614 1616 1560
f 1615 1557 1617
f 1615 1617 1616
f 1616 1617 1618
f 1616 1618 1560
f 1617 1557 1619
f 1617 1619 1618
f 1618 1619 1620
f 1618 1620 1560
f 1619 1557 1621
f 1619 1621 1620
f 1620 1621 1622
f 1620 1622 1560
f 1621 1557 1558
f 1621 1558 1622
f 1622 1558 1559
f 1622 1559 1560

o bogie_detail_59_-1_10.5
v 57.00000000 -18.20000076 9.89999962 0.65882353 0.67843137 0.67450980
v 57.00000000 -18.20000076 11.10000038 0.65882353 0.67843137 0.67450980
v 57.00000000 -17.00000000 9.89999962 0.65882353 0.67843137 0.67450980
v 57.00000000 -17.00000000 11.10000038 0.65882353 0.67843137 0.67450980
v 61.00000000 -18.20000076 9.89999962 0.65882353 0.67843137 0.67450980
v 61.00000000 -18.20000076 11.10000038 0.65882353 0.67843137 0.67450980
v 61.00000000 -17.00000000 9.89999962 0.65882353 0.67843137 0.67450980
v 61.00000000 -17.00000000 11.10000038 0.65882353 0.67843137 0.67450980
f 1624 1626 1623
f 1627 1624 1623
f 1623 1626 1625
f 1625 1627 1623
f 1624 1630 1626
f 1628 1624 1627
f 1628 1630 1624
f 1626 1630 1625
f 1629 1627 1625
f 1625 1630 1629
f 1629 1628 1627
f 1630 1628 1629

o bogie_detail_59_-1_8.5
v 57.00000000 -18.20000076 7.90000010 0.65882353 0.67843137 0.67450980
v 57.00000000 -18.20000076 9.10000038 0.65882353 0.67843137 0.67450980
v 57.00000000 -17.00000000 7.90000010 0.65882353 0.67843137 0.67450980
v 57.00000000 -17.00000000 9.10000038 0.65882353 0.67843137 0.67450980
v 61.00000000 -18.20000076 7.90000010 0.65882353 0.67843137 0.67450980
v 61.00000000 -18.20000076 9.10000038 0.65882353 0.67843137 0.67450980
v 61.00000000 -17.00000000 7.90000010 0.65882353 0.67843137 0.67450980
v 61.00000000 -17.00000000 9.10000038 0.65882353 0.67843137 0.67450980
f 1632 1634 1631
f 1635 1632 1631
f 1631 1634 1633
f 1633 1635 1631
f 1632 1638 1634
f 1636 1632 1635
f 1636 1638 1632
f 1634 1638 1633
f 1637 1635 1633
f 1633 1638 1637
f 1637 1636 1635
f 1638 1636 1637

o hub_inner_59_-1
v 59.00000000 -19.10000038 6.40000010 0.18823529 0.20784314 0.21960784
v 59.00000000 -19.10000038 5.30000019 0.18823529 0.20784314 0.21960784
v 59.00000000 -15.30000019 5.30000019 0.18823529 0.20784314 0.21960784
v 59.00000000 -15.30000019 6.40000010 0.18823529 0.20784314 0.21960784
v 58.66007996 -19.10000038 5.35383797 0.18823529 0.20784314 0.21960784
v 58.66007996 -15.30000019 5.35383797 0.18823529 0.20784314 0.21960784
v 58.35343552 -19.10000038 5.51008129 0.18823529 0.20784314 0.21960784
v 58.35343552 -15.30000019 5.51008129 0.18823529 0.20784314 0.21960784
v 58.11008072 -19.10000038 5.75343609 0.18823529 0.20784314 0.21960784
v 58.11008072 -15.30000019 5.75343609 0.18823529 0.20784314 0.21960784
v 57.95383835 -19.10000038 6.06008148 0.18823529 0.20784314 0.21960784
v 57.95383835 -15.30000019 6.06008148 0.18823529 0.20784314 0.21960784
v 57.90000153 -19.10000038 6.40000010 0.18823529 0.20784314 0.21960784
v 57.90000153 -15.30000019 6.40000010 0.18823529 0.20784314 0.21960784
v 57.95383835 -19.10000038 6.73991871 0.18823529 0.20784314 0.21960784
v 57.95383835 -15.30000019 6.73991871 0.18823529 0.20784314 0.21960784
v 58.11008072 -19.10000038 7.04656363 0.18823529 0.20784314 0.21960784
v 58.11008072 -15.30000019 7.04656363 0.18823529 0.20784314 0.21960784
v 58.35343552 -19.10000038 7.28991890 0.18823529 0.20784314 0.21960784
v 58.35343552 -15.30000019 7.28991890 0.18823529 0.20784314 0.21960784
v 58.66007996 -19.10000038 7.44616222 0.18823529 0.20784314 0.21960784
v 58.66007996 -15.30000019 7.44616222 0.18823529 0.20784314 0.21960784
v 59.00000000 -19.10000038 7.50000000 0.18823529 0.20784314 0.21960784
v 59.00000000 -15.30000019 7.50000000 0.18823529 0.20784314 0.21960784
v 59.33992004 -19.10000038 7.44616222 0.18823529 0.20784314 0.21960784
v 59.33992004 -15.30000019 7.44616222 0.18823529 0.20784314 0.21960784
v 59.64656448 -19.10000038 7.28991890 0.18823529 0.20784314 0.21960784
v 59.64656448 -15.30000019 7.28991890 0.18823529 0.20784314 0.21960784
v 59.88991928 -19.10000038 7.04656363 0.18823529 0.20784314 0.21960784
v 59.88991928 -15.30000019 7.04656363 0.18823529 0.20784314 0.21960784
v 60.04616165 -19.10000038 6.73991871 0.18823529 0.20784314 0.21960784
v 60.04616165 -15.30000019 6.73991871 0.18823529 0.20784314 0.21960784
v 60.09999847 -19.10000038 6.40000010 0.18823529 0.20784314 0.21960784
v 60.09999847 -15.30000019 6.40000010 0.18823529 0.20784314 0.21960784
v 60.04616165 -19.10000038 6.06008148 0.18823529 0.20784314 0.21960784
v 60.04616165 -15.30000019 6.06008148 0.18823529 0.20784314 0.21960784
v 59.88991928 -19.10000038 5.75343609 0.18823529 0.20784314 0.21960784
v 59.88991928 -15.30000019 5.75343609 0.18823529 0.20784314 0.21960784
v 59.64656448 -19.10000038 5.51008129 0.18823529 0.20784314 0.21960784
v 59.64656448 -15.30000019 5.51008129 0.18823529 0.20784314 0.21960784
v 59.33992004 -19.10000038 5.35383797 0.18823529 0.20784314 0.21960784
v 59.33992004 -15.30000019 5.35383797 0.18823529 0.20784314 0.21960784
f 1640 1639 1643
f 1640 1643 1641
f 1641 1643 1644
f 1641 1644 1642
f 1643 1639 1645
f 1643 1645 1644
f 1644 1645 1646
f 1644 1646 1642
f 1645 1639 1647
f 1645 1647 1646
f 1646 1647 1648
f 1646 1648 1642
f 1647 1639 1649
f 1647 1649 1648
f 1648 1649 1650
f 1648 1650 1642
f 1649 1639 1651
f 1649 1651 1650
f 1650 1651 1652
f 1650 1652 1642
f 1651 1639 1653
f 1651 1653 1652
f 1652 1653 1654
f 1652 1654 1642
f 1653 1639 1655
f 1653 1655 1654
f 1654 1655 1656
f 1654 1656 1642
f 1655 1639 1657
f 1655 1657 1656
f 1656 1657 1658
f 1656 1658 1642
f 1657 1639 1659
f 1657 1659 1658
f 1658 1659 1660
f 1658 1660 1642
f 1659 1639 1661
f 1659 1661 1660
f 1660 1661 1662
f 1660 1662 1642
f 1661 1639 1663
f 1661 1663 1662
f 1662 1663 1664
f 1662 1664 1642
f 1663 1639 1665
f 1663 1665 1664
f 1664 1665 1666
f 1664 1666 1642
f 1665 1639 1667
f 1665 1667 1666
f 1666 1667 1668
f 1666 1668 1642
f 1667 1639 1669
f 1667 1669 1668
f 1668 1669 1670
f 1668 1670 1642
f 1669 1639 1671
f 1669 1671 1670
f 1670 1671 1672
f 1670 1672 1642
f 1671 1639 1673
f 1671 1673 1672
f 1672 1673 1674
f 1672 1674 1642
f 1673 1639 1675
f 1673 1675 1674
f 1674 1675 1676
f 1674 1676 1642
f 1675 1639 1677
f 1675 1677 1676
f 1676 1677 1678
f 1676 1678 1642
f 1677 1639 1679
f 1677 1679 1678
f 1678 1679 1680
f 1678 1680 1642
f 1679 1639 1640
f 1679 1640 1680
f 1680 1640 1641
f 1680 1641 1642

o wheel_hub_59_-1
v 59.00000000 -18.95000076 6.40000010 0.65882353 0.67843137 0.67450980
v 59.00000000 -18.95000076 3.79999995 0.65882353 0.67843137 0.67450980
v 59.00000000 -15.44999981 3.79999995 0.65882353 0.67843137 0.67450980
v 59.00000000 -15.44999981 6.40000010 0.65882353 0.67843137 0.67450980
v 58.32707214 -18.95000076 3.88859296 0.65882353 0.67843137 0.67450980
v 58.32707214 -15.44999981 3.88859296 0.65882353 0.67843137 0.67450980
v 57.70000076 -18.95000076 4.14833403 0.65882353 0.67843137 0.67450980
v 57.70000076 -15.44999981 4.14833403 0.65882353 0.67843137 0.67450980
v 57.16152191 -18.95000076 4.56152248 0.65882353 0.67843137 0.67450980
v 57.16152191 -15.44999981 4.56152248 0.65882353 0.67843137 0.67450980
v 56.74833298 -18.95000076 5.09999990 0.65882353 0.67843137 0.67450980
v 56.74833298 -15.44999981 5.09999990 0.65882353 0.67843137 0.67450980
v 56.48859406 -18.95000076 5.72707033 0.65882353 0.67843137 0.67450980
v 56.48859406 -15.44999981 5.72707033 0.65882353 0.67843137 0.67450980
v 56.40000153 -18.95000076 6.40000010 0.65882353 0.67843137 0.67450980
v 56.40000153 -15.44999981 6.40000010 0.65882353 0.67843137 0.67450980
v 56.48859406 -18.95000076 7.07292938 0.65882353 0.67843137 0.67450980
v 56.48859406 -15.44999981 7.07292938 0.65882353 0.67843137 0.67450980
v 56.74833298 -18.95000076 7.69999981 0.65882353 0.67843137 0.67450980
v 56.74833298 -15.44999981 7.69999981 0.65882353 0.67843137 0.67450980
v 57.16152191 -18.95000076 8.23847771 0.65882353 0.67843137 0.67450980
v 57.16152191 -15.44999981 8.23847771 0.65882353 0.67843137 0.67450980
v 57.70000076 -18.95000076 8.65166569 0.65882353 0.67843137 0.67450980
v 57.70000076 -15.44999981 8.65166569 0.65882353 0.67843137 0.67450980
v 58.32707214 -18.95000076 8.91140747 0.65882353 0.67843137 0.67450980
v 58.32707214 -15.44999981 8.91140747 0.65882353 0.67843137 0.67450980
v 59.00000000 -18.95000076 9.00000000 0.65882353 0.67843137 0.67450980
v 59.00000000 -15.44999981 9.00000000 0.65882353 0.67843137 0.67450980
v 59.67292786 -18.95000076 8.91140747 0.65882353 0.67843137 0.67450980
v 59.67292786 -15.44999981 8.91140747 0.65882353 0.67843137 0.67450980
v 60.29999924 -18.95000076 8.65166569 0.65882353 0.67843137 0.67450980
v 60.29999924 -15.44999981 8.65166569 0.65882353 0.67843137 0.67450980
v 60.83847809 -18.95000076 8.23847771 0.65882353 0.67843137 0.67450980
v 60.83847809 -15.44999981 8.23847771 0.65882353 0.67843137 0.67450980
v 61.25166702 -18.95000076 7.69999981 0.65882353 0.67843137 0.67450980
v 61.25166702 -15.44999981 7.69999981 0.65882353 0.67843137 0.67450980
v 61.51140594 -18.95000076 7.07292938 0.65882353 0.67843137 0.67450980
v 61.51140594 -15.44999981 7.07292938 0.65882353 0.67843137 0.67450980
v 61.59999847 -18.95000076 6.40000010 0.65882353 0.67843137 0.67450980
v 61.59999847 -15.44999981 6.40000010 0.65882353 0.67843137 0.67450980
v 61.51140594 -18.95000076 5.72707033 0.65882353 0.67843137 0.67450980
v 61.51140594 -15.44999981 5.72707033 0.65882353 0.67843137 0.67450980
v 61.25166702 -18.95000076 5.09999990 0.65882353 0.67843137 0.67450980
v 61.25166702 -15.44999981 5.09999990 0.65882353 0.67843137 0.67450980
v 60.83847809 -18.95000076 4.56152248 0.65882353 0.67843137 0.67450980
v 60.83847809 -15.44999981 4.56152248 0.65882353 0.67843137 0.67450980
v 60.29999924 -18.95000076 4.14833403 0.65882353 0.67843137 0.67450980
v 60.29999924 -15.44999981 4.14833403 0.65882353 0.67843137 0.67450980
v 59.67292786 -18.95000076 3.88859296 0.65882353 0.67843137 0.67450980
v 59.67292786 -15.44999981 3.88859296 0.65882353 0.67843137 0.67450980
f 1682 1681 1685
f 1682 1685 1683
f 1683 1685 1686
f 1683 1686 1684
f 1685 1681 1687
f 1685 1687 1686
f 1686 1687 1688
f 1686 1688 1684
f 1687 1681 1689
f 1687 1689 1688
f 1688 1689 1690
f 1688 1690 1684
f 1689 1681 1691
f 1689 1691 1690
f 1690 1691 1692
f 1690 1692 1684
f 1691 1681 1693
f 1691 1693 1692
f 1692 1693 1694
f 1692 1694 1684
f 1693 1681 1695
f 1693 1695 1694
f 1694 1695 1696
f 1694 1696 1684
f 1695 1681 1697
f 1695 1697 1696
f 1696 1697 1698
f 1696 1698 1684
f 1697 1681 1699
f 1697 1699 1698
f 1698 1699 1700
f 1698 1700 1684
f 1699 1681 1701
f 1699 1701 1700
f 1700 1701 1702
f 1700 1702 1684
f 1701 1681 1703
f 1701 1703 1702
f 1702 1703 1704
f 1702 1704 1684
f 1703 1681 1705
f 1703 1705 1704
f 1704 1705 1706
f 1704 1706 1684
f 1705 1681 1707
f 1705 1707 1706
f 1706 1707 1708
f 1706 1708 1684
f 1707 1681 1709
f 1707 1709 1708
f 1708 1709 1710
f 1708 1710 1684
f 1709 1681 1711
f 1709 1711 1710
f 1710 1711 1712
f 1710 1712 1684
f 1711 1681 1713
f 1711 1713 1712
f 1712 1713 1714
f 1712 1714 1684
f 1713 1681 1715
f 1713 1715 1714
f 1714 1715 1716
f 1714 1716 1684
f 1715 1681 1717
f 1715 1717 1716
f 1716 1717 1718
f 1716 1718 1684
f 1717 1681 1719
f 1717 1719 1718
f 1718 1719 1720
f 1718 1720 1684
f 1719 1681 1721
f 1719 1721 1720
f 1720 1721 1722
f 1720 1722 1684
f 1721 1681 1723
f 1721 1723 1722
f 1722 1723 1724
f 1722 1724 1684
f 1723 1681 1725
f 1723 1725 1724
f 1724 1725 1726
f 1724 1726 1684
f 1725 1681 1727
f 1725 1727 1726
f 1726 1727 1728
f 1726 1728 1684
f 1727 1681 1729
f 1727 1729 1728
f 1728 1729 1730
f 1728 1730 1684
f 1729 1681 1682
f 1729 1682 1730
f 1730 1682 1683
f 1730 1683 1684

o wheel_59_-1
v 59.00000000 -18.79999924 6.40000010 0.08627451 0.09411765 0.09803922
v 59.00000000 -18.79999924 0.10000000 0.08627451 0.09411765 0.09803922
v 59.00000000 -15.60000038 0.10000000 0.08627451 0.09411765 0.09803922
v 59.00000000 -15.60000038 6.40000010 0.08627451 0.09411765 0.09803922
v 57.77093124 -18.79999924 0.22105274 0.08627451 0.09411765 0.09803922
v 57.77093124 -15.60000038 0.22105274 0.08627451 0.09411765 0.09803922
v 56.58909607 -18.79999924 0.57955897 0.08627451 0.09411765 0.09803922
v 56.58909607 -15.60000038 0.57955897 0.08627451 0.09411765 0.09803922
v 55.49990845 -18.79999924 1.16174150 0.08627451 0.09411765 0.09803922
v 55.49990845 -15.60000038 1.16174150 0.08627451 0.09411765 0.09803922
v 54.54522705 -18.79999924 1.94522727 0.08627451 0.09411765 0.09803922
v 54.54522705 -15.60000038 1.94522727 0.08627451 0.09411765 0.09803922
v 53.76174164 -18.79999924 2.89990759 0.08627451 0.09411765 0.09803922
v 53.76174164 -15.60000038 2.89990759 0.08627451 0.09411765 0.09803922
v 53.17955780 -18.79999924 3.98909426 0.08627451 0.09411765 0.09803922
v 53.17955780 -15.60000038 3.98909426 0.08627451 0.09411765 0.09803922
v 52.82105255 -18.79999924 5.17093086 0.08627451 0.09411765 0.09803922
v 52.82105255 -15.60000038 5.17093086 0.08627451 0.09411765 0.09803922
v 52.70000076 -18.79999924 6.40000010 0.08627451 0.09411765 0.09803922
v 52.70000076 -15.60000038 6.40000010 0.08627451 0.09411765 0.09803922
v 52.82105255 -18.79999924 7.62906885 0.08627451 0.09411765 0.09803922
v 52.82105255 -15.60000038 7.62906885 0.08627451 0.09411765 0.09803922
v 53.17955780 -18.79999924 8.81090546 0.08627451 0.09411765 0.09803922
v 53.17955780 -15.60000038 8.81090546 0.08627451 0.09411765 0.09803922
v 53.76174164 -18.79999924 9.90009212 0.08627451 0.09411765 0.09803922
v 53.76174164 -15.60000038 9.90009212 0.08627451 0.09411765 0.09803922
v 54.54522705 -18.79999924 10.85477257 0.08627451 0.09411765 0.09803922
v 54.54522705 -15.60000038 10.85477257 0.08627451 0.09411765 0.09803922
v 55.49990845 -18.79999924 11.63825893 0.08627451 0.09411765 0.09803922
v 55.49990845 -15.60000038 11.63825893 0.08627451 0.09411765 0.09803922
v 56.58909607 -18.79999924 12.22044086 0.08627451 0.09411765 0.09803922
v 56.58909607 -15.60000038 12.22044086 0.08627451 0.09411765 0.09803922
v 57.77093124 -18.79999924 12.57894707 0.08627451 0.09411765 0.09803922
v 57.77093124 -15.60000038 12.57894707 0.08627451 0.09411765 0.09803922
v 59.00000000 -18.79999924 12.69999981 0.08627451 0.09411765 0.09803922
v 59.00000000 -15.60000038 12.69999981 0.08627451 0.09411765 0.09803922
v 60.22906876 -18.79999924 12.57894707 0.08627451 0.09411765 0.09803922
v 60.22906876 -15.60000038 12.57894707 0.08627451 0.09411765 0.09803922
v 61.41090393 -18.79999924 12.22044086 0.08627451 0.09411765 0.09803922
v 61.41090393 -15.60000038 12.22044086 0.08627451 0.09411765 0.09803922
v 62.50009155 -18.79999924 11.63825893 0.08627451 0.09411765 0.09803922
v 62.50009155 -15.60000038 11.63825893 0.08627451 0.09411765 0.09803922
v 63.45477295 -18.79999924 10.85477257 0.08627451 0.09411765 0.09803922
v 63.45477295 -15.60000038 10.85477257 0.08627451 0.09411765 0.09803922
v 64.23825836 -18.79999924 9.90009212 0.08627451 0.09411765 0.09803922
v 64.23825836 -15.60000038 9.90009212 0.08627451 0.09411765 0.09803922
v 64.82044220 -18.79999924 8.81090546 0.08627451 0.09411765 0.09803922
v 64.82044220 -15.60000038 8.81090546 0.08627451 0.09411765 0.09803922
v 65.17894745 -18.79999924 7.62906885 0.08627451 0.09411765 0.09803922
v 65.17894745 -15.60000038 7.62906885 0.08627451 0.09411765 0.09803922
v 65.30000305 -18.79999924 6.40000010 0.08627451 0.09411765 0.09803922
v 65.30000305 -15.60000038 6.40000010 0.08627451 0.09411765 0.09803922
v 65.17894745 -18.79999924 5.17093086 0.08627451 0.09411765 0.09803922
v 65.17894745 -15.60000038 5.17093086 0.08627451 0.09411765 0.09803922
v 64.82044220 -18.79999924 3.98909426 0.08627451 0.09411765 0.09803922
v 64.82044220 -15.60000038 3.98909426 0.08627451 0.09411765 0.09803922
v 64.23825836 -18.79999924 2.89990759 0.08627451 0.09411765 0.09803922
v 64.23825836 -15.60000038 2.89990759 0.08627451 0.09411765 0.09803922
v 63.45477295 -18.79999924 1.94522727 0.08627451 0.09411765 0.09803922
v 63.45477295 -15.60000038 1.94522727 0.08627451 0.09411765 0.09803922
v 62.50009155 -18.79999924 1.16174150 0.08627451 0.09411765 0.09803922
v 62.50009155 -15.60000038 1.16174150 0.08627451 0.09411765 0.09803922
v 61.41090393 -18.79999924 0.57955897 0.08627451 0.09411765 0.09803922
v 61.41090393 -15.60000038 0.57955897 0.08627451 0.09411765 0.09803922
v 60.22906876 -18.79999924 0.22105274 0.08627451 0.09411765 0.09803922
v 60.22906876 -15.60000038 0.22105274 0.08627451 0.09411765 0.09803922
f 1732 1731 1735
f 1732 1735 1733
f 1733 1735 1736
f 1733 1736 1734
f 1735 1731 1737
f 1735 1737 1736
f 1736 1737 1738
f 1736 1738 1734
f 1737 1731 1739
f 1737 1739 1738
f 1738 1739 1740
f 1738 1740 1734
f 1739 1731 1741
f 1739 1741 1740
f 1740 1741 1742
f 1740 1742 1734
f 1741 1731 1743
f 1741 1743 1742
f 1742 1743 1744
f 1742 1744 1734
f 1743 1731 1745
f 1743 1745 1744
f 1744 1745 1746
f 1744 1746 1734
f 1745 1731 1747
f 1745 1747 1746
f 1746 1747 1748
f 1746 1748 1734
f 1747 1731 1749
f 1747 1749 1748
f 1748 1749 1750
f 1748 1750 1734
f 1749 1731 1751
f 1749 1751 1750
f 1750 1751 1752
f 1750 1752 1734
f 1751 1731 1753
f 1751 1753 1752
f 1752 1753 1754
f 1752 1754 1734
f 1753 1731 1755
f 1753 1755 1754
f 1754 1755 1756
f 1754 1756 1734
f 1755 1731 1757
f 1755 1757 1756
f 1756 1757 1758
f 1756 1758 1734
f 1757 1731 1759
f 1757 1759 1758
f 1758 1759 1760
f 1758 1760 1734
f 1759 1731 1761
f 1759 1761 1760
f 1760 1761 1762
f 1760 1762 1734
f 1761 1731 1763
f 1761 1763 1762
f 1762 1763 1764
f 1762 1764 1734
f 1763 1731 1765
f 1763 1765 1764
f 1764 1765 1766
f 1764 1766 1734
f 1765 1731 1767
f 1765 1767 1766
f 1766 1767 1768
f 1766 1768 1734
f 1767 1731 1769
f 1767 1769 1768
f 1768 1769 1770
f 1768 1770 1734
f 1769 1731 1771
f 1769 1771 1770
f 1770 1771 1772
f 1770 1772 1734
f 1771 1731 1773
f 1771 1773 1772
f 1772 1773 1774
f 1772 1774 1734
f 1773 1731 1775
f 1773 1775 1774
f 1774 1775 1776
f 1774 1776 1734
f 1775 1731 1777
f 1775 1777 1776
f 1776 1777 1778
f 1776 1778 1734
f 1777 1731 1779
f 1777 1779 1778
f 1778 1779 1780
f 1778 1780 1734
f 1779 1731 1781
f 1779 1781 1780
f 1780 1781 1782
f 1780 1782 1734
f 1781 1731 1783
f 1781 1783 1782
f 1782 1783 1784
f 1782 1784 1734
f 1783 1731 1785
f 1783 1785 1784
f 1784 1785 1786
f 1784 1786 1734
f 1785 1731 1787
f 1785 1787 1786
f 1786 1787 1788
f 1786 1788 1734
f 1787 1731 1789
f 1787 1789 1788
f 1788 1789 1790
f 1788 1790 1734
f 1789 1731 1791
f 1789 1791 1790
f 1790 1791 1792
f 1790 1792 1734
f 1791 1731 1793
f 1791 1793 1792
f 1792 1793 1794
f 1792 1794 1734
f 1793 1731 1795
f 1793 1795 1794
f 1794 1795 1796
f 1794 1796 1734
f 1795 1731 1732
f 1795 1732 1796
f 1796 1732 1733
f 1796 1733 1734

o bogie_detail_42_1_10.5
v 40.00000000 17.00000000 9.89999962 0.65882353 0.67843137 0.67450980
v 40.00000000 17.00000000 11.10000038 0.65882353 0.67843137 0.67450980
v 40.00000000 18.20000076 9.89999962 0.65882353 0.67843137 0.67450980
v 40.00000000 18.20000076 11.10000038 0.65882353 0.67843137 0.67450980
v 44.00000000 17.00000000 9.89999962 0.65882353 0.67843137 0.67450980
v 44.00000000 17.00000000 11.10000038 0.65882353 0.67843137 0.67450980
v 44.00000000 18.20000076 9.89999962 0.65882353 0.67843137 0.67450980
v 44.00000000 18.20000076 11.10000038 0.65882353 0.67843137 0.67450980
f 1798 1800 1797
f 1801 1798 1797
f 1797 1800 1799
f 1799 1801 1797
f 1798 1804 1800
f 1802 1798 1801
f 1802 1804 1798
f 1800 1804 1799
f 1803 1801 1799
f 1799 1804 1803
f 1803 1802 1801
f 1804 1802 1803

o bogie_detail_42_1_8.5
v 40.00000000 17.00000000 7.90000010 0.65882353 0.67843137 0.67450980
v 40.00000000 17.00000000 9.10000038 0.65882353 0.67843137 0.67450980
v 40.00000000 18.20000076 7.90000010 0.65882353 0.67843137 0.67450980
v 40.00000000 18.20000076 9.10000038 0.65882353 0.67843137 0.67450980
v 44.00000000 17.00000000 7.90000010 0.65882353 0.67843137 0.67450980
v 44.00000000 17.00000000 9.10000038 0.65882353 0.67843137 0.67450980
v 44.00000000 18.20000076 7.90000010 0.65882353 0.67843137 0.67450980
v 44.00000000 18.20000076 9.10000038 0.65882353 0.67843137 0.67450980
f 1806 1808 1805
f 1809 1806 1805
f 1805 1808 1807
f 1807 1809 1805
f 1806 1812 1808
f 1810 1806 1809
f 1810 1812 1806
f 1808 1812 1807
f 1811 1809 1807
f 1807 1812 1811
f 1811 1810 1809
f 1812 1810 1811

o hub_inner_42_1
v 42.00000000 15.30000019 6.40000010 0.18823529 0.20784314 0.21960784
v 42.00000000 15.30000019 5.30000019 0.18823529 0.20784314 0.21960784
v 42.00000000 19.10000038 5.30000019 0.18823529 0.20784314 0.21960784
v 42.00000000 19.10000038 6.40000010 0.18823529 0.20784314 0.21960784
v 41.66007996 15.30000019 5.35383797 0.18823529 0.20784314 0.21960784
v 41.66007996 19.10000038 5.35383797 0.18823529 0.20784314 0.21960784
v 41.35343552 15.30000019 5.51008129 0.18823529 0.20784314 0.21960784
v 41.35343552 19.10000038 5.51008129 0.18823529 0.20784314 0.21960784
v 41.11008072 15.30000019 5.75343609 0.18823529 0.20784314 0.21960784
v 41.11008072 19.10000038 5.75343609 0.18823529 0.20784314 0.21960784
v 40.95383835 15.30000019 6.06008148 0.18823529 0.20784314 0.21960784
v 40.95383835 19.10000038 6.06008148 0.18823529 0.20784314 0.21960784
v 40.90000153 15.30000019 6.40000010 0.18823529 0.20784314 0.21960784
v 40.90000153 19.10000038 6.40000010 0.18823529 0.20784314 0.21960784
v 40.95383835 15.30000019 6.73991871 0.18823529 0.20784314 0.21960784
v 40.95383835 19.10000038 6.73991871 0.18823529 0.20784314 0.21960784
v 41.11008072 15.30000019 7.04656363 0.18823529 0.20784314 0.21960784
v 41.11008072 19.10000038 7.04656363 0.18823529 0.20784314 0.21960784
v 41.35343552 15.30000019 7.28991890 0.18823529 0.20784314 0.21960784
v 41.35343552 19.10000038 7.28991890 0.18823529 0.20784314 0.21960784
v 41.66007996 15.30000019 7.44616222 0.18823529 0.20784314 0.21960784
v 41.66007996 19.10000038 7.44616222 0.18823529 0.20784314 0.21960784
v 42.00000000 15.30000019 7.50000000 0.18823529 0.20784314 0.21960784
v 42.00000000 19.10000038 7.50000000 0.18823529 0.20784314 0.21960784
v 42.33992004 15.30000019 7.44616222 0.18823529 0.20784314 0.21960784
v 42.33992004 19.10000038 7.44616222 0.18823529 0.20784314 0.21960784
v 42.64656448 15.30000019 7.28991890 0.18823529 0.20784314 0.21960784
v 42.64656448 19.10000038 7.28991890 0.18823529 0.20784314 0.21960784
v 42.88991928 15.30000019 7.04656363 0.18823529 0.20784314 0.21960784
v 42.88991928 19.10000038 7.04656363 0.18823529 0.20784314 0.21960784
v 43.04616165 15.30000019 6.73991871 0.18823529 0.20784314 0.21960784
v 43.04616165 19.10000038 6.73991871 0.18823529 0.20784314 0.21960784
v 43.09999847 15.30000019 6.40000010 0.18823529 0.20784314 0.21960784
v 43.09999847 19.10000038 6.40000010 0.18823529 0.20784314 0.21960784
v 43.04616165 15.30000019 6.06008148 0.18823529 0.20784314 0.21960784
v 43.04616165 19.10000038 6.06008148 0.18823529 0.20784314 0.21960784
v 42.88991928 15.30000019 5.75343609 0.18823529 0.20784314 0.21960784
v 42.88991928 19.10000038 5.75343609 0.18823529 0.20784314 0.21960784
v 42.64656448 15.30000019 5.51008129 0.18823529 0.20784314 0.21960784
v 42.64656448 19.10000038 5.51008129 0.18823529 0.20784314 0.21960784
v 42.33992004 15.30000019 5.35383797 0.18823529 0.20784314 0.21960784
v 42.33992004 19.10000038 5.35383797 0.18823529 0.20784314 0.21960784
f 1814 1813 1817
f 1814 1817 1815
f 1815 1817 1818
f 1815 1818 1816
f 1817 1813 1819
f 1817 1819 1818
f 1818 1819 1820
f 1818 1820 1816
f 1819 1813 1821
f 1819 1821 1820
f 1820 1821 1822
f 1820 1822 1816
f 1821 1813 1823
f 1821 1823 1822
f 1822 1823 1824
f 1822 1824 1816
f 1823 1813 1825
f 1823 1825 1824
f 1824 1825 1826
f 1824 1826 1816
f 1825 1813 1827
f 1825 1827 1826
f 1826 1827 1828
f 1826 1828 1816
f 1827 1813 1829
f 1827 1829 1828
f 1828 1829 1830
f 1828 1830 1816
f 1829 1813 1831
f 1829 1831 1830
f 1830 1831 1832
f 1830 1832 1816
f 1831 1813 1833
f 1831 1833 1832
f 1832 1833 1834
f 1832 1834 1816
f 1833 1813 1835
f 1833 1835 1834
f 1834 1835 1836
f 1834 1836 1816
f 1835 1813 1837
f 1835 1837 1836
f 1836 1837 1838
f 1836 1838 1816
f 1837 1813 1839
f 1837 1839 1838
f 1838 1839 1840
f 1838 1840 1816
f 1839 1813 1841
f 1839 1841 1840
f 1840 1841 1842
f 1840 1842 1816
f 1841 1813 1843
f 1841 1843 1842
f 1842 1843 1844
f 1842 1844 1816
f 1843 1813 1845
f 1843 1845 1844
f 1844 1845 1846
f 1844 1846 1816
f 1845 1813 1847
f 1845 1847 1846
f 1846 1847 1848
f 1846 1848 1816
f 1847 1813 1849
f 1847 1849 1848
f 1848 1849 1850
f 1848 1850 1816
f 1849 1813 1851
f 1849 1851 1850
f 1850 1851 1852
f 1850 1852 1816
f 1851 1813 1853
f 1851 1853 1852
f 1852 1853 1854
f 1852 1854 1816
f 1853 1813 1814
f 1853 1814 1854
f 1854 1814 1815
f 1854 1815 1816

o wheel_hub_42_1
v 42.00000000 15.44999981 6.40000010 0.65882353 0.67843137 0.67450980
v 42.00000000 15.44999981 3.79999995 0.65882353 0.67843137 0.67450980
v 42.00000000 18.95000076 3.79999995 0.65882353 0.67843137 0.67450980
v 42.00000000 18.95000076 6.40000010 0.65882353 0.67843137 0.67450980
v 41.32707214 15.44999981 3.88859296 0.65882353 0.67843137 0.67450980
v 41.32707214 18.95000076 3.88859296 0.65882353 0.67843137 0.67450980
v 40.70000076 15.44999981 4.14833403 0.65882353 0.67843137 0.67450980
v 40.70000076 18.95000076 4.14833403 0.65882353 0.67843137 0.67450980
v 40.16152191 15.44999981 4.56152248 0.65882353 0.67843137 0.67450980
v 40.16152191 18.95000076 4.56152248 0.65882353 0.67843137 0.67450980
v 39.74833298 15.44999981 5.09999990 0.65882353 0.67843137 0.67450980
v 39.74833298 18.95000076 5.09999990 0.65882353 0.67843137 0.67450980
v 39.48859406 15.44999981 5.72707033 0.65882353 0.67843137 0.67450980
v 39.48859406 18.95000076 5.72707033 0.65882353 0.67843137 0.67450980
v 39.40000153 15.44999981 6.40000010 0.65882353 0.67843137 0.67450980
v 39.40000153 18.95000076 6.40000010 0.65882353 0.67843137 0.67450980
v 39.48859406 15.44999981 7.07292938 0.65882353 0.67843137 0.67450980
v 39.48859406 18.95000076 7.07292938 0.65882353 0.67843137 0.67450980
v 39.74833298 15.44999981 7.69999981 0.65882353 0.67843137 0.67450980
v 39.74833298 18.95000076 7.69999981 0.65882353 0.67843137 0.67450980
v 40.16152191 15.44999981 8.23847771 0.65882353 0.67843137 0.67450980
v 40.16152191 18.95000076 8.23847771 0.65882353 0.67843137 0.67450980
v 40.70000076 15.44999981 8.65166569 0.65882353 0.67843137 0.67450980
v 40.70000076 18.95000076 8.65166569 0.65882353 0.67843137 0.67450980
v 41.32707214 15.44999981 8.91140747 0.65882353 0.67843137 0.67450980
v 41.32707214 18.95000076 8.91140747 0.65882353 0.67843137 0.67450980
v 42.00000000 15.44999981 9.00000000 0.65882353 0.67843137 0.67450980
v 42.00000000 18.95000076 9.00000000 0.65882353 0.67843137 0.67450980
v 42.67292786 15.44999981 8.91140747 0.65882353 0.67843137 0.67450980
v 42.67292786 18.95000076 8.91140747 0.65882353 0.67843137 0.67450980
v 43.29999924 15.44999981 8.65166569 0.65882353 0.67843137 0.67450980
v 43.29999924 18.95000076 8.65166569 0.65882353 0.67843137 0.67450980
v 43.83847809 15.44999981 8.23847771 0.65882353 0.67843137 0.67450980
v 43.83847809 18.95000076 8.23847771 0.65882353 0.67843137 0.67450980
v 44.25166702 15.44999981 7.69999981 0.65882353 0.67843137 0.67450980
v 44.25166702 18.95000076 7.69999981 0.65882353 0.67843137 0.67450980
v 44.51140594 15.44999981 7.07292938 0.65882353 0.67843137 0.67450980
v 44.51140594 18.95000076 7.07292938 0.65882353 0.67843137 0.67450980
v 44.59999847 15.44999981 6.40000010 0.65882353 0.67843137 0.67450980
v 44.59999847 18.95000076 6.40000010 0.65882353 0.67843137 0.67450980
v 44.51140594 15.44999981 5.72707033 0.65882353 0.67843137 0.67450980
v 44.51140594 18.95000076 5.72707033 0.65882353 0.67843137 0.67450980
v 44.25166702 15.44999981 5.09999990 0.65882353 0.67843137 0.67450980
v 44.25166702 18.95000076 5.09999990 0.65882353 0.67843137 0.67450980
v 43.83847809 15.44999981 4.56152248 0.65882353 0.67843137 0.67450980
v 43.83847809 18.95000076 4.56152248 0.65882353 0.67843137 0.67450980
v 43.29999924 15.44999981 4.14833403 0.65882353 0.67843137 0.67450980
v 43.29999924 18.95000076 4.14833403 0.65882353 0.67843137 0.67450980
v 42.67292786 15.44999981 3.88859296 0.65882353 0.67843137 0.67450980
v 42.67292786 18.95000076 3.88859296 0.65882353 0.67843137 0.67450980
f 1856 1855 1859
f 1856 1859 1857
f 1857 1859 1860
f 1857 1860 1858
f 1859 1855 1861
f 1859 1861 1860
f 1860 1861 1862
f 1860 1862 1858
f 1861 1855 1863
f 1861 1863 1862
f 1862 1863 1864
f 1862 1864 1858
f 1863 1855 1865
f 1863 1865 1864
f 1864 1865 1866
f 1864 1866 1858
f 1865 1855 1867
f 1865 1867 1866
f 1866 1867 1868
f 1866 1868 1858
f 1867 1855 1869
f 1867 1869 1868
f 1868 1869 1870
f 1868 1870 1858
f 1869 1855 1871
f 1869 1871 1870
f 1870 1871 1872
f 1870 1872 1858
f 1871 1855 1873
f 1871 1873 1872
f 1872 1873 1874
f 1872 1874 1858
f 1873 1855 1875
f 1873 1875 1874
f 1874 1875 1876
f 1874 1876 1858
f 1875 1855 1877
f 1875 1877 1876
f 1876 1877 1878
f 1876 1878 1858
f 1877 1855 1879
f 1877 1879 1878
f 1878 1879 1880
f 1878 1880 1858
f 1879 1855 1881
f 1879 1881 1880
f 1880 1881 1882
f 1880 1882 1858
f 1881 1855 1883
f 1881 1883 1882
f 1882 1883 1884
f 1882 1884 1858
f 1883 1855 1885
f 1883 1885 1884
f 1884 1885 1886
f 1884 1886 1858
f 1885 1855 1887
f 1885 1887 1886
f 1886 1887 1888
f 1886 1888 1858
f 1887 1855 1889
f 1887 1889 1888
f 1888 1889 1890
f 1888 1890 1858
f 1889 1855 1891
f 1889 1891 1890
f 1890 1891 1892
f 1890 1892 1858
f 1891 1855 1893
f 1891 1893 1892
f 1892 1893 1894
f 1892 1894 1858
f 1893 1855 1895
f 1893 1895 1894
f 1894 1895 1896
f 1894 1896 1858
f 1895 1855 1897
f 1895 1897 1896
f 1896 1897 1898
f 1896 1898 1858
f 1897 1855 1899
f 1897 1899 1898
f 1898 1899 1900
f 1898 1900 1858
f 1899 1855 1901
f 1899 1901 1900
f 1900 1901 1902
f 1900 1902 1858
f 1901 1855 1903
f 1901 1903 1902
f 1902 1903 1904
f 1902 1904 1858
f 1903 1855 1856
f 1903 1856 1904
f 1904 1856 1857
f 1904 1857 1858

o wheel_42_1
v 42.00000000 15.60000038 6.40000010 0.08627451 0.09411765 0.09803922
v 42.00000000 15.60000038 0.10000000 0.08627451 0.09411765 0.09803922
v 42.00000000 18.79999924 0.10000000 0.08627451 0.09411765 0.09803922
v 42.00000000 18.79999924 6.40000010 0.08627451 0.09411765 0.09803922
v 40.77093124 15.60000038 0.22105274 0.08627451 0.09411765 0.09803922
v 40.77093124 18.79999924 0.22105274 0.08627451 0.09411765 0.09803922
v 39.58909607 15.60000038 0.57955897 0.08627451 0.09411765 0.09803922
v 39.58909607 18.79999924 0.57955897 0.08627451 0.09411765 0.09803922
v 38.49990845 15.60000038 1.16174150 0.08627451 0.09411765 0.09803922
v 38.49990845 18.79999924 1.16174150 0.08627451 0.09411765 0.09803922
v 37.54522705 15.60000038 1.94522727 0.08627451 0.09411765 0.09803922
v 37.54522705 18.79999924 1.94522727 0.08627451 0.09411765 0.09803922
v 36.76174164 15.60000038 2.89990759 0.08627451 0.09411765 0.09803922
v 36.76174164 18.79999924 2.89990759 0.08627451 0.09411765 0.09803922
v 36.17955780 15.60000038 3.98909426 0.08627451 0.09411765 0.09803922
v 36.17955780 18.79999924 3.98909426 0.08627451 0.09411765 0.09803922
v 35.82105255 15.60000038 5.17093086 0.08627451 0.09411765 0.09803922
v 35.82105255 18.79999924 5.17093086 0.08627451 0.09411765 0.09803922
v 35.70000076 15.60000038 6.40000010 0.08627451 0.09411765 0.09803922
v 35.70000076 18.79999924 6.40000010 0.08627451 0.09411765 0.09803922
v 35.82105255 15.60000038 7.62906885 0.08627451 0.09411765 0.09803922
v 35.82105255 18.79999924 7.62906885 0.08627451 0.09411765 0.09803922
v 36.17955780 15.60000038 8.81090546 0.08627451 0.09411765 0.09803922
v 36.17955780 18.79999924 8.81090546 0.08627451 0.09411765 0.09803922
v 36.76174164 15.60000038 9.90009212 0.08627451 0.09411765 0.09803922
v 36.76174164 18.79999924 9.90009212 0.08627451 0.09411765 0.09803922
v 37.54522705 15.60000038 10.85477257 0.08627451 0.09411765 0.09803922
v 37.54522705 18.79999924 10.85477257 0.08627451 0.09411765 0.09803922
v 38.49990845 15.60000038 11.63825893 0.08627451 0.09411765 0.09803922
v 38.49990845 18.79999924 11.63825893 0.08627451 0.09411765 0.09803922
v 39.58909607 15.60000038 12.22044086 0.08627451 0.09411765 0.09803922
v 39.58909607 18.79999924 12.22044086 0.08627451 0.09411765 0.09803922
v 40.77093124 15.60000038 12.57894707 0.08627451 0.09411765 0.09803922
v 40.77093124 18.79999924 12.57894707 0.08627451 0.09411765 0.09803922
v 42.00000000 15.60000038 12.69999981 0.08627451 0.09411765 0.09803922
v 42.00000000 18.79999924 12.69999981 0.08627451 0.09411765 0.09803922
v 43.22906876 15.60000038 12.57894707 0.08627451 0.09411765 0.09803922
v 43.22906876 18.79999924 12.57894707 0.08627451 0.09411765 0.09803922
v 44.41090393 15.60000038 12.22044086 0.08627451 0.09411765 0.09803922
v 44.41090393 18.79999924 12.22044086 0.08627451 0.09411765 0.09803922
v 45.50009155 15.60000038 11.63825893 0.08627451 0.09411765 0.09803922
v 45.50009155 18.79999924 11.63825893 0.08627451 0.09411765 0.09803922
v 46.45477295 15.60000038 10.85477257 0.08627451 0.09411765 0.09803922
v 46.45477295 18.79999924 10.85477257 0.08627451 0.09411765 0.09803922
v 47.23825836 15.60000038 9.90009212 0.08627451 0.09411765 0.09803922
v 47.23825836 18.79999924 9.90009212 0.08627451 0.09411765 0.09803922
v 47.82044220 15.60000038 8.81090546 0.08627451 0.09411765 0.09803922
v 47.82044220 18.79999924 8.81090546 0.08627451 0.09411765 0.09803922
v 48.17894745 15.60000038 7.62906885 0.08627451 0.09411765 0.09803922
v 48.17894745 18.79999924 7.62906885 0.08627451 0.09411765 0.09803922
v 48.29999924 15.60000038 6.40000010 0.08627451 0.09411765 0.09803922
v 48.29999924 18.79999924 6.40000010 0.08627451 0.09411765 0.09803922
v 48.17894745 15.60000038 5.17093086 0.08627451 0.09411765 0.09803922
v 48.17894745 18.79999924 5.17093086 0.08627451 0.09411765 0.09803922
v 47.82044220 15.60000038 3.98909426 0.08627451 0.09411765 0.09803922
v 47.82044220 18.79999924 3.98909426 0.08627451 0.09411765 0.09803922
v 47.23825836 15.60000038 2.89990759 0.08627451 0.09411765 0.09803922
v 47.23825836 18.79999924 2.89990759 0.08627451 0.09411765 0.09803922
v 46.45477295 15.60000038 1.94522727 0.08627451 0.09411765 0.09803922
v 46.45477295 18.79999924 1.94522727 0.08627451 0.09411765 0.09803922
v 45.50009155 15.60000038 1.16174150 0.08627451 0.09411765 0.09803922
v 45.50009155 18.79999924 1.16174150 0.08627451 0.09411765 0.09803922
v 44.41090393 15.60000038 0.57955897 0.08627451 0.09411765 0.09803922
v 44.41090393 18.79999924 0.57955897 0.08627451 0.09411765 0.09803922
v 43.22906876 15.60000038 0.22105274 0.08627451 0.09411765 0.09803922
v 43.22906876 18.79999924 0.22105274 0.08627451 0.09411765 0.09803922
f 1906 1905 1909
f 1906 1909 1907
f 1907 1909 1910
f 1907 1910 1908
f 1909 1905 1911
f 1909 1911 1910
f 1910 1911 1912
f 1910 1912 1908
f 1911 1905 1913
f 1911 1913 1912
f 1912 1913 1914
f 1912 1914 1908
f 1913 1905 1915
f 1913 1915 1914
f 1914 1915 1916
f 1914 1916 1908
f 1915 1905 1917
f 1915 1917 1916
f 1916 1917 1918
f 1916 1918 1908
f 1917 1905 1919
f 1917 1919 1918
f 1918 1919 1920
f 1918 1920 1908
f 1919 1905 1921
f 1919 1921 1920
f 1920 1921 1922
f 1920 1922 1908
f 1921 1905 1923
f 1921 1923 1922
f 1922 1923 1924
f 1922 1924 1908
f 1923 1905 1925
f 1923 1925 1924
f 1924 1925 1926
f 1924 1926 1908
f 1925 1905 1927
f 1925 1927 1926
f 1926 1927 1928
f 1926 1928 1908
f 1927 1905 1929
f 1927 1929 1928
f 1928 1929 1930
f 1928 1930 1908
f 1929 1905 1931
f 1929 1931 1930
f 1930 1931 1932
f 1930 1932 1908
f 1931 1905 1933
f 1931 1933 1932
f 1932 1933 1934
f 1932 1934 1908
f 1933 1905 1935
f 1933 1935 1934
f 1934 1935 1936
f 1934 1936 1908
f 1935 1905 1937
f 1935 1937 1936
f 1936 1937 1938
f 1936 1938 1908
f 1937 1905 1939
f 1937 1939 1938
f 1938 1939 1940
f 1938 1940 1908
f 1939 1905 1941
f 1939 1941 1940
f 1940 1941 1942
f 1940 1942 1908
f 1941 1905 1943
f 1941 1943 1942
f 1942 1943 1944
f 1942 1944 1908
f 1943 1905 1945
f 1943 1945 1944
f 1944 1945 1946
f 1944 1946 1908
f 1945 1905 1947
f 1945 1947 1946
f 1946 1947 1948
f 1946 1948 1908
f 1947 1905 1949
f 1947 1949 1948
f 1948 1949 1950
f 1948 1950 1908
f 1949 1905 1951
f 1949 1951 1950
f 1950 1951 1952
f 1950 1952 1908
f 1951 1905 1953
f 1951 1953 1952
f 1952 1953 1954
f 1952 1954 1908
f 1953 1905 1955
f 1953 1955 1954
f 1954 1955 1956
f 1954 1956 1908
f 1955 1905 1957
f 1955 1957 1956
f 1956 1957 1958
f 1956 1958 1908
f 1957 1905 1959
f 1957 1959 1958
f 1958 1959 1960
f 1958 1960 1908
f 1959 1905 1961
f 1959 1961 1960
f 1960 1961 1962
f 1960 1962 1908
f 1961 1905 1963
f 1961 1963 1962
f 1962 1963 1964
f 1962 1964 1908
f 1963 1905 1965
f 1963 1965 1964
f 1964 1965 1966
f 1964 1966 1908
f 1965 1905 1967
f 1965 1967 1966
f 1966 1967 1968
f 1966 1968 1908
f 1967 1905 1969
f 1967 1969 1968
f 1968 1969 1970
f 1968 1970 1908
f 1969 1905 1906
f 1969 1906 1970
f 1970 1906 1907
f 1970 1907 1908

o bogie_detail_42_-1_10.5
v 40.00000000 -18.20000076 9.89999962 0.65882353 0.67843137 0.67450980
v 40.00000000 -18.20000076 11.10000038 0.65882353 0.67843137 0.67450980
v 40.00000000 -17.00000000 9.89999962 0.65882353 0.67843137 0.67450980
v 40.00000000 -17.00000000 11.10000038 0.65882353 0.67843137 0.67450980
v 44.00000000 -18.20000076 9.89999962 0.65882353 0.67843137 0.67450980
v 44.00000000 -18.20000076 11.10000038 0.65882353 0.67843137 0.67450980
v 44.00000000 -17.00000000 9.89999962 0.65882353 0.67843137 0.67450980
v 44.00000000 -17.00000000 11.10000038 0.65882353 0.67843137 0.67450980
f 1972 1974 1971
f 1975 1972 1971
f 1971 1974 1973
f 1973 1975 1971
f 1972 1978 1974
f 1976 1972 1975
f 1976 1978 1972
f 1974 1978 1973
f 1977 1975 1973
f 1973 1978 1977
f 1977 1976 1975
f 1978 1976 1977

o bogie_detail_42_-1_8.5
v 40.00000000 -18.20000076 7.90000010 0.65882353 0.67843137 0.67450980
v 40.00000000 -18.20000076 9.10000038 0.65882353 0.67843137 0.67450980
v 40.00000000 -17.00000000 7.90000010 0.65882353 0.67843137 0.67450980
v 40.00000000 -17.00000000 9.10000038 0.65882353 0.67843137 0.67450980
v 44.00000000 -18.20000076 7.90000010 0.65882353 0.67843137 0.67450980
v 44.00000000 -18.20000076 9.10000038 0.65882353 0.67843137 0.67450980
v 44.00000000 -17.00000000 7.90000010 0.65882353 0.67843137 0.67450980
v 44.00000000 -17.00000000 9.10000038 0.65882353 0.67843137 0.67450980
f 1980 1982 1979
f 1983 1980 1979
f 1979 1982 1981
f 1981 1983 1979
f 1980 1986 1982
f 1984 1980 1983
f 1984 1986 1980
f 1982 1986 1981
f 1985 1983 1981
f 1981 1986 1985
f 1985 1984 1983
f 1986 1984 1985

o hub_inner_42_-1
v 42.00000000 -19.10000038 6.40000010 0.18823529 0.20784314 0.21960784
v 42.00000000 -19.10000038 5.30000019 0.18823529 0.20784314 0.21960784
v 42.00000000 -15.30000019 5.30000019 0.18823529 0.20784314 0.21960784
v 42.00000000 -15.30000019 6.40000010 0.18823529 0.20784314 0.21960784
v 41.66007996 -19.10000038 5.35383797 0.18823529 0.20784314 0.21960784
v 41.66007996 -15.30000019 5.35383797 0.18823529 0.20784314 0.21960784
v 41.35343552 -19.10000038 5.51008129 0.18823529 0.20784314 0.21960784
v 41.35343552 -15.30000019 5.51008129 0.18823529 0.20784314 0.21960784
v 41.11008072 -19.10000038 5.75343609 0.18823529 0.20784314 0.21960784
v 41.11008072 -15.30000019 5.75343609 0.18823529 0.20784314 0.21960784
v 40.95383835 -19.10000038 6.06008148 0.18823529 0.20784314 0.21960784
v 40.95383835 -15.30000019 6.06008148 0.18823529 0.20784314 0.21960784
v 40.90000153 -19.10000038 6.40000010 0.18823529 0.20784314 0.21960784
v 40.90000153 -15.30000019 6.40000010 0.18823529 0.20784314 0.21960784
v 40.95383835 -19.10000038 6.73991871 0.18823529 0.20784314 0.21960784
v 40.95383835 -15.30000019 6.73991871 0.18823529 0.20784314 0.21960784
v 41.11008072 -19.10000038 7.04656363 0.18823529 0.20784314 0.21960784
v 41.11008072 -15.30000019 7.04656363 0.18823529 0.20784314 0.21960784
v 41.35343552 -19.10000038 7.28991890 0.18823529 0.20784314 0.21960784
v 41.35343552 -15.30000019 7.28991890 0.18823529 0.20784314 0.21960784
v 41.66007996 -19.10000038 7.44616222 0.18823529 0.20784314 0.21960784
v 41.66007996 -15.30000019 7.44616222 0.18823529 0.20784314 0.21960784
v 42.00000000 -19.10000038 7.50000000 0.18823529 0.20784314 0.21960784
v 42.00000000 -15.30000019 7.50000000 0.18823529 0.20784314 0.21960784
v 42.33992004 -19.10000038 7.44616222 0.18823529 0.20784314 0.21960784
v 42.33992004 -15.30000019 7.44616222 0.18823529 0.20784314 0.21960784
v 42.64656448 -19.10000038 7.28991890 0.18823529 0.20784314 0.21960784
v 42.64656448 -15.30000019 7.28991890 0.18823529 0.20784314 0.21960784
v 42.88991928 -19.10000038 7.04656363 0.18823529 0.20784314 0.21960784
v 42.88991928 -15.30000019 7.04656363 0.18823529 0.20784314 0.21960784
v 43.04616165 -19.10000038 6.73991871 0.18823529 0.20784314 0.21960784
v 43.04616165 -15.30000019 6.73991871 0.18823529 0.20784314 0.21960784
v 43.09999847 -19.10000038 6.40000010 0.18823529 0.20784314 0.21960784
v 43.09999847 -15.30000019 6.40000010 0.18823529 0.20784314 0.21960784
v 43.04616165 -19.10000038 6.06008148 0.18823529 0.20784314 0.21960784
v 43.04616165 -15.30000019 6.06008148 0.18823529 0.20784314 0.21960784
v 42.88991928 -19.10000038 5.75343609 0.18823529 0.20784314 0.21960784
v 42.88991928 -15.30000019 5.75343609 0.18823529 0.20784314 0.21960784
v 42.64656448 -19.10000038 5.51008129 0.18823529 0.20784314 0.21960784
v 42.64656448 -15.30000019 5.51008129 0.18823529 0.20784314 0.21960784
v 42.33992004 -19.10000038 5.35383797 0.18823529 0.20784314 0.21960784
v 42.33992004 -15.30000019 5.35383797 0.18823529 0.20784314 0.21960784
f 1988 1987 1991
f 1988 1991 1989
f 1989 1991 1992
f 1989 1992 1990
f 1991 1987 1993
f 1991 1993 1992
f 1992 1993 1994
f 1992 1994 1990
f 1993 1987 1995
f 1993 1995 1994
f 1994 1995 1996
f 1994 1996 1990
f 1995 1987 1997
f 1995 1997 1996
f 1996 1997 1998
f 1996 1998 1990
f 1997 1987 1999
f 1997 1999 1998
f 1998 1999 2000
f 1998 2000 1990
f 1999 1987 2001
f 1999 2001 2000
f 2000 2001 2002
f 2000 2002 1990
f 2001 1987 2003
f 2001 2003 2002
f 2002 2003 2004
f 2002 2004 1990
f 2003 1987 2005
f 2003 2005 2004
f 2004 2005 2006
f 2004 2006 1990
f 2005 1987 2007
f 2005 2007 2006
f 2006 2007 2008
f 2006 2008 1990
f 2007 1987 2009
f 2007 2009 2008
f 2008 2009 2010
f 2008 2010 1990
f 2009 1987 2011
f 2009 2011 2010
f 2010 2011 2012
f 2010 2012 1990
f 2011 1987 2013
f 2011 2013 2012
f 2012 2013 2014
f 2012 2014 1990
f 2013 1987 2015
f 2013 2015 2014
f 2014 2015 2016
f 2014 2016 1990
f 2015 1987 2017
f 2015 2017 2016
f 2016 2017 2018
f 2016 2018 1990
f 2017 1987 2019
f 2017 2019 2018
f 2018 2019 2020
f 2018 2020 1990
f 2019 1987 2021
f 2019 2021 2020
f 2020 2021 2022
f 2020 2022 1990
f 2021 1987 2023
f 2021 2023 2022
f 2022 2023 2024
f 2022 2024 1990
f 2023 1987 2025
f 2023 2025 2024
f 2024 2025 2026
f 2024 2026 1990
f 2025 1987 2027
f 2025 2027 2026
f 2026 2027 2028
f 2026 2028 1990
f 2027 1987 1988
f 2027 1988 2028
f 2028 1988 1989
f 2028 1989 1990

o wheel_hub_42_-1
v 42.00000000 -18.95000076 6.40000010 0.65882353 0.67843137 0.67450980
v 42.00000000 -18.95000076 3.79999995 0.65882353 0.67843137 0.67450980
v 42.00000000 -15.44999981 3.79999995 0.65882353 0.67843137 0.67450980
v 42.00000000 -15.44999981 6.40000010 0.65882353 0.67843137 0.67450980
v 41.32707214 -18.95000076 3.88859296 0.65882353 0.67843137 0.67450980
v 41.32707214 -15.44999981 3.88859296 0.65882353 0.67843137 0.67450980
v 40.70000076 -18.95000076 4.14833403 0.65882353 0.67843137 0.67450980
v 40.70000076 -15.44999981 4.14833403 0.65882353 0.67843137 0.67450980
v 40.16152191 -18.95000076 4.56152248 0.65882353 0.67843137 0.67450980
v 40.16152191 -15.44999981 4.56152248 0.65882353 0.67843137 0.67450980
v 39.74833298 -18.95000076 5.09999990 0.65882353 0.67843137 0.67450980
v 39.74833298 -15.44999981 5.09999990 0.65882353 0.67843137 0.67450980
v 39.48859406 -18.95000076 5.72707033 0.65882353 0.67843137 0.67450980
v 39.48859406 -15.44999981 5.72707033 0.65882353 0.67843137 0.67450980
v 39.40000153 -18.95000076 6.40000010 0.65882353 0.67843137 0.67450980
v 39.40000153 -15.44999981 6.40000010 0.65882353 0.67843137 0.67450980
v 39.48859406 -18.95000076 7.07292938 0.65882353 0.67843137 0.67450980
v 39.48859406 -15.44999981 7.07292938 0.65882353 0.67843137 0.67450980
v 39.74833298 -18.95000076 7.69999981 0.65882353 0.67843137 0.67450980
v 39.74833298 -15.44999981 7.69999981 0.65882353 0.67843137 0.67450980
v 40.16152191 -18.95000076 8.23847771 0.65882353 0.67843137 0.67450980
v 40.16152191 -15.44999981 8.23847771 0.65882353 0.67843137 0.67450980
v 40.70000076 -18.95000076 8.65166569 0.65882353 0.67843137 0.67450980
v 40.70000076 -15.44999981 8.65166569 0.65882353 0.67843137 0.67450980
v 41.32707214 -18.95000076 8.91140747 0.65882353 0.67843137 0.67450980
v 41.32707214 -15.44999981 8.91140747 0.65882353 0.67843137 0.67450980
v 42.00000000 -18.95000076 9.00000000 0.65882353 0.67843137 0.67450980
v 42.00000000 -15.44999981 9.00000000 0.65882353 0.67843137 0.67450980
v 42.67292786 -18.95000076 8.91140747 0.65882353 0.67843137 0.67450980
v 42.67292786 -15.44999981 8.91140747 0.65882353 0.67843137 0.67450980
v 43.29999924 -18.95000076 8.65166569 0.65882353 0.67843137 0.67450980
v 43.29999924 -15.44999981 8.65166569 0.65882353 0.67843137 0.67450980
v 43.83847809 -18.95000076 8.23847771 0.65882353 0.67843137 0.67450980
v 43.83847809 -15.44999981 8.23847771 0.65882353 0.67843137 0.67450980
v 44.25166702 -18.95000076 7.69999981 0.65882353 0.67843137 0.67450980
v 44.25166702 -15.44999981 7.69999981 0.65882353 0.67843137 0.67450980
v 44.51140594 -18.95000076 7.07292938 0.65882353 0.67843137 0.67450980
v 44.51140594 -15.44999981 7.07292938 0.65882353 0.67843137 0.67450980
v 44.59999847 -18.95000076 6.40000010 0.65882353 0.67843137 0.67450980
v 44.59999847 -15.44999981 6.40000010 0.65882353 0.67843137 0.67450980
v 44.51140594 -18.95000076 5.72707033 0.65882353 0.67843137 0.67450980
v 44.51140594 -15.44999981 5.72707033 0.65882353 0.67843137 0.67450980
v 44.25166702 -18.95000076 5.09999990 0.65882353 0.67843137 0.67450980
v 44.25166702 -15.44999981 5.09999990 0.65882353 0.67843137 0.67450980
v 43.83847809 -18.95000076 4.56152248 0.65882353 0.67843137 0.67450980
v 43.83847809 -15.44999981 4.56152248 0.65882353 0.67843137 0.67450980
v 43.29999924 -18.95000076 4.14833403 0.65882353 0.67843137 0.67450980
v 43.29999924 -15.44999981 4.14833403 0.65882353 0.67843137 0.67450980
v 42.67292786 -18.95000076 3.88859296 0.65882353 0.67843137 0.67450980
v 42.67292786 -15.44999981 3.88859296 0.65882353 0.67843137 0.67450980
f 2030 2029 2033
f 2030 2033 2031
f 2031 2033 2034
f 2031 2034 2032
f 2033 2029 2035
f 2033 2035 2034
f 2034 2035 2036
f 2034 2036 2032
f 2035 2029 2037
f 2035 2037 2036
f 2036 2037 2038
f 2036 2038 2032
f 2037 2029 2039
f 2037 2039 2038
f 2038 2039 2040
f 2038 2040 2032
f 2039 2029 2041
f 2039 2041 2040
f 2040 2041 2042
f 2040 2042 2032
f 2041 2029 2043
f 2041 2043 2042
f 2042 2043 2044
f 2042 2044 2032
f 2043 2029 2045
f 2043 2045 2044
f 2044 2045 2046
f 2044 2046 2032
f 2045 2029 2047
f 2045 2047 2046
f 2046 2047 2048
f 2046 2048 2032
f 2047 2029 2049
f 2047 2049 2048
f 2048 2049 2050
f 2048 2050 2032
f 2049 2029 2051
f 2049 2051 2050
f 2050 2051 2052
f 2050 2052 2032
f 2051 2029 2053
f 2051 2053 2052
f 2052 2053 2054
f 2052 2054 2032
f 2053 2029 2055
f 2053 2055 2054
f 2054 2055 2056
f 2054 2056 2032
f 2055 2029 2057
f 2055 2057 2056
f 2056 2057 2058
f 2056 2058 2032
f 2057 2029 2059
f 2057 2059 2058
f 2058 2059 2060
f 2058 2060 2032
f 2059 2029 2061
f 2059 2061 2060
f 2060 2061 2062
f 2060 2062 2032
f 2061 2029 2063
f 2061 2063 2062
f 2062 2063 2064
f 2062 2064 2032
f 2063 2029 2065
f 2063 2065 2064
f 2064 2065 2066
f 2064 2066 2032
f 2065 2029 2067
f 2065 2067 2066
f 2066 2067 2068
f 2066 2068 2032
f 2067 2029 2069
f 2067 2069 2068
f 2068 2069 2070
f 2068 2070 2032
f 2069 2029 2071
f 2069 2071 2070
f 2070 2071 2072
f 2070 2072 2032
f 2071 2029 2073
f 2071 2073 2072
f 2072 2073 2074
f 2072 2074 2032
f 2073 2029 2075
f 2073 2075 2074
f 2074 2075 2076
f 2074 2076 2032
f 2075 2029 2077
f 2075 2077 2076
f 2076 2077 2078
f 2076 2078 2032
f 2077 2029 2030
f 2077 2030 2078
f 2078 2030 2031
f 2078 2031 2032

o wheel_42_-1
v 42.00000000 -18.79999924 6.40000010 0.08627451 0.09411765 0.09803922
v 42.00000000 -18.79999924 0.10000000 0.08627451 0.09411765 0.09803922
v 42.00000000 -15.60000038 0.10000000 0.08627451 0.09411765 0.09803922
v 42.00000000 -15.60000038 6.40000010 0.08627451 0.09411765 0.09803922
v 40.77093124 -18.79999924 0.22105274 0.08627451 0.09411765 0.09803922
v 40.77093124 -15.60000038 0.22105274 0.08627451 0.09411765 0.09803922
v 39.58909607 -18.79999924 0.57955897 0.08627451 0.09411765 0.09803922
v 39.58909607 -15.60000038 0.57955897 0.08627451 0.09411765 0.09803922
v 38.49990845 -18.79999924 1.16174150 0.08627451 0.09411765 0.09803922
v 38.49990845 -15.60000038 1.16174150 0.08627451 0.09411765 0.09803922
v 37.54522705 -18.79999924 1.94522727 0.08627451 0.09411765 0.09803922
v 37.54522705 -15.60000038 1.94522727 0.08627451 0.09411765 0.09803922
v 36.76174164 -18.79999924 2.89990759 0.08627451 0.09411765 0.09803922
v 36.76174164 -15.60000038 2.89990759 0.08627451 0.09411765 0.09803922
v 36.17955780 -18.79999924 3.98909426 0.08627451 0.09411765 0.09803922
v 36.17955780 -15.60000038 3.98909426 0.08627451 0.09411765 0.09803922
v 35.82105255 -18.79999924 5.17093086 0.08627451 0.09411765 0.09803922
v 35.82105255 -15.60000038 5.17093086 0.08627451 0.09411765 0.09803922
v 35.70000076 -18.79999924 6.40000010 0.08627451 0.09411765 0.09803922
v 35.70000076 -15.60000038 6.40000010 0.08627451 0.09411765 0.09803922
v 35.82105255 -18.79999924 7.62906885 0.08627451 0.09411765 0.09803922
v 35.82105255 -15.60000038 7.62906885 0.08627451 0.09411765 0.09803922
v 36.17955780 -18.79999924 8.81090546 0.08627451 0.09411765 0.09803922
v 36.17955780 -15.60000038 8.81090546 0.08627451 0.09411765 0.09803922
v 36.76174164 -18.79999924 9.90009212 0.08627451 0.09411765 0.09803922
v 36.76174164 -15.60000038 9.90009212 0.08627451 0.09411765 0.09803922
v 37.54522705 -18.79999924 10.85477257 0.08627451 0.09411765 0.09803922
v 37.54522705 -15.60000038 10.85477257 0.08627451 0.09411765 0.09803922
v 38.49990845 -18.79999924 11.63825893 0.08627451 0.09411765 0.09803922
v 38.49990845 -15.60000038 11.63825893 0.08627451 0.09411765 0.09803922
v 39.58909607 -18.79999924 12.22044086 0.08627451 0.09411765 0.09803922
v 39.58909607 -15.60000038 12.22044086 0.08627451 0.09411765 0.09803922
v 40.77093124 -18.79999924 12.57894707 0.08627451 0.09411765 0.09803922
v 40.77093124 -15.60000038 12.57894707 0.08627451 0.09411765 0.09803922
v 42.00000000 -18.79999924 12.69999981 0.08627451 0.09411765 0.09803922
v 42.00000000 -15.60000038 12.69999981 0.08627451 0.09411765 0.09803922
v 43.22906876 -18.79999924 12.57894707 0.08627451 0.09411765 0.09803922
v 43.22906876 -15.60000038 12.57894707 0.08627451 0.09411765 0.09803922
v 44.41090393 -18.79999924 12.22044086 0.08627451 0.09411765 0.09803922
v 44.41090393 -15.60000038 12.22044086 0.08627451 0.09411765 0.09803922
v 45.50009155 -18.79999924 11.63825893 0.08627451 0.09411765 0.09803922
v 45.50009155 -15.60000038 11.63825893 0.08627451 0.09411765 0.09803922
v 46.45477295 -18.79999924 10.85477257 0.08627451 0.09411765 0.09803922
v 46.45477295 -15.60000038 10.85477257 0.08627451 0.09411765 0.09803922
v 47.23825836 -18.79999924 9.90009212 0.08627451 0.09411765 0.09803922
v 47.23825836 -15.60000038 9.90009212 0.08627451 0.09411765 0.09803922
v 47.82044220 -18.79999924 8.81090546 0.08627451 0.09411765 0.09803922
v 47.82044220 -15.60000038 8.81090546 0.08627451 0.09411765 0.09803922
v 48.17894745 -18.79999924 7.62906885 0.08627451 0.09411765 0.09803922
v 48.17894745 -15.60000038 7.62906885 0.08627451 0.09411765 0.09803922
v 48.29999924 -18.79999924 6.40000010 0.08627451 0.09411765 0.09803922
v 48.29999924 -15.60000038 6.40000010 0.08627451 0.09411765 0.09803922
v 48.17894745 -18.79999924 5.17093086 0.08627451 0.09411765 0.09803922
v 48.17894745 -15.60000038 5.17093086 0.08627451 0.09411765 0.09803922
v 47.82044220 -18.79999924 3.98909426 0.08627451 0.09411765 0.09803922
v 47.82044220 -15.60000038 3.98909426 0.08627451 0.09411765 0.09803922
v 47.23825836 -18.79999924 2.89990759 0.08627451 0.09411765 0.09803922
v 47.23825836 -15.60000038 2.89990759 0.08627451 0.09411765 0.09803922
v 46.45477295 -18.79999924 1.94522727 0.08627451 0.09411765 0.09803922
v 46.45477295 -15.60000038 1.94522727 0.08627451 0.09411765 0.09803922
v 45.50009155 -18.79999924 1.16174150 0.08627451 0.09411765 0.09803922
v 45.50009155 -15.60000038 1.16174150 0.08627451 0.09411765 0.09803922
v 44.41090393 -18.79999924 0.57955897 0.08627451 0.09411765 0.09803922
v 44.41090393 -15.60000038 0.57955897 0.08627451 0.09411765 0.09803922
v 43.22906876 -18.79999924 0.22105274 0.08627451 0.09411765 0.09803922
v 43.22906876 -15.60000038 0.22105274 0.08627451 0.09411765 0.09803922
f 2080 2079 2083
f 2080 2083 2081
f 2081 2083 2084
f 2081 2084 2082
f 2083 2079 2085
f 2083 2085 2084
f 2084 2085 2086
f 2084 2086 2082
f 2085 2079 2087
f 2085 2087 2086
f 2086 2087 2088
f 2086 2088 2082
f 2087 2079 2089
f 2087 2089 2088
f 2088 2089 2090
f 2088 2090 2082
f 2089 2079 2091
f 2089 2091 2090
f 2090 2091 2092
f 2090 2092 2082
f 2091 2079 2093
f 2091 2093 2092
f 2092 2093 2094
f 2092 2094 2082
f 2093 2079 2095
f 2093 2095 2094
f 2094 2095 2096
f 2094 2096 2082
f 2095 2079 2097
f 2095 2097 2096
f 2096 2097 2098
f 2096 2098 2082
f 2097 2079 2099
f 2097 2099 2098
f 2098 2099 2100
f 2098 2100 2082
f 2099 2079 2101
f 2099 2101 2100
f 2100 2101 2102
f 2100 2102 2082
f 2101 2079 2103
f 2101 2103 2102
f 2102 2103 2104
f 2102 2104 2082
f 2103 2079 2105
f 2103 2105 2104
f 2104 2105 2106
f 2104 2106 2082
f 2105 2079 2107
f 2105 2107 2106
f 2106 2107 2108
f 2106 2108 2082
f 2107 2079 2109
f 2107 2109 2108
f 2108 2109 2110
f 2108 2110 2082
f 2109 2079 2111
f 2109 2111 2110
f 2110 2111 2112
f 2110 2112 2082
f 2111 2079 2113
f 2111 2113 2112
f 2112 2113 2114
f 2112 2114 2082
f 2113 2079 2115
f 2113 2115 2114
f 2114 2115 2116
f 2114 2116 2082
f 2115 2079 2117
f 2115 2117 2116
f 2116 2117 2118
f 2116 2118 2082
f 2117 2079 2119
f 2117 2119 2118
f 2118 2119 2120
f 2118 2120 2082
f 2119 2079 2121
f 2119 2121 2120
f 2120 2121 2122
f 2120 2122 2082
f 2121 2079 2123
f 2121 2123 2122
f 2122 2123 2124
f 2122 2124 2082
f 2123 2079 2125
f 2123 2125 2124
f 2124 2125 2126
f 2124 2126 2082
f 2125 2079 2127
f 2125 2127 2126
f 2126 2127 2128
f 2126 2128 2082
f 2127 2079 2129
f 2127 2129 2128
f 2128 2129 2130
f 2128 2130 2082
f 2129 2079 2131
f 2129 2131 2130
f 2130 2131 2132
f 2130 2132 2082
f 2131 2079 2133
f 2131 2133 2132
f 2132 2133 2134
f 2132 2134 2082
f 2133 2079 2135
f 2133 2135 2134
f 2134 2135 2136
f 2134 2136 2082
f 2135 2079 2137
f 2135 2137 2136
f 2136 2137 2138
f 2136 2138 2082
f 2137 2079 2139
f 2137 2139 2138
f 2138 2139 2140
f 2138 2140 2082
f 2139 2079 2141
f 2139 2141 2140
f 2140 2141 2142
f 2140 2142 2082
f 2141 2079 2143
f 2141 2143 2142
f 2142 2143 2144
f 2142 2144 2082
f 2143 2079 2080
f 2143 2080 2144
f 2144 2080 2081
f 2144 2081 2082

o bogie_sideframe_R_59
v 34.50000000 14.89999962 5.50000000 0.36862745 0.39607843 0.40392157
v 34.50000000 14.89999962 10.50000000 0.36862745 0.39607843 0.40392157
v 34.50000000 17.29999924 5.50000000 0.36862745 0.39607843 0.40392157
v 34.50000000 17.29999924 10.50000000 0.36862745 0.39607843 0.40392157
v 83.50000000 14.89999962 5.50000000 0.36862745 0.39607843 0.40392157
v 83.50000000 14.89999962 10.50000000 0.36862745 0.39607843 0.40392157
v 83.50000000 17.29999924 5.50000000 0.36862745 0.39607843 0.40392157
v 83.50000000 17.29999924 10.50000000 0.36862745 0.39607843 0.40392157
f 2146 2148 2145
f 2149 2146 2145
f 2145 2148 2147
f 2147 2149 2145
f 2146 2152 2148
f 2150 2146 2149
f 2150 2152 2146
f 2148 2152 2147
f 2151 2149 2147
f 2147 2152 2151
f 2151 2150 2149
f 2152 2150 2151

o bogie_sideframe_L_59
v 34.50000000 -17.29999924 5.50000000 0.36862745 0.39607843 0.40392157
v 34.50000000 -17.29999924 10.50000000 0.36862745 0.39607843 0.40392157
v 34.50000000 -14.89999962 5.50000000 0.36862745 0.39607843 0.40392157
v 34.50000000 -14.89999962 10.50000000 0.36862745 0.39607843 0.40392157
v 83.50000000 -17.29999924 5.50000000 0.36862745 0.39607843 0.40392157
v 83.50000000 -17.29999924 10.50000000 0.36862745 0.39607843 0.40392157
v 83.50000000 -14.89999962 5.50000000 0.36862745 0.39607843 0.40392157
v 83.50000000 -14.89999962 10.50000000 0.36862745 0.39607843 0.40392157
f 2154 2156 2153
f 2157 2154 2153
f 2153 2156 2155
f 2155 2157 2153
f 2154 2160 2156
f 2158 2154 2157
f 2158 2160 2154
f 2156 2160 2155
f 2159 2157 2155
f 2155 2160 2159
f 2159 2158 2157
f 2160 2158 2159

o bogie_main_frame_59
v 34.50000000 -15.00000000 6.00000000 0.18823529 0.20784314 0.21960784
v 34.50000000 -15.00000000 12.00000000 0.18823529 0.20784314 0.21960784
v 34.50000000 15.00000000 6.00000000 0.18823529 0.20784314 0.21960784
v 34.50000000 15.00000000 12.00000000 0.18823529 0.20784314 0.21960784
v 83.50000000 -15.00000000 6.00000000 0.18823529 0.20784314 0.21960784
v 83.50000000 -15.00000000 12.00000000 0.18823529 0.20784314 0.21960784
v 83.50000000 15.00000000 6.00000000 0.18823529 0.20784314 0.21960784
v 83.50000000 15.00000000 12.00000000 0.18823529 0.20784314 0.21960784
f 2162 2164 2161
f 2165 2162 2161
f 2161 2164 2163
f 2163 2165 2161
f 2162 2168 2164
f 2166 2162 2165
f 2166 2168 2162
f 2164 2168 2163
f 2167 2165 2163
f 2163 2168 2167
f 2167 2166 2165
f 2168 2166 2167

o suspension_-59_12
v -50.00000000 -13.00000000 10.50000000 0.36862745 0.39607843 0.40392157
v -50.00000000 -13.00000000 13.50000000 0.36862745 0.39607843 0.40392157
v -50.00000000 13.00000000 10.50000000 0.36862745 0.39607843 0.40392157
v -50.00000000 13.00000000 13.50000000 0.36862745 0.39607843 0.40392157
v -44.00000000 -13.00000000 10.50000000 0.36862745 0.39607843 0.40392157
v -44.00000000 -13.00000000 13.50000000 0.36862745 0.39607843 0.40392157
v -44.00000000 13.00000000 10.50000000 0.36862745 0.39607843 0.40392157
v -44.00000000 13.00000000 13.50000000 0.36862745 0.39607843 0.40392157
f 2170 2172 2169
f 2173 2170 2169
f 2169 2172 2171
f 2171 2173 2169
f 2170 2176 2172
f 2174 2170 2173
f 2174 2176 2170
f 2172 2176 2171
f 2175 2173 2171
f 2171 2176 2175
f 2175 2174 2173
f 2176 2174 2175

o suspension_-59_-12
v -74.00000000 -13.00000000 10.50000000 0.36862745 0.39607843 0.40392157
v -74.00000000 -13.00000000 13.50000000 0.36862745 0.39607843 0.40392157
v -74.00000000 13.00000000 10.50000000 0.36862745 0.39607843 0.40392157
v -74.00000000 13.00000000 13.50000000 0.36862745 0.39607843 0.40392157
v -68.00000000 -13.00000000 10.50000000 0.36862745 0.39607843 0.40392157
v -68.00000000 -13.00000000 13.50000000 0.36862745 0.39607843 0.40392157
v -68.00000000 13.00000000 10.50000000 0.36862745 0.39607843 0.40392157
v -68.00000000 13.00000000 13.50000000 0.36862745 0.39607843 0.40392157
f 2178 2180 2177
f 2181 2178 2177
f 2177 2180 2179
f 2179 2181 2177
f 2178 2184 2180
f 2182 2178 2181
f 2182 2184 2178
f 2180 2184 2179
f 2183 2181 2179
f 2179 2184 2183
f 2183 2182 2181
f 2184 2182 2183

o bogie_detail_-42_1_10.5
v -44.00000000 17.00000000 9.89999962 0.65882353 0.67843137 0.67450980
v -44.00000000 17.00000000 11.10000038 0.65882353 0.67843137 0.67450980
v -44.00000000 18.20000076 9.89999962 0.65882353 0.67843137 0.67450980
v -44.00000000 18.20000076 11.10000038 0.65882353 0.67843137 0.67450980
v -40.00000000 17.00000000 9.89999962 0.65882353 0.67843137 0.67450980
v -40.00000000 17.00000000 11.10000038 0.65882353 0.67843137 0.67450980
v -40.00000000 18.20000076 9.89999962 0.65882353 0.67843137 0.67450980
v -40.00000000 18.20000076 11.10000038 0.65882353 0.67843137 0.67450980
f 2186 2188 2185
f 2189 2186 2185
f 2185 2188 2187
f 2187 2189 2185
f 2186 2192 2188
f 2190 2186 2189
f 2190 2192 2186
f 2188 2192 2187
f 2191 2189 2187
f 2187 2192 2191
f 2191 2190 2189
f 2192 2190 2191

o bogie_detail_-42_1_8.5
v -44.00000000 17.00000000 7.90000010 0.65882353 0.67843137 0.67450980
v -44.00000000 17.00000000 9.10000038 0.65882353 0.67843137 0.67450980
v -44.00000000 18.20000076 7.90000010 0.65882353 0.67843137 0.67450980
v -44.00000000 18.20000076 9.10000038 0.65882353 0.67843137 0.67450980
v -40.00000000 17.00000000 7.90000010 0.65882353 0.67843137 0.67450980
v -40.00000000 17.00000000 9.10000038 0.65882353 0.67843137 0.67450980
v -40.00000000 18.20000076 7.90000010 0.65882353 0.67843137 0.67450980
v -40.00000000 18.20000076 9.10000038 0.65882353 0.67843137 0.67450980
f 2194 2196 2193
f 2197 2194 2193
f 2193 2196 2195
f 2195 2197 2193
f 2194 2200 2196
f 2198 2194 2197
f 2198 2200 2194
f 2196 2200 2195
f 2199 2197 2195
f 2195 2200 2199
f 2199 2198 2197
f 2200 2198 2199

o hub_inner_-42_1
v -42.00000000 15.30000019 6.40000010 0.18823529 0.20784314 0.21960784
v -42.00000000 15.30000019 5.30000019 0.18823529 0.20784314 0.21960784
v -42.00000000 19.10000038 5.30000019 0.18823529 0.20784314 0.21960784
v -42.00000000 19.10000038 6.40000010 0.18823529 0.20784314 0.21960784
v -42.33992004 15.30000019 5.35383797 0.18823529 0.20784314 0.21960784
v -42.33992004 19.10000038 5.35383797 0.18823529 0.20784314 0.21960784
v -42.64656448 15.30000019 5.51008129 0.18823529 0.20784314 0.21960784
v -42.64656448 19.10000038 5.51008129 0.18823529 0.20784314 0.21960784
v -42.88991928 15.30000019 5.75343609 0.18823529 0.20784314 0.21960784
v -42.88991928 19.10000038 5.75343609 0.18823529 0.20784314 0.21960784
v -43.04616165 15.30000019 6.06008148 0.18823529 0.20784314 0.21960784
v -43.04616165 19.10000038 6.06008148 0.18823529 0.20784314 0.21960784
v -43.09999847 15.30000019 6.40000010 0.18823529 0.20784314 0.21960784
v -43.09999847 19.10000038 6.40000010 0.18823529 0.20784314 0.21960784
v -43.04616165 15.30000019 6.73991871 0.18823529 0.20784314 0.21960784
v -43.04616165 19.10000038 6.73991871 0.18823529 0.20784314 0.21960784
v -42.88991928 15.30000019 7.04656363 0.18823529 0.20784314 0.21960784
v -42.88991928 19.10000038 7.04656363 0.18823529 0.20784314 0.21960784
v -42.64656448 15.30000019 7.28991890 0.18823529 0.20784314 0.21960784
v -42.64656448 19.10000038 7.28991890 0.18823529 0.20784314 0.21960784
v -42.33992004 15.30000019 7.44616222 0.18823529 0.20784314 0.21960784
v -42.33992004 19.10000038 7.44616222 0.18823529 0.20784314 0.21960784
v -42.00000000 15.30000019 7.50000000 0.18823529 0.20784314 0.21960784
v -42.00000000 19.10000038 7.50000000 0.18823529 0.20784314 0.21960784
v -41.66007996 15.30000019 7.44616222 0.18823529 0.20784314 0.21960784
v -41.66007996 19.10000038 7.44616222 0.18823529 0.20784314 0.21960784
v -41.35343552 15.30000019 7.28991890 0.18823529 0.20784314 0.21960784
v -41.35343552 19.10000038 7.28991890 0.18823529 0.20784314 0.21960784
v -41.11008072 15.30000019 7.04656363 0.18823529 0.20784314 0.21960784
v -41.11008072 19.10000038 7.04656363 0.18823529 0.20784314 0.21960784
v -40.95383835 15.30000019 6.73991871 0.18823529 0.20784314 0.21960784
v -40.95383835 19.10000038 6.73991871 0.18823529 0.20784314 0.21960784
v -40.90000153 15.30000019 6.40000010 0.18823529 0.20784314 0.21960784
v -40.90000153 19.10000038 6.40000010 0.18823529 0.20784314 0.21960784
v -40.95383835 15.30000019 6.06008148 0.18823529 0.20784314 0.21960784
v -40.95383835 19.10000038 6.06008148 0.18823529 0.20784314 0.21960784
v -41.11008072 15.30000019 5.75343609 0.18823529 0.20784314 0.21960784
v -41.11008072 19.10000038 5.75343609 0.18823529 0.20784314 0.21960784
v -41.35343552 15.30000019 5.51008129 0.18823529 0.20784314 0.21960784
v -41.35343552 19.10000038 5.51008129 0.18823529 0.20784314 0.21960784
v -41.66007996 15.30000019 5.35383797 0.18823529 0.20784314 0.21960784
v -41.66007996 19.10000038 5.35383797 0.18823529 0.20784314 0.21960784
f 2202 2201 2205
f 2202 2205 2203
f 2203 2205 2206
f 2203 2206 2204
f 2205 2201 2207
f 2205 2207 2206
f 2206 2207 2208
f 2206 2208 2204
f 2207 2201 2209
f 2207 2209 2208
f 2208 2209 2210
f 2208 2210 2204
f 2209 2201 2211
f 2209 2211 2210
f 2210 2211 2212
f 2210 2212 2204
f 2211 2201 2213
f 2211 2213 2212
f 2212 2213 2214
f 2212 2214 2204
f 2213 2201 2215
f 2213 2215 2214
f 2214 2215 2216
f 2214 2216 2204
f 2215 2201 2217
f 2215 2217 2216
f 2216 2217 2218
f 2216 2218 2204
f 2217 2201 2219
f 2217 2219 2218
f 2218 2219 2220
f 2218 2220 2204
f 2219 2201 2221
f 2219 2221 2220
f 2220 2221 2222
f 2220 2222 2204
f 2221 2201 2223
f 2221 2223 2222
f 2222 2223 2224
f 2222 2224 2204
f 2223 2201 2225
f 2223 2225 2224
f 2224 2225 2226
f 2224 2226 2204
f 2225 2201 2227
f 2225 2227 2226
f 2226 2227 2228
f 2226 2228 2204
f 2227 2201 2229
f 2227 2229 2228
f 2228 2229 2230
f 2228 2230 2204
f 2229 2201 2231
f 2229 2231 2230
f 2230 2231 2232
f 2230 2232 2204
f 2231 2201 2233
f 2231 2233 2232
f 2232 2233 2234
f 2232 2234 2204
f 2233 2201 2235
f 2233 2235 2234
f 2234 2235 2236
f 2234 2236 2204
f 2235 2201 2237
f 2235 2237 2236
f 2236 2237 2238
f 2236 2238 2204
f 2237 2201 2239
f 2237 2239 2238
f 2238 2239 2240
f 2238 2240 2204
f 2239 2201 2241
f 2239 2241 2240
f 2240 2241 2242
f 2240 2242 2204
f 2241 2201 2202
f 2241 2202 2242
f 2242 2202 2203
f 2242 2203 2204

o wheel_hub_-42_1
v -42.00000000 15.44999981 6.40000010 0.65882353 0.67843137 0.67450980
v -42.00000000 15.44999981 3.79999995 0.65882353 0.67843137 0.67450980
v -42.00000000 18.95000076 3.79999995 0.65882353 0.67843137 0.67450980
v -42.00000000 18.95000076 6.40000010 0.65882353 0.67843137 0.67450980
v -42.67292786 15.44999981 3.88859296 0.65882353 0.67843137 0.67450980
v -42.67292786 18.95000076 3.88859296 0.65882353 0.67843137 0.67450980
v -43.29999924 15.44999981 4.14833403 0.65882353 0.67843137 0.67450980
v -43.29999924 18.95000076 4.14833403 0.65882353 0.67843137 0.67450980
v -43.83847809 15.44999981 4.56152248 0.65882353 0.67843137 0.67450980
v -43.83847809 18.95000076 4.56152248 0.65882353 0.67843137 0.67450980
v -44.25166702 15.44999981 5.09999990 0.65882353 0.67843137 0.67450980
v -44.25166702 18.95000076 5.09999990 0.65882353 0.67843137 0.67450980
v -44.51140594 15.44999981 5.72707033 0.65882353 0.67843137 0.67450980
v -44.51140594 18.95000076 5.72707033 0.65882353 0.67843137 0.67450980
v -44.59999847 15.44999981 6.40000010 0.65882353 0.67843137 0.67450980
v -44.59999847 18.95000076 6.40000010 0.65882353 0.67843137 0.67450980
v -44.51140594 15.44999981 7.07292938 0.65882353 0.67843137 0.67450980
v -44.51140594 18.95000076 7.07292938 0.65882353 0.67843137 0.67450980
v -44.25166702 15.44999981 7.69999981 0.65882353 0.67843137 0.67450980
v -44.25166702 18.95000076 7.69999981 0.65882353 0.67843137 0.67450980
v -43.83847809 15.44999981 8.23847771 0.65882353 0.67843137 0.67450980
v -43.83847809 18.95000076 8.23847771 0.65882353 0.67843137 0.67450980
v -43.29999924 15.44999981 8.65166569 0.65882353 0.67843137 0.67450980
v -43.29999924 18.95000076 8.65166569 0.65882353 0.67843137 0.67450980
v -42.67292786 15.44999981 8.91140747 0.65882353 0.67843137 0.67450980
v -42.67292786 18.95000076 8.91140747 0.65882353 0.67843137 0.67450980
v -42.00000000 15.44999981 9.00000000 0.65882353 0.67843137 0.67450980
v -42.00000000 18.95000076 9.00000000 0.65882353 0.67843137 0.67450980
v -41.32707214 15.44999981 8.91140747 0.65882353 0.67843137 0.67450980
v -41.32707214 18.95000076 8.91140747 0.65882353 0.67843137 0.67450980
v -40.70000076 15.44999981 8.65166569 0.65882353 0.67843137 0.67450980
v -40.70000076 18.95000076 8.65166569 0.65882353 0.67843137 0.67450980
v -40.16152191 15.44999981 8.23847771 0.65882353 0.67843137 0.67450980
v -40.16152191 18.95000076 8.23847771 0.65882353 0.67843137 0.67450980
v -39.74833298 15.44999981 7.69999981 0.65882353 0.67843137 0.67450980
v -39.74833298 18.95000076 7.69999981 0.65882353 0.67843137 0.67450980
v -39.48859406 15.44999981 7.07292938 0.65882353 0.67843137 0.67450980
v -39.48859406 18.95000076 7.07292938 0.65882353 0.67843137 0.67450980
v -39.40000153 15.44999981 6.40000010 0.65882353 0.67843137 0.67450980
v -39.40000153 18.95000076 6.40000010 0.65882353 0.67843137 0.67450980
v -39.48859406 15.44999981 5.72707033 0.65882353 0.67843137 0.67450980
v -39.48859406 18.95000076 5.72707033 0.65882353 0.67843137 0.67450980
v -39.74833298 15.44999981 5.09999990 0.65882353 0.67843137 0.67450980
v -39.74833298 18.95000076 5.09999990 0.65882353 0.67843137 0.67450980
v -40.16152191 15.44999981 4.56152248 0.65882353 0.67843137 0.67450980
v -40.16152191 18.95000076 4.56152248 0.65882353 0.67843137 0.67450980
v -40.70000076 15.44999981 4.14833403 0.65882353 0.67843137 0.67450980
v -40.70000076 18.95000076 4.14833403 0.65882353 0.67843137 0.67450980
v -41.32707214 15.44999981 3.88859296 0.65882353 0.67843137 0.67450980
v -41.32707214 18.95000076 3.88859296 0.65882353 0.67843137 0.67450980
f 2244 2243 2247
f 2244 2247 2245
f 2245 2247 2248
f 2245 2248 2246
f 2247 2243 2249
f 2247 2249 2248
f 2248 2249 2250
f 2248 2250 2246
f 2249 2243 2251
f 2249 2251 2250
f 2250 2251 2252
f 2250 2252 2246
f 2251 2243 2253
f 2251 2253 2252
f 2252 2253 2254
f 2252 2254 2246
f 2253 2243 2255
f 2253 2255 2254
f 2254 2255 2256
f 2254 2256 2246
f 2255 2243 2257
f 2255 2257 2256
f 2256 2257 2258
f 2256 2258 2246
f 2257 2243 2259
f 2257 2259 2258
f 2258 2259 2260
f 2258 2260 2246
f 2259 2243 2261
f 2259 2261 2260
f 2260 2261 2262
f 2260 2262 2246
f 2261 2243 2263
f 2261 2263 2262
f 2262 2263 2264
f 2262 2264 2246
f 2263 2243 2265
f 2263 2265 2264
f 2264 2265 2266
f 2264 2266 2246
f 2265 2243 2267
f 2265 2267 2266
f 2266 2267 2268
f 2266 2268 2246
f 2267 2243 2269
f 2267 2269 2268
f 2268 2269 2270
f 2268 2270 2246
f 2269 2243 2271
f 2269 2271 2270
f 2270 2271 2272
f 2270 2272 2246
f 2271 2243 2273
f 2271 2273 2272
f 2272 2273 2274
f 2272 2274 2246
f 2273 2243 2275
f 2273 2275 2274
f 2274 2275 2276
f 2274 2276 2246
f 2275 2243 2277
f 2275 2277 2276
f 2276 2277 2278
f 2276 2278 2246
f 2277 2243 2279
f 2277 2279 2278
f 2278 2279 2280
f 2278 2280 2246
f 2279 2243 2281
f 2279 2281 2280
f 2280 2281 2282
f 2280 2282 2246
f 2281 2243 2283
f 2281 2283 2282
f 2282 2283 2284
f 2282 2284 2246
f 2283 2243 2285
f 2283 2285 2284
f 2284 2285 2286
f 2284 2286 2246
f 2285 2243 2287
f 2285 2287 2286
f 2286 2287 2288
f 2286 2288 2246
f 2287 2243 2289
f 2287 2289 2288
f 2288 2289 2290
f 2288 2290 2246
f 2289 2243 2291
f 2289 2291 2290
f 2290 2291 2292
f 2290 2292 2246
f 2291 2243 2244
f 2291 2244 2292
f 2292 2244 2245
f 2292 2245 2246

o wheel_-42_1
v -42.00000000 15.60000038 6.40000010 0.08627451 0.09411765 0.09803922
v -42.00000000 15.60000038 0.10000000 0.08627451 0.09411765 0.09803922
v -42.00000000 18.79999924 0.10000000 0.08627451 0.09411765 0.09803922
v -42.00000000 18.79999924 6.40000010 0.08627451 0.09411765 0.09803922
v -43.22906876 15.60000038 0.22105274 0.08627451 0.09411765 0.09803922
v -43.22906876 18.79999924 0.22105274 0.08627451 0.09411765 0.09803922
v -44.41090393 15.60000038 0.57955897 0.08627451 0.09411765 0.09803922
v -44.41090393 18.79999924 0.57955897 0.08627451 0.09411765 0.09803922
v -45.50009155 15.60000038 1.16174150 0.08627451 0.09411765 0.09803922
v -45.50009155 18.79999924 1.16174150 0.08627451 0.09411765 0.09803922
v -46.45477295 15.60000038 1.94522727 0.08627451 0.09411765 0.09803922
v -46.45477295 18.79999924 1.94522727 0.08627451 0.09411765 0.09803922
v -47.23825836 15.60000038 2.89990759 0.08627451 0.09411765 0.09803922
v -47.23825836 18.79999924 2.89990759 0.08627451 0.09411765 0.09803922
v -47.82044220 15.60000038 3.98909426 0.08627451 0.09411765 0.09803922
v -47.82044220 18.79999924 3.98909426 0.08627451 0.09411765 0.09803922
v -48.17894745 15.60000038 5.17093086 0.08627451 0.09411765 0.09803922
v -48.17894745 18.79999924 5.17093086 0.08627451 0.09411765 0.09803922
v -48.29999924 15.60000038 6.40000010 0.08627451 0.09411765 0.09803922
v -48.29999924 18.79999924 6.40000010 0.08627451 0.09411765 0.09803922
v -48.17894745 15.60000038 7.62906885 0.08627451 0.09411765 0.09803922
v -48.17894745 18.79999924 7.62906885 0.08627451 0.09411765 0.09803922
v -47.82044220 15.60000038 8.81090546 0.08627451 0.09411765 0.09803922
v -47.82044220 18.79999924 8.81090546 0.08627451 0.09411765 0.09803922
v -47.23825836 15.60000038 9.90009212 0.08627451 0.09411765 0.09803922
v -47.23825836 18.79999924 9.90009212 0.08627451 0.09411765 0.09803922
v -46.45477295 15.60000038 10.85477257 0.08627451 0.09411765 0.09803922
v -46.45477295 18.79999924 10.85477257 0.08627451 0.09411765 0.09803922
v -45.50009155 15.60000038 11.63825893 0.08627451 0.09411765 0.09803922
v -45.50009155 18.79999924 11.63825893 0.08627451 0.09411765 0.09803922
v -44.41090393 15.60000038 12.22044086 0.08627451 0.09411765 0.09803922
v -44.41090393 18.79999924 12.22044086 0.08627451 0.09411765 0.09803922
v -43.22906876 15.60000038 12.57894707 0.08627451 0.09411765 0.09803922
v -43.22906876 18.79999924 12.57894707 0.08627451 0.09411765 0.09803922
v -42.00000000 15.60000038 12.69999981 0.08627451 0.09411765 0.09803922
v -42.00000000 18.79999924 12.69999981 0.08627451 0.09411765 0.09803922
v -40.77093124 15.60000038 12.57894707 0.08627451 0.09411765 0.09803922
v -40.77093124 18.79999924 12.57894707 0.08627451 0.09411765 0.09803922
v -39.58909607 15.60000038 12.22044086 0.08627451 0.09411765 0.09803922
v -39.58909607 18.79999924 12.22044086 0.08627451 0.09411765 0.09803922
v -38.49990845 15.60000038 11.63825893 0.08627451 0.09411765 0.09803922
v -38.49990845 18.79999924 11.63825893 0.08627451 0.09411765 0.09803922
v -37.54522705 15.60000038 10.85477257 0.08627451 0.09411765 0.09803922
v -37.54522705 18.79999924 10.85477257 0.08627451 0.09411765 0.09803922
v -36.76174164 15.60000038 9.90009212 0.08627451 0.09411765 0.09803922
v -36.76174164 18.79999924 9.90009212 0.08627451 0.09411765 0.09803922
v -36.17955780 15.60000038 8.81090546 0.08627451 0.09411765 0.09803922
v -36.17955780 18.79999924 8.81090546 0.08627451 0.09411765 0.09803922
v -35.82105255 15.60000038 7.62906885 0.08627451 0.09411765 0.09803922
v -35.82105255 18.79999924 7.62906885 0.08627451 0.09411765 0.09803922
v -35.70000076 15.60000038 6.40000010 0.08627451 0.09411765 0.09803922
v -35.70000076 18.79999924 6.40000010 0.08627451 0.09411765 0.09803922
v -35.82105255 15.60000038 5.17093086 0.08627451 0.09411765 0.09803922
v -35.82105255 18.79999924 5.17093086 0.08627451 0.09411765 0.09803922
v -36.17955780 15.60000038 3.98909426 0.08627451 0.09411765 0.09803922
v -36.17955780 18.79999924 3.98909426 0.08627451 0.09411765 0.09803922
v -36.76174164 15.60000038 2.89990759 0.08627451 0.09411765 0.09803922
v -36.76174164 18.79999924 2.89990759 0.08627451 0.09411765 0.09803922
v -37.54522705 15.60000038 1.94522727 0.08627451 0.09411765 0.09803922
v -37.54522705 18.79999924 1.94522727 0.08627451 0.09411765 0.09803922
v -38.49990845 15.60000038 1.16174150 0.08627451 0.09411765 0.09803922
v -38.49990845 18.79999924 1.16174150 0.08627451 0.09411765 0.09803922
v -39.58909607 15.60000038 0.57955897 0.08627451 0.09411765 0.09803922
v -39.58909607 18.79999924 0.57955897 0.08627451 0.09411765 0.09803922
v -40.77093124 15.60000038 0.22105274 0.08627451 0.09411765 0.09803922
v -40.77093124 18.79999924 0.22105274 0.08627451 0.09411765 0.09803922
f 2294 2293 2297
f 2294 2297 2295
f 2295 2297 2298
f 2295 2298 2296
f 2297 2293 2299
f 2297 2299 2298
f 2298 2299 2300
f 2298 2300 2296
f 2299 2293 2301
f 2299 2301 2300
f 2300 2301 2302
f 2300 2302 2296
f 2301 2293 2303
f 2301 2303 2302
f 2302 2303 2304
f 2302 2304 2296
f 2303 2293 2305
f 2303 2305 2304
f 2304 2305 2306
f 2304 2306 2296
f 2305 2293 2307
f 2305 2307 2306
f 2306 2307 2308
f 2306 2308 2296
f 2307 2293 2309
f 2307 2309 2308
f 2308 2309 2310
f 2308 2310 2296
f 2309 2293 2311
f 2309 2311 2310
f 2310 2311 2312
f 2310 2312 2296
f 2311 2293 2313
f 2311 2313 2312
f 2312 2313 2314
f 2312 2314 2296
f 2313 2293 2315
f 2313 2315 2314
f 2314 2315 2316
f 2314 2316 2296
f 2315 2293 2317
f 2315 2317 2316
f 2316 2317 2318
f 2316 2318 2296
f 2317 2293 2319
f 2317 2319 2318
f 2318 2319 2320
f 2318 2320 2296
f 2319 2293 2321
f 2319 2321 2320
f 2320 2321 2322
f 2320 2322 2296
f 2321 2293 2323
f 2321 2323 2322
f 2322 2323 2324
f 2322 2324 2296
f 2323 2293 2325
f 2323 2325 2324
f 2324 2325 2326
f 2324 2326 2296
f 2325 2293 2327
f 2325 2327 2326
f 2326 2327 2328
f 2326 2328 2296
f 2327 2293 2329
f 2327 2329 2328
f 2328 2329 2330
f 2328 2330 2296
f 2329 2293 2331
f 2329 2331 2330
f 2330 2331 2332
f 2330 2332 2296
f 2331 2293 2333
f 2331 2333 2332
f 2332 2333 2334
f 2332 2334 2296
f 2333 2293 2335
f 2333 2335 2334
f 2334 2335 2336
f 2334 2336 2296
f 2335 2293 2337
f 2335 2337 2336
f 2336 2337 2338
f 2336 2338 2296
f 2337 2293 2339
f 2337 2339 2338
f 2338 2339 2340
f 2338 2340 2296
f 2339 2293 2341
f 2339 2341 2340
f 2340 2341 2342
f 2340 2342 2296
f 2341 2293 2343
f 2341 2343 2342
f 2342 2343 2344
f 2342 2344 2296
f 2343 2293 2345
f 2343 2345 2344
f 2344 2345 2346
f 2344 2346 2296
f 2345 2293 2347
f 2345 2347 2346
f 2346 2347 2348
f 2346 2348 2296
f 2347 2293 2349
f 2347 2349 2348
f 2348 2349 2350
f 2348 2350 2296
f 2349 2293 2351
f 2349 2351 2350
f 2350 2351 2352
f 2350 2352 2296
f 2351 2293 2353
f 2351 2353 2352
f 2352 2353 2354
f 2352 2354 2296
f 2353 2293 2355
f 2353 2355 2354
f 2354 2355 2356
f 2354 2356 2296
f 2355 2293 2357
f 2355 2357 2356
f 2356 2357 2358
f 2356 2358 2296
f 2357 2293 2294
f 2357 2294 2358
f 2358 2294 2295
f 2358 2295 2296

o bogie_detail_-42_-1_10.5
v -44.00000000 -18.20000076 9.89999962 0.65882353 0.67843137 0.67450980
v -44.00000000 -18.20000076 11.10000038 0.65882353 0.67843137 0.67450980
v -44.00000000 -17.00000000 9.89999962 0.65882353 0.67843137 0.67450980
v -44.00000000 -17.00000000 11.10000038 0.65882353 0.67843137 0.67450980
v -40.00000000 -18.20000076 9.89999962 0.65882353 0.67843137 0.67450980
v -40.00000000 -18.20000076 11.10000038 0.65882353 0.67843137 0.67450980
v -40.00000000 -17.00000000 9.89999962 0.65882353 0.67843137 0.67450980
v -40.00000000 -17.00000000 11.10000038 0.65882353 0.67843137 0.67450980
f 2360 2362 2359
f 2363 2360 2359
f 2359 2362 2361
f 2361 2363 2359
f 2360 2366 2362
f 2364 2360 2363
f 2364 2366 2360
f 2362 2366 2361
f 2365 2363 2361
f 2361 2366 2365
f 2365 2364 2363
f 2366 2364 2365

o bogie_detail_-42_-1_8.5
v -44.00000000 -18.20000076 7.90000010 0.65882353 0.67843137 0.67450980
v -44.00000000 -18.20000076 9.10000038 0.65882353 0.67843137 0.67450980
v -44.00000000 -17.00000000 7.90000010 0.65882353 0.67843137 0.67450980
v -44.00000000 -17.00000000 9.10000038 0.65882353 0.67843137 0.67450980
v -40.00000000 -18.20000076 7.90000010 0.65882353 0.67843137 0.67450980
v -40.00000000 -18.20000076 9.10000038 0.65882353 0.67843137 0.67450980
v -40.00000000 -17.00000000 7.90000010 0.65882353 0.67843137 0.67450980
v -40.00000000 -17.00000000 9.10000038 0.65882353 0.67843137 0.67450980
f 2368 2370 2367
f 2371 2368 2367
f 2367 2370 2369
f 2369 2371 2367
f 2368 2374 2370
f 2372 2368 2371
f 2372 2374 2368
f 2370 2374 2369
f 2373 2371 2369
f 2369 2374 2373
f 2373 2372 2371
f 2374 2372 2373

o hub_inner_-42_-1
v -42.00000000 -19.10000038 6.40000010 0.18823529 0.20784314 0.21960784
v -42.00000000 -19.10000038 5.30000019 0.18823529 0.20784314 0.21960784
v -42.00000000 -15.30000019 5.30000019 0.18823529 0.20784314 0.21960784
v -42.00000000 -15.30000019 6.40000010 0.18823529 0.20784314 0.21960784
v -42.33992004 -19.10000038 5.35383797 0.18823529 0.20784314 0.21960784
v -42.33992004 -15.30000019 5.35383797 0.18823529 0.20784314 0.21960784
v -42.64656448 -19.10000038 5.51008129 0.18823529 0.20784314 0.21960784
v -42.64656448 -15.30000019 5.51008129 0.18823529 0.20784314 0.21960784
v -42.88991928 -19.10000038 5.75343609 0.18823529 0.20784314 0.21960784
v -42.88991928 -15.30000019 5.75343609 0.18823529 0.20784314 0.21960784
v -43.04616165 -19.10000038 6.06008148 0.18823529 0.20784314 0.21960784
v -43.04616165 -15.30000019 6.06008148 0.18823529 0.20784314 0.21960784
v -43.09999847 -19.10000038 6.40000010 0.18823529 0.20784314 0.21960784
v -43.09999847 -15.30000019 6.40000010 0.18823529 0.20784314 0.21960784
v -43.04616165 -19.10000038 6.73991871 0.18823529 0.20784314 0.21960784
v -43.04616165 -15.30000019 6.73991871 0.18823529 0.20784314 0.21960784
v -42.88991928 -19.10000038 7.04656363 0.18823529 0.20784314 0.21960784
v -42.88991928 -15.30000019 7.04656363 0.18823529 0.20784314 0.21960784
v -42.64656448 -19.10000038 7.28991890 0.18823529 0.20784314 0.21960784
v -42.64656448 -15.30000019 7.28991890 0.18823529 0.20784314 0.21960784
v -42.33992004 -19.10000038 7.44616222 0.18823529 0.20784314 0.21960784
v -42.33992004 -15.30000019 7.44616222 0.18823529 0.20784314 0.21960784
v -42.00000000 -19.10000038 7.50000000 0.18823529 0.20784314 0.21960784
v -42.00000000 -15.30000019 7.50000000 0.18823529 0.20784314 0.21960784
v -41.66007996 -19.10000038 7.44616222 0.18823529 0.20784314 0.21960784
v -41.66007996 -15.30000019 7.44616222 0.18823529 0.20784314 0.21960784
v -41.35343552 -19.10000038 7.28991890 0.18823529 0.20784314 0.21960784
v -41.35343552 -15.30000019 7.28991890 0.18823529 0.20784314 0.21960784
v -41.11008072 -19.10000038 7.04656363 0.18823529 0.20784314 0.21960784
v -41.11008072 -15.30000019 7.04656363 0.18823529 0.20784314 0.21960784
v -40.95383835 -19.10000038 6.73991871 0.18823529 0.20784314 0.21960784
v -40.95383835 -15.30000019 6.73991871 0.18823529 0.20784314 0.21960784
v -40.90000153 -19.10000038 6.40000010 0.18823529 0.20784314 0.21960784
v -40.90000153 -15.30000019 6.40000010 0.18823529 0.20784314 0.21960784
v -40.95383835 -19.10000038 6.06008148 0.18823529 0.20784314 0.21960784
v -40.95383835 -15.30000019 6.06008148 0.18823529 0.20784314 0.21960784
v -41.11008072 -19.10000038 5.75343609 0.18823529 0.20784314 0.21960784
v -41.11008072 -15.30000019 5.75343609 0.18823529 0.20784314 0.21960784
v -41.35343552 -19.10000038 5.51008129 0.18823529 0.20784314 0.21960784
v -41.35343552 -15.30000019 5.51008129 0.18823529 0.20784314 0.21960784
v -41.66007996 -19.10000038 5.35383797 0.18823529 0.20784314 0.21960784
v -41.66007996 -15.30000019 5.35383797 0.18823529 0.20784314 0.21960784
f 2376 2375 2379
f 2376 2379 2377
f 2377 2379 2380
f 2377 2380 2378
f 2379 2375 2381
f 2379 2381 2380
f 2380 2381 2382
f 2380 2382 2378
f 2381 2375 2383
f 2381 2383 2382
f 2382 2383 2384
f 2382 2384 2378
f 2383 2375 2385
f 2383 2385 2384
f 2384 2385 2386
f 2384 2386 2378
f 2385 2375 2387
f 2385 2387 2386
f 2386 2387 2388
f 2386 2388 2378
f 2387 2375 2389
f 2387 2389 2388
f 2388 2389 2390
f 2388 2390 2378
f 2389 2375 2391
f 2389 2391 2390
f 2390 2391 2392
f 2390 2392 2378
f 2391 2375 2393
f 2391 2393 2392
f 2392 2393 2394
f 2392 2394 2378
f 2393 2375 2395
f 2393 2395 2394
f 2394 2395 2396
f 2394 2396 2378
f 2395 2375 2397
f 2395 2397 2396
f 2396 2397 2398
f 2396 2398 2378
f 2397 2375 2399
f 2397 2399 2398
f 2398 2399 2400
f 2398 2400 2378
f 2399 2375 2401
f 2399 2401 2400
f 2400 2401 2402
f 2400 2402 2378
f 2401 2375 2403
f 2401 2403 2402
f 2402 2403 2404
f 2402 2404 2378
f 2403 2375 2405
f 2403 2405 2404
f 2404 2405 2406
f 2404 2406 2378
f 2405 2375 2407
f 2405 2407 2406
f 2406 2407 2408
f 2406 2408 2378
f 2407 2375 2409
f 2407 2409 2408
f 2408 2409 2410
f 2408 2410 2378
f 2409 2375 2411
f 2409 2411 2410
f 2410 2411 2412
f 2410 2412 2378
f 2411 2375 2413
f 2411 2413 2412
f 2412 2413 2414
f 2412 2414 2378
f 2413 2375 2415
f 2413 2415 2414
f 2414 2415 2416
f 2414 2416 2378
f 2415 2375 2376
f 2415 2376 2416
f 2416 2376 2377
f 2416 2377 2378

o wheel_hub_-42_-1
v -42.00000000 -18.95000076 6.40000010 0.65882353 0.67843137 0.67450980
v -42.00000000 -18.95000076 3.79999995 0.65882353 0.67843137 0.67450980
v -42.00000000 -15.44999981 3.79999995 0.65882353 0.67843137 0.67450980
v -42.00000000 -15.44999981 6.40000010 0.65882353 0.67843137 0.67450980
v -42.67292786 -18.95000076 3.88859296 0.65882353 0.67843137 0.67450980
v -42.67292786 -15.44999981 3.88859296 0.65882353 0.67843137 0.67450980
v -43.29999924 -18.95000076 4.14833403 0.65882353 0.67843137 0.67450980
v -43.29999924 -15.44999981 4.14833403 0.65882353 0.67843137 0.67450980
v -43.83847809 -18.95000076 4.56152248 0.65882353 0.67843137 0.67450980
v -43.83847809 -15.44999981 4.56152248 0.65882353 0.67843137 0.67450980
v -44.25166702 -18.95000076 5.09999990 0.65882353 0.67843137 0.67450980
v -44.25166702 -15.44999981 5.09999990 0.65882353 0.67843137 0.67450980
v -44.51140594 -18.95000076 5.72707033 0.65882353 0.67843137 0.67450980
v -44.51140594 -15.44999981 5.72707033 0.65882353 0.67843137 0.67450980
v -44.59999847 -18.95000076 6.40000010 0.65882353 0.67843137 0.67450980
v -44.59999847 -15.44999981 6.40000010 0.65882353 0.67843137 0.67450980
v -44.51140594 -18.95000076 7.07292938 0.65882353 0.67843137 0.67450980
v -44.51140594 -15.44999981 7.07292938 0.65882353 0.67843137 0.67450980
v -44.25166702 -18.95000076 7.69999981 0.65882353 0.67843137 0.67450980
v -44.25166702 -15.44999981 7.69999981 0.65882353 0.67843137 0.67450980
v -43.83847809 -18.95000076 8.23847771 0.65882353 0.67843137 0.67450980
v -43.83847809 -15.44999981 8.23847771 0.65882353 0.67843137 0.67450980
v -43.29999924 -18.95000076 8.65166569 0.65882353 0.67843137 0.67450980
v -43.29999924 -15.44999981 8.65166569 0.65882353 0.67843137 0.67450980
v -42.67292786 -18.95000076 8.91140747 0.65882353 0.67843137 0.67450980
v -42.67292786 -15.44999981 8.91140747 0.65882353 0.67843137 0.67450980
v -42.00000000 -18.95000076 9.00000000 0.65882353 0.67843137 0.67450980
v -42.00000000 -15.44999981 9.00000000 0.65882353 0.67843137 0.67450980
v -41.32707214 -18.95000076 8.91140747 0.65882353 0.67843137 0.67450980
v -41.32707214 -15.44999981 8.91140747 0.65882353 0.67843137 0.67450980
v -40.70000076 -18.95000076 8.65166569 0.65882353 0.67843137 0.67450980
v -40.70000076 -15.44999981 8.65166569 0.65882353 0.67843137 0.67450980
v -40.16152191 -18.95000076 8.23847771 0.65882353 0.67843137 0.67450980
v -40.16152191 -15.44999981 8.23847771 0.65882353 0.67843137 0.67450980
v -39.74833298 -18.95000076 7.69999981 0.65882353 0.67843137 0.67450980
v -39.74833298 -15.44999981 7.69999981 0.65882353 0.67843137 0.67450980
v -39.48859406 -18.95000076 7.07292938 0.65882353 0.67843137 0.67450980
v -39.48859406 -15.44999981 7.07292938 0.65882353 0.67843137 0.67450980
v -39.40000153 -18.95000076 6.40000010 0.65882353 0.67843137 0.67450980
v -39.40000153 -15.44999981 6.40000010 0.65882353 0.67843137 0.67450980
v -39.48859406 -18.95000076 5.72707033 0.65882353 0.67843137 0.67450980
v -39.48859406 -15.44999981 5.72707033 0.65882353 0.67843137 0.67450980
v -39.74833298 -18.95000076 5.09999990 0.65882353 0.67843137 0.67450980
v -39.74833298 -15.44999981 5.09999990 0.65882353 0.67843137 0.67450980
v -40.16152191 -18.95000076 4.56152248 0.65882353 0.67843137 0.67450980
v -40.16152191 -15.44999981 4.56152248 0.65882353 0.67843137 0.67450980
v -40.70000076 -18.95000076 4.14833403 0.65882353 0.67843137 0.67450980
v -40.70000076 -15.44999981 4.14833403 0.65882353 0.67843137 0.67450980
v -41.32707214 -18.95000076 3.88859296 0.65882353 0.67843137 0.67450980
v -41.32707214 -15.44999981 3.88859296 0.65882353 0.67843137 0.67450980
f 2418 2417 2421
f 2418 2421 2419
f 2419 2421 2422
f 2419 2422 2420
f 2421 2417 2423
f 2421 2423 2422
f 2422 2423 2424
f 2422 2424 2420
f 2423 2417 2425
f 2423 2425 2424
f 2424 2425 2426
f 2424 2426 2420
f 2425 2417 2427
f 2425 2427 2426
f 2426 2427 2428
f 2426 2428 2420
f 2427 2417 2429
f 2427 2429 2428
f 2428 2429 2430
f 2428 2430 2420
f 2429 2417 2431
f 2429 2431 2430
f 2430 2431 2432
f 2430 2432 2420
f 2431 2417 2433
f 2431 2433 2432
f 2432 2433 2434
f 2432 2434 2420
f 2433 2417 2435
f 2433 2435 2434
f 2434 2435 2436
f 2434 2436 2420
f 2435 2417 2437
f 2435 2437 2436
f 2436 2437 2438
f 2436 2438 2420
f 2437 2417 2439
f 2437 2439 2438
f 2438 2439 2440
f 2438 2440 2420
f 2439 2417 2441
f 2439 2441 2440
f 2440 2441 2442
f 2440 2442 2420
f 2441 2417 2443
f 2441 2443 2442
f 2442 2443 2444
f 2442 2444 2420
f 2443 2417 2445
f 2443 2445 2444
f 2444 2445 2446
f 2444 2446 2420
f 2445 2417 2447
f 2445 2447 2446
f 2446 2447 2448
f 2446 2448 2420
f 2447 2417 2449
f 2447 2449 2448
f 2448 2449 2450
f 2448 2450 2420
f 2449 2417 2451
f 2449 2451 2450
f 2450 2451 2452
f 2450 2452 2420
f 2451 2417 2453
f 2451 2453 2452
f 2452 2453 2454
f 2452 2454 2420
f 2453 2417 2455
f 2453 2455 2454
f 2454 2455 2456
f 2454 2456 2420
f 2455 2417 2457
f 2455 2457 2456
f 2456 2457 2458
f 2456 2458 2420
f 2457 2417 2459
f 2457 2459 2458
f 2458 2459 2460
f 2458 2460 2420
f 2459 2417 2461
f 2459 2461 2460
f 2460 2461 2462
f 2460 2462 2420
f 2461 2417 2463
f 2461 2463 2462
f 2462 2463 2464
f 2462 2464 2420
f 2463 2417 2465
f 2463 2465 2464
f 2464 2465 2466
f 2464 2466 2420
f 2465 2417 2418
f 2465 2418 2466
f 2466 2418 2419
f 2466 2419 2420

o wheel_-42_-1
v -42.00000000 -18.79999924 6.40000010 0.08627451 0.09411765 0.09803922
v -42.00000000 -18.79999924 0.10000000 0.08627451 0.09411765 0.09803922
v -42.00000000 -15.60000038 0.10000000 0.08627451 0.09411765 0.09803922
v -42.00000000 -15.60000038 6.40000010 0.08627451 0.09411765 0.09803922
v -43.22906876 -18.79999924 0.22105274 0.08627451 0.09411765 0.09803922
v -43.22906876 -15.60000038 0.22105274 0.08627451 0.09411765 0.09803922
v -44.41090393 -18.79999924 0.57955897 0.08627451 0.09411765 0.09803922
v -44.41090393 -15.60000038 0.57955897 0.08627451 0.09411765 0.09803922
v -45.50009155 -18.79999924 1.16174150 0.08627451 0.09411765 0.09803922
v -45.50009155 -15.60000038 1.16174150 0.08627451 0.09411765 0.09803922
v -46.45477295 -18.79999924 1.94522727 0.08627451 0.09411765 0.09803922
v -46.45477295 -15.60000038 1.94522727 0.08627451 0.09411765 0.09803922
v -47.23825836 -18.79999924 2.89990759 0.08627451 0.09411765 0.09803922
v -47.23825836 -15.60000038 2.89990759 0.08627451 0.09411765 0.09803922
v -47.82044220 -18.79999924 3.98909426 0.08627451 0.09411765 0.09803922
v -47.82044220 -15.60000038 3.98909426 0.08627451 0.09411765 0.09803922
v -48.17894745 -18.79999924 5.17093086 0.08627451 0.09411765 0.09803922
v -48.17894745 -15.60000038 5.17093086 0.08627451 0.09411765 0.09803922
v -48.29999924 -18.79999924 6.40000010 0.08627451 0.09411765 0.09803922
v -48.29999924 -15.60000038 6.40000010 0.08627451 0.09411765 0.09803922
v -48.17894745 -18.79999924 7.62906885 0.08627451 0.09411765 0.09803922
v -48.17894745 -15.60000038 7.62906885 0.08627451 0.09411765 0.09803922
v -47.82044220 -18.79999924 8.81090546 0.08627451 0.09411765 0.09803922
v -47.82044220 -15.60000038 8.81090546 0.08627451 0.09411765 0.09803922
v -47.23825836 -18.79999924 9.90009212 0.08627451 0.09411765 0.09803922
v -47.23825836 -15.60000038 9.90009212 0.08627451 0.09411765 0.09803922
v -46.45477295 -18.79999924 10.85477257 0.08627451 0.09411765 0.09803922
v -46.45477295 -15.60000038 10.85477257 0.08627451 0.09411765 0.09803922
v -45.50009155 -18.79999924 11.63825893 0.08627451 0.09411765 0.09803922
v -45.50009155 -15.60000038 11.63825893 0.08627451 0.09411765 0.09803922
v -44.41090393 -18.79999924 12.22044086 0.08627451 0.09411765 0.09803922
v -44.41090393 -15.60000038 12.22044086 0.08627451 0.09411765 0.09803922
v -43.22906876 -18.79999924 12.57894707 0.08627451 0.09411765 0.09803922
v -43.22906876 -15.60000038 12.57894707 0.08627451 0.09411765 0.09803922
v -42.00000000 -18.79999924 12.69999981 0.08627451 0.09411765 0.09803922
v -42.00000000 -15.60000038 12.69999981 0.08627451 0.09411765 0.09803922
v -40.77093124 -18.79999924 12.57894707 0.08627451 0.09411765 0.09803922
v -40.77093124 -15.60000038 12.57894707 0.08627451 0.09411765 0.09803922
v -39.58909607 -18.79999924 12.22044086 0.08627451 0.09411765 0.09803922
v -39.58909607 -15.60000038 12.22044086 0.08627451 0.09411765 0.09803922
v -38.49990845 -18.79999924 11.63825893 0.08627451 0.09411765 0.09803922
v -38.49990845 -15.60000038 11.63825893 0.08627451 0.09411765 0.09803922
v -37.54522705 -18.79999924 10.85477257 0.08627451 0.09411765 0.09803922
v -37.54522705 -15.60000038 10.85477257 0.08627451 0.09411765 0.09803922
v -36.76174164 -18.79999924 9.90009212 0.08627451 0.09411765 0.09803922
v -36.76174164 -15.60000038 9.90009212 0.08627451 0.09411765 0.09803922
v -36.17955780 -18.79999924 8.81090546 0.08627451 0.09411765 0.09803922
v -36.17955780 -15.60000038 8.81090546 0.08627451 0.09411765 0.09803922
v -35.82105255 -18.79999924 7.62906885 0.08627451 0.09411765 0.09803922
v -35.82105255 -15.60000038 7.62906885 0.08627451 0.09411765 0.09803922
v -35.70000076 -18.79999924 6.40000010 0.08627451 0.09411765 0.09803922
v -35.70000076 -15.60000038 6.40000010 0.08627451 0.09411765 0.09803922
v -35.82105255 -18.79999924 5.17093086 0.08627451 0.09411765 0.09803922
v -35.82105255 -15.60000038 5.17093086 0.08627451 0.09411765 0.09803922
v -36.17955780 -18.79999924 3.98909426 0.08627451 0.09411765 0.09803922
v -36.17955780 -15.60000038 3.98909426 0.08627451 0.09411765 0.09803922
v -36.76174164 -18.79999924 2.89990759 0.08627451 0.09411765 0.09803922
v -36.76174164 -15.60000038 2.89990759 0.08627451 0.09411765 0.09803922
v -37.54522705 -18.79999924 1.94522727 0.08627451 0.09411765 0.09803922
v -37.54522705 -15.60000038 1.94522727 0.08627451 0.09411765 0.09803922
v -38.49990845 -18.79999924 1.16174150 0.08627451 0.09411765 0.09803922
v -38.49990845 -15.60000038 1.16174150 0.08627451 0.09411765 0.09803922
v -39.58909607 -18.79999924 0.57955897 0.08627451 0.09411765 0.09803922
v -39.58909607 -15.60000038 0.57955897 0.08627451 0.09411765 0.09803922
v -40.77093124 -18.79999924 0.22105274 0.08627451 0.09411765 0.09803922
v -40.77093124 -15.60000038 0.22105274 0.08627451 0.09411765 0.09803922
f 2468 2467 2471
f 2468 2471 2469
f 2469 2471 2472
f 2469 2472 2470
f 2471 2467 2473
f 2471 2473 2472
f 2472 2473 2474
f 2472 2474 2470
f 2473 2467 2475
f 2473 2475 2474
f 2474 2475 2476
f 2474 2476 2470
f 2475 2467 2477
f 2475 2477 2476
f 2476 2477 2478
f 2476 2478 2470
f 2477 2467 2479
f 2477 2479 2478
f 2478 2479 2480
f 2478 2480 2470
f 2479 2467 2481
f 2479 2481 2480
f 2480 2481 2482
f 2480 2482 2470
f 2481 2467 2483
f 2481 2483 2482
f 2482 2483 2484
f 2482 2484 2470
f 2483 2467 2485
f 2483 2485 2484
f 2484 2485 2486
f 2484 2486 2470
f 2485 2467 2487
f 2485 2487 2486
f 2486 2487 2488
f 2486 2488 2470
f 2487 2467 2489
f 2487 2489 2488
f 2488 2489 2490
f 2488 2490 2470
f 2489 2467 2491
f 2489 2491 2490
f 2490 2491 2492
f 2490 2492 2470
f 2491 2467 2493
f 2491 2493 2492
f 2492 2493 2494
f 2492 2494 2470
f 2493 2467 2495
f 2493 2495 2494
f 2494 2495 2496
f 2494 2496 2470
f 2495 2467 2497
f 2495 2497 2496
f 2496 2497 2498
f 2496 2498 2470
f 2497 2467 2499
f 2497 2499 2498
f 2498 2499 2500
f 2498 2500 2470
f 2499 2467 2501
f 2499 2501 2500
f 2500 2501 2502
f 2500 2502 2470
f 2501 2467 2503
f 2501 2503 2502
f 2502 2503 2504
f 2502 2504 2470
f 2503 2467 2505
f 2503 2505 2504
f 2504 2505 2506
f 2504 2506 2470
f 2505 2467 2507
f 2505 2507 2506
f 2506 2507 2508
f 2506 2508 2470
f 2507 2467 2509
f 2507 2509 2508
f 2508 2509 2510
f 2508 2510 2470
f 2509 2467 2511
f 2509 2511 2510
f 2510 2511 2512
f 2510 2512 2470
f 2511 2467 2513
f 2511 2513 2512
f 2512 2513 2514
f 2512 2514 2470
f 2513 2467 2515
f 2513 2515 2514
f 2514 2515 2516
f 2514 2516 2470
f 2515 2467 2517
f 2515 2517 2516
f 2516 2517 2518
f 2516 2518 2470
f 2517 2467 2519
f 2517 2519 2518
f 2518 2519 2520
f 2518 2520 2470
f 2519 2467 2521
f 2519 2521 2520
f 2520 2521 2522
f 2520 2522 2470
f 2521 2467 2523
f 2521 2523 2522
f 2522 2523 2524
f 2522 2524 2470
f 2523 2467 2525
f 2523 2525 2524
f 2524 2525 2526
f 2524 2526 2470
f 2525 2467 2527
f 2525 2527 2526
f 2526 2527 2528
f 2526 2528 2470
f 2527 2467 2529
f 2527 2529 2528
f 2528 2529 2530
f 2528 2530 2470
f 2529 2467 2531
f 2529 2531 2530
f 2530 2531 2532
f 2530 2532 2470
f 2531 2467 2468
f 2531 2468 2532
f 2532 2468 2469
f 2532 2469 2470

o bogie_detail_-59_1_10.5
v -61.00000000 17.00000000 9.89999962 0.65882353 0.67843137 0.67450980
v -61.00000000 17.00000000 11.10000038 0.65882353 0.67843137 0.67450980
v -61.00000000 18.20000076 9.89999962 0.65882353 0.67843137 0.67450980
v -61.00000000 18.20000076 11.10000038 0.65882353 0.67843137 0.67450980
v -57.00000000 17.00000000 9.89999962 0.65882353 0.67843137 0.67450980
v -57.00000000 17.00000000 11.10000038 0.65882353 0.67843137 0.67450980
v -57.00000000 18.20000076 9.89999962 0.65882353 0.67843137 0.67450980
v -57.00000000 18.20000076 11.10000038 0.65882353 0.67843137 0.67450980
f 2534 2536 2533
f 2537 2534 2533
f 2533 2536 2535
f 2535 2537 2533
f 2534 2540 2536
f 2538 2534 2537
f 2538 2540 2534
f 2536 2540 2535
f 2539 2537 2535
f 2535 2540 2539
f 2539 2538 2537
f 2540 2538 2539

o bogie_detail_-59_1_8.5
v -61.00000000 17.00000000 7.90000010 0.65882353 0.67843137 0.67450980
v -61.00000000 17.00000000 9.10000038 0.65882353 0.67843137 0.67450980
v -61.00000000 18.20000076 7.90000010 0.65882353 0.67843137 0.67450980
v -61.00000000 18.20000076 9.10000038 0.65882353 0.67843137 0.67450980
v -57.00000000 17.00000000 7.90000010 0.65882353 0.67843137 0.67450980
v -57.00000000 17.00000000 9.10000038 0.65882353 0.67843137 0.67450980
v -57.00000000 18.20000076 7.90000010 0.65882353 0.67843137 0.67450980
v -57.00000000 18.20000076 9.10000038 0.65882353 0.67843137 0.67450980
f 2542 2544 2541
f 2545 2542 2541
f 2541 2544 2543
f 2543 2545 2541
f 2542 2548 2544
f 2546 2542 2545
f 2546 2548 2542
f 2544 2548 2543
f 2547 2545 2543
f 2543 2548 2547
f 2547 2546 2545
f 2548 2546 2547

o hub_inner_-59_1
v -59.00000000 15.30000019 6.40000010 0.18823529 0.20784314 0.21960784
v -59.00000000 15.30000019 5.30000019 0.18823529 0.20784314 0.21960784
v -59.00000000 19.10000038 5.30000019 0.18823529 0.20784314 0.21960784
v -59.00000000 19.10000038 6.40000010 0.18823529 0.20784314 0.21960784
v -59.33992004 15.30000019 5.35383797 0.18823529 0.20784314 0.21960784
v -59.33992004 19.10000038 5.35383797 0.18823529 0.20784314 0.21960784
v -59.64656448 15.30000019 5.51008129 0.18823529 0.20784314 0.21960784
v -59.64656448 19.10000038 5.51008129 0.18823529 0.20784314 0.21960784
v -59.88991928 15.30000019 5.75343609 0.18823529 0.20784314 0.21960784
v -59.88991928 19.10000038 5.75343609 0.18823529 0.20784314 0.21960784
v -60.04616165 15.30000019 6.06008148 0.18823529 0.20784314 0.21960784
v -60.04616165 19.10000038 6.06008148 0.18823529 0.20784314 0.21960784
v -60.09999847 15.30000019 6.40000010 0.18823529 0.20784314 0.21960784
v -60.09999847 19.10000038 6.40000010 0.18823529 0.20784314 0.21960784
v -60.04616165 15.30000019 6.73991871 0.18823529 0.20784314 0.21960784
v -60.04616165 19.10000038 6.73991871 0.18823529 0.20784314 0.21960784
v -59.88991928 15.30000019 7.04656363 0.18823529 0.20784314 0.21960784
v -59.88991928 19.10000038 7.04656363 0.18823529 0.20784314 0.21960784
v -59.64656448 15.30000019 7.28991890 0.18823529 0.20784314 0.21960784
v -59.64656448 19.10000038 7.28991890 0.18823529 0.20784314 0.21960784
v -59.33992004 15.30000019 7.44616222 0.18823529 0.20784314 0.21960784
v -59.33992004 19.10000038 7.44616222 0.18823529 0.20784314 0.21960784
v -59.00000000 15.30000019 7.50000000 0.18823529 0.20784314 0.21960784
v -59.00000000 19.10000038 7.50000000 0.18823529 0.20784314 0.21960784
v -58.66007996 15.30000019 7.44616222 0.18823529 0.20784314 0.21960784
v -58.66007996 19.10000038 7.44616222 0.18823529 0.20784314 0.21960784
v -58.35343552 15.30000019 7.28991890 0.18823529 0.20784314 0.21960784
v -58.35343552 19.10000038 7.28991890 0.18823529 0.20784314 0.21960784
v -58.11008072 15.30000019 7.04656363 0.18823529 0.20784314 0.21960784
v -58.11008072 19.10000038 7.04656363 0.18823529 0.20784314 0.21960784
v -57.95383835 15.30000019 6.73991871 0.18823529 0.20784314 0.21960784
v -57.95383835 19.10000038 6.73991871 0.18823529 0.20784314 0.21960784
v -57.90000153 15.30000019 6.40000010 0.18823529 0.20784314 0.21960784
v -57.90000153 19.10000038 6.40000010 0.18823529 0.20784314 0.21960784
v -57.95383835 15.30000019 6.06008148 0.18823529 0.20784314 0.21960784
v -57.95383835 19.10000038 6.06008148 0.18823529 0.20784314 0.21960784
v -58.11008072 15.30000019 5.75343609 0.18823529 0.20784314 0.21960784
v -58.11008072 19.10000038 5.75343609 0.18823529 0.20784314 0.21960784
v -58.35343552 15.30000019 5.51008129 0.18823529 0.20784314 0.21960784
v -58.35343552 19.10000038 5.51008129 0.18823529 0.20784314 0.21960784
v -58.66007996 15.30000019 5.35383797 0.18823529 0.20784314 0.21960784
v -58.66007996 19.10000038 5.35383797 0.18823529 0.20784314 0.21960784
f 2550 2549 2553
f 2550 2553 2551
f 2551 2553 2554
f 2551 2554 2552
f 2553 2549 2555
f 2553 2555 2554
f 2554 2555 2556
f 2554 2556 2552
f 2555 2549 2557
f 2555 2557 2556
f 2556 2557 2558
f 2556 2558 2552
f 2557 2549 2559
f 2557 2559 2558
f 2558 2559 2560
f 2558 2560 2552
f 2559 2549 2561
f 2559 2561 2560
f 2560 2561 2562
f 2560 2562 2552
f 2561 2549 2563
f 2561 2563 2562
f 2562 2563 2564
f 2562 2564 2552
f 2563 2549 2565
f 2563 2565 2564
f 2564 2565 2566
f 2564 2566 2552
f 2565 2549 2567
f 2565 2567 2566
f 2566 2567 2568
f 2566 2568 2552
f 2567 2549 2569
f 2567 2569 2568
f 2568 2569 2570
f 2568 2570 2552
f 2569 2549 2571
f 2569 2571 2570
f 2570 2571 2572
f 2570 2572 2552
f 2571 2549 2573
f 2571 2573 2572
f 2572 2573 2574
f 2572 2574 2552
f 2573 2549 2575
f 2573 2575 2574
f 2574 2575 2576
f 2574 2576 2552
f 2575 2549 2577
f 2575 2577 2576
f 2576 2577 2578
f 2576 2578 2552
f 2577 2549 2579
f 2577 2579 2578
f 2578 2579 2580
f 2578 2580 2552
f 2579 2549 2581
f 2579 2581 2580
f 2580 2581 2582
f 2580 2582 2552
f 2581 2549 2583
f 2581 2583 2582
f 2582 2583 2584
f 2582 2584 2552
f 2583 2549 2585
f 2583 2585 2584
f 2584 2585 2586
f 2584 2586 2552
f 2585 2549 2587
f 2585 2587 2586
f 2586 2587 2588
f 2586 2588 2552
f 2587 2549 2589
f 2587 2589 2588
f 2588 2589 2590
f 2588 2590 2552
f 2589 2549 2550
f 2589 2550 2590
f 2590 2550 2551
f 2590 2551 2552

o wheel_hub_-59_1
v -59.00000000 15.44999981 6.40000010 0.65882353 0.67843137 0.67450980
v -59.00000000 15.44999981 3.79999995 0.65882353 0.67843137 0.67450980
v -59.00000000 18.95000076 3.79999995 0.65882353 0.67843137 0.67450980
v -59.00000000 18.95000076 6.40000010 0.65882353 0.67843137 0.67450980
v -59.67292786 15.44999981 3.88859296 0.65882353 0.67843137 0.67450980
v -59.67292786 18.95000076 3.88859296 0.65882353 0.67843137 0.67450980
v -60.29999924 15.44999981 4.14833403 0.65882353 0.67843137 0.67450980
v -60.29999924 18.95000076 4.14833403 0.65882353 0.67843137 0.67450980
v -60.83847809 15.44999981 4.56152248 0.65882353 0.67843137 0.67450980
v -60.83847809 18.95000076 4.56152248 0.65882353 0.67843137 0.67450980
v -61.25166702 15.44999981 5.09999990 0.65882353 0.67843137 0.67450980
v -61.25166702 18.95000076 5.09999990 0.65882353 0.67843137 0.67450980
v -61.51140594 15.44999981 5.72707033 0.65882353 0.67843137 0.67450980
v -61.51140594 18.95000076 5.72707033 0.65882353 0.67843137 0.67450980
v -61.59999847 15.44999981 6.40000010 0.65882353 0.67843137 0.67450980
v -61.59999847 18.95000076 6.40000010 0.65882353 0.67843137 0.67450980
v -61.51140594 15.44999981 7.07292938 0.65882353 0.67843137 0.67450980
v -61.51140594 18.95000076 7.07292938 0.65882353 0.67843137 0.67450980
v -61.25166702 15.44999981 7.69999981 0.65882353 0.67843137 0.67450980
v -61.25166702 18.95000076 7.69999981 0.65882353 0.67843137 0.67450980
v -60.83847809 15.44999981 8.23847771 0.65882353 0.67843137 0.67450980
v -60.83847809 18.95000076 8.23847771 0.65882353 0.67843137 0.67450980
v -60.29999924 15.44999981 8.65166569 0.65882353 0.67843137 0.67450980
v -60.29999924 18.95000076 8.65166569 0.65882353 0.67843137 0.67450980
v -59.67292786 15.44999981 8.91140747 0.65882353 0.67843137 0.67450980
v -59.67292786 18.95000076 8.91140747 0.65882353 0.67843137 0.67450980
v -59.00000000 15.44999981 9.00000000 0.65882353 0.67843137 0.67450980
v -59.00000000 18.95000076 9.00000000 0.65882353 0.67843137 0.67450980
v -58.32707214 15.44999981 8.91140747 0.65882353 0.67843137 0.67450980
v -58.32707214 18.95000076 8.91140747 0.65882353 0.67843137 0.67450980
v -57.70000076 15.44999981 8.65166569 0.65882353 0.67843137 0.67450980
v -57.70000076 18.95000076 8.65166569 0.65882353 0.67843137 0.67450980
v -57.16152191 15.44999981 8.23847771 0.65882353 0.67843137 0.67450980
v -57.16152191 18.95000076 8.23847771 0.65882353 0.67843137 0.67450980
v -56.74833298 15.44999981 7.69999981 0.65882353 0.67843137 0.67450980
v -56.74833298 18.95000076 7.69999981 0.65882353 0.67843137 0.67450980
v -56.48859406 15.44999981 7.07292938 0.65882353 0.67843137 0.67450980
v -56.48859406 18.95000076 7.07292938 0.65882353 0.67843137 0.67450980
v -56.40000153 15.44999981 6.40000010 0.65882353 0.67843137 0.67450980
v -56.40000153 18.95000076 6.40000010 0.65882353 0.67843137 0.67450980
v -56.48859406 15.44999981 5.72707033 0.65882353 0.67843137 0.67450980
v -56.48859406 18.95000076 5.72707033 0.65882353 0.67843137 0.67450980
v -56.74833298 15.44999981 5.09999990 0.65882353 0.67843137 0.67450980
v -56.74833298 18.95000076 5.09999990 0.65882353 0.67843137 0.67450980
v -57.16152191 15.44999981 4.56152248 0.65882353 0.67843137 0.67450980
v -57.16152191 18.95000076 4.56152248 0.65882353 0.67843137 0.67450980
v -57.70000076 15.44999981 4.14833403 0.65882353 0.67843137 0.67450980
v -57.70000076 18.95000076 4.14833403 0.65882353 0.67843137 0.67450980
v -58.32707214 15.44999981 3.88859296 0.65882353 0.67843137 0.67450980
v -58.32707214 18.95000076 3.88859296 0.65882353 0.67843137 0.67450980
f 2592 2591 2595
f 2592 2595 2593
f 2593 2595 2596
f 2593 2596 2594
f 2595 2591 2597
f 2595 2597 2596
f 2596 2597 2598
f 2596 2598 2594
f 2597 2591 2599
f 2597 2599 2598
f 2598 2599 2600
f 2598 2600 2594
f 2599 2591 2601
f 2599 2601 2600
f 2600 2601 2602
f 2600 2602 2594
f 2601 2591 2603
f 2601 2603 2602
f 2602 2603 2604
f 2602 2604 2594
f 2603 2591 2605
f 2603 2605 2604
f 2604 2605 2606
f 2604 2606 2594
f 2605 2591 2607
f 2605 2607 2606
f 2606 2607 2608
f 2606 2608 2594
f 2607 2591 2609
f 2607 2609 2608
f 2608 2609 2610
f 2608 2610 2594
f 2609 2591 2611
f 2609 2611 2610
f 2610 2611 2612
f 2610 2612 2594
f 2611 2591 2613
f 2611 2613 2612
f 2612 2613 2614
f 2612 2614 2594
f 2613 2591 2615
f 2613 2615 2614
f 2614 2615 2616
f 2614 2616 2594
f 2615 2591 2617
f 2615 2617 2616
f 2616 2617 2618
f 2616 2618 2594
f 2617 2591 2619
f 2617 2619 2618
f 2618 2619 2620
f 2618 2620 2594
f 2619 2591 2621
f 2619 2621 2620
f 2620 2621 2622
f 2620 2622 2594
f 2621 2591 2623
f 2621 2623 2622
f 2622 2623 2624
f 2622 2624 2594
f 2623 2591 2625
f 2623 2625 2624
f 2624 2625 2626
f 2624 2626 2594
f 2625 2591 2627
f 2625 2627 2626
f 2626 2627 2628
f 2626 2628 2594
f 2627 2591 2629
f 2627 2629 2628
f 2628 2629 2630
f 2628 2630 2594
f 2629 2591 2631
f 2629 2631 2630
f 2630 2631 2632
f 2630 2632 2594
f 2631 2591 2633
f 2631 2633 2632
f 2632 2633 2634
f 2632 2634 2594
f 2633 2591 2635
f 2633 2635 2634
f 2634 2635 2636
f 2634 2636 2594
f 2635 2591 2637
f 2635 2637 2636
f 2636 2637 2638
f 2636 2638 2594
f 2637 2591 2639
f 2637 2639 2638
f 2638 2639 2640
f 2638 2640 2594
f 2639 2591 2592
f 2639 2592 2640
f 2640 2592 2593
f 2640 2593 2594

o wheel_-59_1
v -59.00000000 15.60000038 6.40000010 0.08627451 0.09411765 0.09803922
v -59.00000000 15.60000038 0.10000000 0.08627451 0.09411765 0.09803922
v -59.00000000 18.79999924 0.10000000 0.08627451 0.09411765 0.09803922
v -59.00000000 18.79999924 6.40000010 0.08627451 0.09411765 0.09803922
v -60.22906876 15.60000038 0.22105274 0.08627451 0.09411765 0.09803922
v -60.22906876 18.79999924 0.22105274 0.08627451 0.09411765 0.09803922
v -61.41090393 15.60000038 0.57955897 0.08627451 0.09411765 0.09803922
v -61.41090393 18.79999924 0.57955897 0.08627451 0.09411765 0.09803922
v -62.50009155 15.60000038 1.16174150 0.08627451 0.09411765 0.09803922
v -62.50009155 18.79999924 1.16174150 0.08627451 0.09411765 0.09803922
v -63.45477295 15.60000038 1.94522727 0.08627451 0.09411765 0.09803922
v -63.45477295 18.79999924 1.94522727 0.08627451 0.09411765 0.09803922
v -64.23825836 15.60000038 2.89990759 0.08627451 0.09411765 0.09803922
v -64.23825836 18.79999924 2.89990759 0.08627451 0.09411765 0.09803922
v -64.82044220 15.60000038 3.98909426 0.08627451 0.09411765 0.09803922
v -64.82044220 18.79999924 3.98909426 0.08627451 0.09411765 0.09803922
v -65.17894745 15.60000038 5.17093086 0.08627451 0.09411765 0.09803922
v -65.17894745 18.79999924 5.17093086 0.08627451 0.09411765 0.09803922
v -65.30000305 15.60000038 6.40000010 0.08627451 0.09411765 0.09803922
v -65.30000305 18.79999924 6.40000010 0.08627451 0.09411765 0.09803922
v -65.17894745 15.60000038 7.62906885 0.08627451 0.09411765 0.09803922
v -65.17894745 18.79999924 7.62906885 0.08627451 0.09411765 0.09803922
v -64.82044220 15.60000038 8.81090546 0.08627451 0.09411765 0.09803922
v -64.82044220 18.79999924 8.81090546 0.08627451 0.09411765 0.09803922
v -64.23825836 15.60000038 9.90009212 0.08627451 0.09411765 0.09803922
v -64.23825836 18.79999924 9.90009212 0.08627451 0.09411765 0.09803922
v -63.45477295 15.60000038 10.85477257 0.08627451 0.09411765 0.09803922
v -63.45477295 18.79999924 10.85477257 0.08627451 0.09411765 0.09803922
v -62.50009155 15.60000038 11.63825893 0.08627451 0.09411765 0.09803922
v -62.50009155 18.79999924 11.63825893 0.08627451 0.09411765 0.09803922
v -61.41090393 15.60000038 12.22044086 0.08627451 0.09411765 0.09803922
v -61.41090393 18.79999924 12.22044086 0.08627451 0.09411765 0.09803922
v -60.22906876 15.60000038 12.57894707 0.08627451 0.09411765 0.09803922
v -60.22906876 18.79999924 12.57894707 0.08627451 0.09411765 0.09803922
v -59.00000000 15.60000038 12.69999981 0.08627451 0.09411765 0.09803922
v -59.00000000 18.79999924 12.69999981 0.08627451 0.09411765 0.09803922
v -57.77093124 15.60000038 12.57894707 0.08627451 0.09411765 0.09803922
v -57.77093124 18.79999924 12.57894707 0.08627451 0.09411765 0.09803922
v -56.58909607 15.60000038 12.22044086 0.08627451 0.09411765 0.09803922
v -56.58909607 18.79999924 12.22044086 0.08627451 0.09411765 0.09803922
v -55.49990845 15.60000038 11.63825893 0.08627451 0.09411765 0.09803922
v -55.49990845 18.79999924 11.63825893 0.08627451 0.09411765 0.09803922
v -54.54522705 15.60000038 10.85477257 0.08627451 0.09411765 0.09803922
v -54.54522705 18.79999924 10.85477257 0.08627451 0.09411765 0.09803922
v -53.76174164 15.60000038 9.90009212 0.08627451 0.09411765 0.09803922
v -53.76174164 18.79999924 9.90009212 0.08627451 0.09411765 0.09803922
v -53.17955780 15.60000038 8.81090546 0.08627451 0.09411765 0.09803922
v -53.17955780 18.79999924 8.81090546 0.08627451 0.09411765 0.09803922
v -52.82105255 15.60000038 7.62906885 0.08627451 0.09411765 0.09803922
v -52.82105255 18.79999924 7.62906885 0.08627451 0.09411765 0.09803922
v -52.70000076 15.60000038 6.40000010 0.08627451 0.09411765 0.09803922
v -52.70000076 18.79999924 6.40000010 0.08627451 0.09411765 0.09803922
v -52.82105255 15.60000038 5.17093086 0.08627451 0.09411765 0.09803922
v -52.82105255 18.79999924 5.17093086 0.08627451 0.09411765 0.09803922
v -53.17955780 15.60000038 3.98909426 0.08627451 0.09411765 0.09803922
v -53.17955780 18.79999924 3.98909426 0.08627451 0.09411765 0.09803922
v -53.76174164 15.60000038 2.89990759 0.08627451 0.09411765 0.09803922
v -53.76174164 18.79999924 2.89990759 0.08627451 0.09411765 0.09803922
v -54.54522705 15.60000038 1.94522727 0.08627451 0.09411765 0.09803922
v -54.54522705 18.79999924 1.94522727 0.08627451 0.09411765 0.09803922
v -55.49990845 15.60000038 1.16174150 0.08627451 0.09411765 0.09803922
v -55.49990845 18.79999924 1.16174150 0.08627451 0.09411765 0.09803922
v -56.58909607 15.60000038 0.57955897 0.08627451 0.09411765 0.09803922
v -56.58909607 18.79999924 0.57955897 0.08627451 0.09411765 0.09803922
v -57.77093124 15.60000038 0.22105274 0.08627451 0.09411765 0.09803922
v -57.77093124 18.79999924 0.22105274 0.08627451 0.09411765 0.09803922
f 2642 2641 2645
f 2642 2645 2643
f 2643 2645 2646
f 2643 2646 2644
f 2645 2641 2647
f 2645 2647 2646
f 2646 2647 2648
f 2646 2648 2644
f 2647 2641 2649
f 2647 2649 2648
f 2648 2649 2650
f 2648 2650 2644
f 2649 2641 2651
f 2649 2651 2650
f 2650 2651 2652
f 2650 2652 2644
f 2651 2641 2653
f 2651 2653 2652
f 2652 2653 2654
f 2652 2654 2644
f 2653 2641 2655
f 2653 2655 2654
f 2654 2655 2656
f 2654 2656 2644
f 2655 2641 2657
f 2655 2657 2656
f 2656 2657 2658
f 2656 2658 2644
f 2657 2641 2659
f 2657 2659 2658
f 2658 2659 2660
f 2658 2660 2644
f 2659 2641 2661
f 2659 2661 2660
f 2660 2661 2662
f 2660 2662 2644
f 2661 2641 2663
f 2661 2663 2662
f 2662 2663 2664
f 2662 2664 2644
f 2663 2641 2665
f 2663 2665 2664
f 2664 2665 2666
f 2664 2666 2644
f 2665 2641 2667
f 2665 2667 2666
f 2666 2667 2668
f 2666 2668 2644
f 2667 2641 2669
f 2667 2669 2668
f 2668 2669 2670
f 2668 2670 2644
f 2669 2641 2671
f 2669 2671 2670
f 2670 2671 2672
f 2670 2672 2644
f 2671 2641 2673
f 2671 2673 2672
f 2672 2673 2674
f 2672 2674 2644
f 2673 2641 2675
f 2673 2675 2674
f 2674 2675 2676
f 2674 2676 2644
f 2675 2641 2677
f 2675 2677 2676
f 2676 2677 2678
f 2676 2678 2644
f 2677 2641 2679
f 2677 2679 2678
f 2678 2679 2680
f 2678 2680 2644
f 2679 2641 2681
f 2679 2681 2680
f 2680 2681 2682
f 2680 2682 2644
f 2681 2641 2683
f 2681 2683 2682
f 2682 2683 2684
f 2682 2684 2644
f 2683 2641 2685
f 2683 2685 2684
f 2684 2685 2686
f 2684 2686 2644
f 2685 2641 2687
f 2685 2687 2686
f 2686 2687 2688
f 2686 2688 2644
f 2687 2641 2689
f 2687 2689 2688
f 2688 2689 2690
f 2688 2690 2644
f 2689 2641 2691
f 2689 2691 2690
f 2690 2691 2692
f 2690 2692 2644
f 2691 2641 2693
f 2691 2693 2692
f 2692 2693 2694
f 2692 2694 2644
f 2693 2641 2695
f 2693 2695 2694
f 2694 2695 2696
f 2694 2696 2644
f 2695 2641 2697
f 2695 2697 2696
f 2696 2697 2698
f 2696 2698 2644
f 2697 2641 2699
f 2697 2699 2698
f 2698 2699 2700
f 2698 2700 2644
f 2699 2641 2701
f 2699 2701 2700
f 2700 2701 2702
f 2700 2702 2644
f 2701 2641 2703
f 2701 2703 2702
f 2702 2703 2704
f 2702 2704 2644
f 2703 2641 2705
f 2703 2705 2704
f 2704 2705 2706
f 2704 2706 2644
f 2705 2641 2642
f 2705 2642 2706
f 2706 2642 2643
f 2706 2643 2644

o bogie_detail_-59_-1_10.5
v -61.00000000 -18.20000076 9.89999962 0.65882353 0.67843137 0.67450980
v -61.00000000 -18.20000076 11.10000038 0.65882353 0.67843137 0.67450980
v -61.00000000 -17.00000000 9.89999962 0.65882353 0.67843137 0.67450980
v -61.00000000 -17.00000000 11.10000038 0.65882353 0.67843137 0.67450980
v -57.00000000 -18.20000076 9.89999962 0.65882353 0.67843137 0.67450980
v -57.00000000 -18.20000076 11.10000038 0.65882353 0.67843137 0.67450980
v -57.00000000 -17.00000000 9.89999962 0.65882353 0.67843137 0.67450980
v -57.00000000 -17.00000000 11.10000038 0.65882353 0.67843137 0.67450980
f 2708 2710 2707
f 2711 2708 2707
f 2707 2710 2709
f 2709 2711 2707
f 2708 2714 2710
f 2712 2708 2711
f 2712 2714 2708
f 2710 2714 2709
f 2713 2711 2709
f 2709 2714 2713
f 2713 2712 2711
f 2714 2712 2713

o bogie_detail_-59_-1_8.5
v -61.00000000 -18.20000076 7.90000010 0.65882353 0.67843137 0.67450980
v -61.00000000 -18.20000076 9.10000038 0.65882353 0.67843137 0.67450980
v -61.00000000 -17.00000000 7.90000010 0.65882353 0.67843137 0.67450980
v -61.00000000 -17.00000000 9.10000038 0.65882353 0.67843137 0.67450980
v -57.00000000 -18.20000076 7.90000010 0.65882353 0.67843137 0.67450980
v -57.00000000 -18.20000076 9.10000038 0.65882353 0.67843137 0.67450980
v -57.00000000 -17.00000000 7.90000010 0.65882353 0.67843137 0.67450980
v -57.00000000 -17.00000000 9.10000038 0.65882353 0.67843137 0.67450980
f 2716 2718 2715
f 2719 2716 2715
f 2715 2718 2717
f 2717 2719 2715
f 2716 2722 2718
f 2720 2716 2719
f 2720 2722 2716
f 2718 2722 2717
f 2721 2719 2717
f 2717 2722 2721
f 2721 2720 2719
f 2722 2720 2721

o hub_inner_-59_-1
v -59.00000000 -19.10000038 6.40000010 0.18823529 0.20784314 0.21960784
v -59.00000000 -19.10000038 5.30000019 0.18823529 0.20784314 0.21960784
v -59.00000000 -15.30000019 5.30000019 0.18823529 0.20784314 0.21960784
v -59.00000000 -15.30000019 6.40000010 0.18823529 0.20784314 0.21960784
v -59.33992004 -19.10000038 5.35383797 0.18823529 0.20784314 0.21960784
v -59.33992004 -15.30000019 5.35383797 0.18823529 0.20784314 0.21960784
v -59.64656448 -19.10000038 5.51008129 0.18823529 0.20784314 0.21960784
v -59.64656448 -15.30000019 5.51008129 0.18823529 0.20784314 0.21960784
v -59.88991928 -19.10000038 5.75343609 0.18823529 0.20784314 0.21960784
v -59.88991928 -15.30000019 5.75343609 0.18823529 0.20784314 0.21960784
v -60.04616165 -19.10000038 6.06008148 0.18823529 0.20784314 0.21960784
v -60.04616165 -15.30000019 6.06008148 0.18823529 0.20784314 0.21960784
v -60.09999847 -19.10000038 6.40000010 0.18823529 0.20784314 0.21960784
v -60.09999847 -15.30000019 6.40000010 0.18823529 0.20784314 0.21960784
v -60.04616165 -19.10000038 6.73991871 0.18823529 0.20784314 0.21960784
v -60.04616165 -15.30000019 6.73991871 0.18823529 0.20784314 0.21960784
v -59.88991928 -19.10000038 7.04656363 0.18823529 0.20784314 0.21960784
v -59.88991928 -15.30000019 7.04656363 0.18823529 0.20784314 0.21960784
v -59.64656448 -19.10000038 7.28991890 0.18823529 0.20784314 0.21960784
v -59.64656448 -15.30000019 7.28991890 0.18823529 0.20784314 0.21960784
v -59.33992004 -19.10000038 7.44616222 0.18823529 0.20784314 0.21960784
v -59.33992004 -15.30000019 7.44616222 0.18823529 0.20784314 0.21960784
v -59.00000000 -19.10000038 7.50000000 0.18823529 0.20784314 0.21960784
v -59.00000000 -15.30000019 7.50000000 0.18823529 0.20784314 0.21960784
v -58.66007996 -19.10000038 7.44616222 0.18823529 0.20784314 0.21960784
v -58.66007996 -15.30000019 7.44616222 0.18823529 0.20784314 0.21960784
v -58.35343552 -19.10000038 7.28991890 0.18823529 0.20784314 0.21960784
v -58.35343552 -15.30000019 7.28991890 0.18823529 0.20784314 0.21960784
v -58.11008072 -19.10000038 7.04656363 0.18823529 0.20784314 0.21960784
v -58.11008072 -15.30000019 7.04656363 0.18823529 0.20784314 0.21960784
v -57.95383835 -19.10000038 6.73991871 0.18823529 0.20784314 0.21960784
v -57.95383835 -15.30000019 6.73991871 0.18823529 0.20784314 0.21960784
v -57.90000153 -19.10000038 6.40000010 0.18823529 0.20784314 0.21960784
v -57.90000153 -15.30000019 6.40000010 0.18823529 0.20784314 0.21960784
v -57.95383835 -19.10000038 6.06008148 0.18823529 0.20784314 0.21960784
v -57.95383835 -15.30000019 6.06008148 0.18823529 0.20784314 0.21960784
v -58.11008072 -19.10000038 5.75343609 0.18823529 0.20784314 0.21960784
v -58.11008072 -15.30000019 5.75343609 0.18823529 0.20784314 0.21960784
v -58.35343552 -19.10000038 5.51008129 0.18823529 0.20784314 0.21960784
v -58.35343552 -15.30000019 5.51008129 0.18823529 0.20784314 0.21960784
v -58.66007996 -19.10000038 5.35383797 0.18823529 0.20784314 0.21960784
v -58.66007996 -15.30000019 5.35383797 0.18823529 0.20784314 0.21960784
f 2724 2723 2727
f 2724 2727 2725
f 2725 2727 2728
f 2725 2728 2726
f 2727 2723 2729
f 2727 2729 2728
f 2728 2729 2730
f 2728 2730 2726
f 2729 2723 2731
f 2729 2731 2730
f 2730 2731 2732
f 2730 2732 2726
f 2731 2723 2733
f 2731 2733 2732
f 2732 2733 2734
f 2732 2734 2726
f 2733 2723 2735
f 2733 2735 2734
f 2734 2735 2736
f 2734 2736 2726
f 2735 2723 2737
f 2735 2737 2736
f 2736 2737 2738
f 2736 2738 2726
f 2737 2723 2739
f 2737 2739 2738
f 2738 2739 2740
f 2738 2740 2726
f 2739 2723 2741
f 2739 2741 2740
f 2740 2741 2742
f 2740 2742 2726
f 2741 2723 2743
f 2741 2743 2742
f 2742 2743 2744
f 2742 2744 2726
f 2743 2723 2745
f 2743 2745 2744
f 2744 2745 2746
f 2744 2746 2726
f 2745 2723 2747
f 2745 2747 2746
f 2746 2747 2748
f 2746 2748 2726
f 2747 2723 2749
f 2747 2749 2748
f 2748 2749 2750
f 2748 2750 2726
f 2749 2723 2751
f 2749 2751 2750
f 2750 2751 2752
f 2750 2752 2726
f 2751 2723 2753
f 2751 2753 2752
f 2752 2753 2754
f 2752 2754 2726
f 2753 2723 2755
f 2753 2755 2754
f 2754 2755 2756
f 2754 2756 2726
f 2755 2723 2757
f 2755 2757 2756
f 2756 2757 2758
f 2756 2758 2726
f 2757 2723 2759
f 2757 2759 2758
f 2758 2759 2760
f 2758 2760 2726
f 2759 2723 2761
f 2759 2761 2760
f 2760 2761 2762
f 2760 2762 2726
f 2761 2723 2763
f 2761 2763 2762
f 2762 2763 2764
f 2762 2764 2726
f 2763 2723 2724
f 2763 2724 2764
f 2764 2724 2725
f 2764 2725 2726

o wheel_hub_-59_-1
v -59.00000000 -18.95000076 6.40000010 0.65882353 0.67843137 0.67450980
v -59.00000000 -18.95000076 3.79999995 0.65882353 0.67843137 0.67450980
v -59.00000000 -15.44999981 3.79999995 0.65882353 0.67843137 0.67450980
v -59.00000000 -15.44999981 6.40000010 0.65882353 0.67843137 0.67450980
v -59.67292786 -18.95000076 3.88859296 0.65882353 0.67843137 0.67450980
v -59.67292786 -15.44999981 3.88859296 0.65882353 0.67843137 0.67450980
v -60.29999924 -18.95000076 4.14833403 0.65882353 0.67843137 0.67450980
v -60.29999924 -15.44999981 4.14833403 0.65882353 0.67843137 0.67450980
v -60.83847809 -18.95000076 4.56152248 0.65882353 0.67843137 0.67450980
v -60.83847809 -15.44999981 4.56152248 0.65882353 0.67843137 0.67450980
v -61.25166702 -18.95000076 5.09999990 0.65882353 0.67843137 0.67450980
v -61.25166702 -15.44999981 5.09999990 0.65882353 0.67843137 0.67450980
v -61.51140594 -18.95000076 5.72707033 0.65882353 0.67843137 0.67450980
v -61.51140594 -15.44999981 5.72707033 0.65882353 0.67843137 0.67450980
v -61.59999847 -18.95000076 6.40000010 0.65882353 0.67843137 0.67450980
v -61.59999847 -15.44999981 6.40000010 0.65882353 0.67843137 0.67450980
v -61.51140594 -18.95000076 7.07292938 0.65882353 0.67843137 0.67450980
v -61.51140594 -15.44999981 7.07292938 0.65882353 0.67843137 0.67450980
v -61.25166702 -18.95000076 7.69999981 0.65882353 0.67843137 0.67450980
v -61.25166702 -15.44999981 7.69999981 0.65882353 0.67843137 0.67450980
v -60.83847809 -18.95000076 8.23847771 0.65882353 0.67843137 0.67450980
v -60.83847809 -15.44999981 8.23847771 0.65882353 0.67843137 0.67450980
v -60.29999924 -18.95000076 8.65166569 0.65882353 0.67843137 0.67450980
v -60.29999924 -15.44999981 8.65166569 0.65882353 0.67843137 0.67450980
v -59.67292786 -18.95000076 8.91140747 0.65882353 0.67843137 0.67450980
v -59.67292786 -15.44999981 8.91140747 0.65882353 0.67843137 0.67450980
v -59.00000000 -18.95000076 9.00000000 0.65882353 0.67843137 0.67450980
v -59.00000000 -15.44999981 9.00000000 0.65882353 0.67843137 0.67450980
v -58.32707214 -18.95000076 8.91140747 0.65882353 0.67843137 0.67450980
v -58.32707214 -15.44999981 8.91140747 0.65882353 0.67843137 0.67450980
v -57.70000076 -18.95000076 8.65166569 0.65882353 0.67843137 0.67450980
v -57.70000076 -15.44999981 8.65166569 0.65882353 0.67843137 0.67450980
v -57.16152191 -18.95000076 8.23847771 0.65882353 0.67843137 0.67450980
v -57.16152191 -15.44999981 8.23847771 0.65882353 0.67843137 0.67450980
v -56.74833298 -18.95000076 7.69999981 0.65882353 0.67843137 0.67450980
v -56.74833298 -15.44999981 7.69999981 0.65882353 0.67843137 0.67450980
v -56.48859406 -18.95000076 7.07292938 0.65882353 0.67843137 0.67450980
v -56.48859406 -15.44999981 7.07292938 0.65882353 0.67843137 0.67450980
v -56.40000153 -18.95000076 6.40000010 0.65882353 0.67843137 0.67450980
v -56.40000153 -15.44999981 6.40000010 0.65882353 0.67843137 0.67450980
v -56.48859406 -18.95000076 5.72707033 0.65882353 0.67843137 0.67450980
v -56.48859406 -15.44999981 5.72707033 0.65882353 0.67843137 0.67450980
v -56.74833298 -18.95000076 5.09999990 0.65882353 0.67843137 0.67450980
v -56.74833298 -15.44999981 5.09999990 0.65882353 0.67843137 0.67450980
v -57.16152191 -18.95000076 4.56152248 0.65882353 0.67843137 0.67450980
v -57.16152191 -15.44999981 4.56152248 0.65882353 0.67843137 0.67450980
v -57.70000076 -18.95000076 4.14833403 0.65882353 0.67843137 0.67450980
v -57.70000076 -15.44999981 4.14833403 0.65882353 0.67843137 0.67450980
v -58.32707214 -18.95000076 3.88859296 0.65882353 0.67843137 0.67450980
v -58.32707214 -15.44999981 3.88859296 0.65882353 0.67843137 0.67450980
f 2766 2765 2769
f 2766 2769 2767
f 2767 2769 2770
f 2767 2770 2768
f 2769 2765 2771
f 2769 2771 2770
f 2770 2771 2772
f 2770 2772 2768
f 2771 2765 2773
f 2771 2773 2772
f 2772 2773 2774
f 2772 2774 2768
f 2773 2765 2775
f 2773 2775 2774
f 2774 2775 2776
f 2774 2776 2768
f 2775 2765 2777
f 2775 2777 2776
f 2776 2777 2778
f 2776 2778 2768
f 2777 2765 2779
f 2777 2779 2778
f 2778 2779 2780
f 2778 2780 2768
f 2779 2765 2781
f 2779 2781 2780
f 2780 2781 2782
f 2780 2782 2768
f 2781 2765 2783
f 2781 2783 2782
f 2782 2783 2784
f 2782 2784 2768
f 2783 2765 2785
f 2783 2785 2784
f 2784 2785 2786
f 2784 2786 2768
f 2785 2765 2787
f 2785 2787 2786
f 2786 2787 2788
f 2786 2788 2768
f 2787 2765 2789
f 2787 2789 2788
f 2788 2789 2790
f 2788 2790 2768
f 2789 2765 2791
f 2789 2791 2790
f 2790 2791 2792
f 2790 2792 2768
f 2791 2765 2793
f 2791 2793 2792
f 2792 2793 2794
f 2792 2794 2768
f 2793 2765 2795
f 2793 2795 2794
f 2794 2795 2796
f 2794 2796 2768
f 2795 2765 2797
f 2795 2797 2796
f 2796 2797 2798
f 2796 2798 2768
f 2797 2765 2799
f 2797 2799 2798
f 2798 2799 2800
f 2798 2800 2768
f 2799 2765 2801
f 2799 2801 2800
f 2800 2801 2802
f 2800 2802 2768
f 2801 2765 2803
f 2801 2803 2802
f 2802 2803 2804
f 2802 2804 2768
f 2803 2765 2805
f 2803 2805 2804
f 2804 2805 2806
f 2804 2806 2768
f 2805 2765 2807
f 2805 2807 2806
f 2806 2807 2808
f 2806 2808 2768
f 2807 2765 2809
f 2807 2809 2808
f 2808 2809 2810
f 2808 2810 2768
f 2809 2765 2811
f 2809 2811 2810
f 2810 2811 2812
f 2810 2812 2768
f 2811 2765 2813
f 2811 2813 2812
f 2812 2813 2814
f 2812 2814 2768
f 2813 2765 2766
f 2813 2766 2814
f 2814 2766 2767
f 2814 2767 2768

o wheel_-59_-1
v -59.00000000 -18.79999924 6.40000010 0.08627451 0.09411765 0.09803922
v -59.00000000 -18.79999924 0.10000000 0.08627451 0.09411765 0.09803922
v -59.00000000 -15.60000038 0.10000000 0.08627451 0.09411765 0.09803922
v -59.00000000 -15.60000038 6.40000010 0.08627451 0.09411765 0.09803922
v -60.22906876 -18.79999924 0.22105274 0.08627451 0.09411765 0.09803922
v -60.22906876 -15.60000038 0.22105274 0.08627451 0.09411765 0.09803922
v -61.41090393 -18.79999924 0.57955897 0.08627451 0.09411765 0.09803922
v -61.41090393 -15.60000038 0.57955897 0.08627451 0.09411765 0.09803922
v -62.50009155 -18.79999924 1.16174150 0.08627451 0.09411765 0.09803922
v -62.50009155 -15.60000038 1.16174150 0.08627451 0.09411765 0.09803922
v -63.45477295 -18.79999924 1.94522727 0.08627451 0.09411765 0.09803922
v -63.45477295 -15.60000038 1.94522727 0.08627451 0.09411765 0.09803922
v -64.23825836 -18.79999924 2.89990759 0.08627451 0.09411765 0.09803922
v -64.23825836 -15.60000038 2.89990759 0.08627451 0.09411765 0.09803922
v -64.82044220 -18.79999924 3.98909426 0.08627451 0.09411765 0.09803922
v -64.82044220 -15.60000038 3.98909426 0.08627451 0.09411765 0.09803922
v -65.17894745 -18.79999924 5.17093086 0.08627451 0.09411765 0.09803922
v -65.17894745 -15.60000038 5.17093086 0.08627451 0.09411765 0.09803922
v -65.30000305 -18.79999924 6.40000010 0.08627451 0.09411765 0.09803922
v -65.30000305 -15.60000038 6.40000010 0.08627451 0.09411765 0.09803922
v -65.17894745 -18.79999924 7.62906885 0.08627451 0.09411765 0.09803922
v -65.17894745 -15.60000038 7.62906885 0.08627451 0.09411765 0.09803922
v -64.82044220 -18.79999924 8.81090546 0.08627451 0.09411765 0.09803922
v -64.82044220 -15.60000038 8.81090546 0.08627451 0.09411765 0.09803922
v -64.23825836 -18.79999924 9.90009212 0.08627451 0.09411765 0.09803922
v -64.23825836 -15.60000038 9.90009212 0.08627451 0.09411765 0.09803922
v -63.45477295 -18.79999924 10.85477257 0.08627451 0.09411765 0.09803922
v -63.45477295 -15.60000038 10.85477257 0.08627451 0.09411765 0.09803922
v -62.50009155 -18.79999924 11.63825893 0.08627451 0.09411765 0.09803922
v -62.50009155 -15.60000038 11.63825893 0.08627451 0.09411765 0.09803922
v -61.41090393 -18.79999924 12.22044086 0.08627451 0.09411765 0.09803922
v -61.41090393 -15.60000038 12.22044086 0.08627451 0.09411765 0.09803922
v -60.22906876 -18.79999924 12.57894707 0.08627451 0.09411765 0.09803922
v -60.22906876 -15.60000038 12.57894707 0.08627451 0.09411765 0.09803922
v -59.00000000 -18.79999924 12.69999981 0.08627451 0.09411765 0.09803922
v -59.00000000 -15.60000038 12.69999981 0.08627451 0.09411765 0.09803922
v -57.77093124 -18.79999924 12.57894707 0.08627451 0.09411765 0.09803922
v -57.77093124 -15.60000038 12.57894707 0.08627451 0.09411765 0.09803922
v -56.58909607 -18.79999924 12.22044086 0.08627451 0.09411765 0.09803922
v -56.58909607 -15.60000038 12.22044086 0.08627451 0.09411765 0.09803922
v -55.49990845 -18.79999924 11.63825893 0.08627451 0.09411765 0.09803922
v -55.49990845 -15.60000038 11.63825893 0.08627451 0.09411765 0.09803922
v -54.54522705 -18.79999924 10.85477257 0.08627451 0.09411765 0.09803922
v -54.54522705 -15.60000038 10.85477257 0.08627451 0.09411765 0.09803922
v -53.76174164 -18.79999924 9.90009212 0.08627451 0.09411765 0.09803922
v -53.76174164 -15.60000038 9.90009212 0.08627451 0.09411765 0.09803922
v -53.17955780 -18.79999924 8.81090546 0.08627451 0.09411765 0.09803922
v -53.17955780 -15.60000038 8.81090546 0.08627451 0.09411765 0.09803922
v -52.82105255 -18.79999924 7.62906885 0.08627451 0.09411765 0.09803922
v -52.82105255 -15.60000038 7.62906885 0.08627451 0.09411765 0.09803922
v -52.70000076 -18.79999924 6.40000010 0.08627451 0.09411765 0.09803922
v -52.70000076 -15.60000038 6.40000010 0.08627451 0.09411765 0.09803922
v -52.82105255 -18.79999924 5.17093086 0.08627451 0.09411765 0.09803922
v -52.82105255 -15.60000038 5.17093086 0.08627451 0.09411765 0.09803922
v -53.17955780 -18.79999924 3.98909426 0.08627451 0.09411765 0.09803922
v -53.17955780 -15.60000038 3.98909426 0.08627451 0.09411765 0.09803922
v -53.76174164 -18.79999924 2.89990759 0.08627451 0.09411765 0.09803922
v -53.76174164 -15.60000038 2.89990759 0.08627451 0.09411765 0.09803922
v -54.54522705 -18.79999924 1.94522727 0.08627451 0.09411765 0.09803922
v -54.54522705 -15.60000038 1.94522727 0.08627451 0.09411765 0.09803922
v -55.49990845 -18.79999924 1.16174150 0.08627451 0.09411765 0.09803922
v -55.49990845 -15.60000038 1.16174150 0.08627451 0.09411765 0.09803922
v -56.58909607 -18.79999924 0.57955897 0.08627451 0.09411765 0.09803922
v -56.58909607 -15.60000038 0.57955897 0.08627451 0.09411765 0.09803922
v -57.77093124 -18.79999924 0.22105274 0.08627451 0.09411765 0.09803922
v -57.77093124 -15.60000038 0.22105274 0.08627451 0.09411765 0.09803922
f 2816 2815 2819
f 2816 2819 2817
f 2817 2819 2820
f 2817 2820 2818
f 2819 2815 2821
f 2819 2821 2820
f 2820 2821 2822
f 2820 2822 2818
f 2821 2815 2823
f 2821 2823 2822
f 2822 2823 2824
f 2822 2824 2818
f 2823 2815 2825
f 2823 2825 2824
f 2824 2825 2826
f 2824 2826 2818
f 2825 2815 2827
f 2825 2827 2826
f 2826 2827 2828
f 2826 2828 2818
f 2827 2815 2829
f 2827 2829 2828
f 2828 2829 2830
f 2828 2830 2818
f 2829 2815 2831
f 2829 2831 2830
f 2830 2831 2832
f 2830 2832 2818
f 2831 2815 2833
f 2831 2833 2832
f 2832 2833 2834
f 2832 2834 2818
f 2833 2815 2835
f 2833 2835 2834
f 2834 2835 2836
f 2834 2836 2818
f 2835 2815 2837
f 2835 2837 2836
f 2836 2837 2838
f 2836 2838 2818
f 2837 2815 2839
f 2837 2839 2838
f 2838 2839 2840
f 2838 2840 2818
f 2839 2815 2841
f 2839 2841 2840
f 2840 2841 2842
f 2840 2842 2818
f 2841 2815 2843
f 2841 2843 2842
f 2842 2843 2844
f 2842 2844 2818
f 2843 2815 2845
f 2843 2845 2844
f 2844 2845 2846
f 2844 2846 2818
f 2845 2815 2847
f 2845 2847 2846
f 2846 2847 2848
f 2846 2848 2818
f 2847 2815 2849
f 2847 2849 2848
f 2848 2849 2850
f 2848 2850 2818
f 2849 2815 2851
f 2849 2851 2850
f 2850 2851 2852
f 2850 2852 2818
f 2851 2815 2853
f 2851 2853 2852
f 2852 2853 2854
f 2852 2854 2818
f 2853 2815 2855
f 2853 2855 2854
f 2854 2855 2856
f 2854 2856 2818
f 2855 2815 2857
f 2855 2857 2856
f 2856 2857 2858
f 2856 2858 2818
f 2857 2815 2859
f 2857 2859 2858
f 2858 2859 2860
f 2858 2860 2818
f 2859 2815 2861
f 2859 2861 2860
f 2860 2861 2862
f 2860 2862 2818
f 2861 2815 2863
f 2861 2863 2862
f 2862 2863 2864
f 2862 2864 2818
f 2863 2815 2865
f 2863 2865 2864
f 2864 2865 2866
f 2864 2866 2818
f 2865 2815 2867
f 2865 2867 2866
f 2866 2867 2868
f 2866 2868 2818
f 2867 2815 2869
f 2867 2869 2868
f 2868 2869 2870
f 2868 2870 2818
f 2869 2815 2871
f 2869 2871 2870
f 2870 2871 2872
f 2870 2872 2818
f 2871 2815 2873
f 2871 2873 2872
f 2872 2873 2874
f 2872 2874 2818
f 2873 2815 2875
f 2873 2875 2874
f 2874 2875 2876
f 2874 2876 2818
f 2875 2815 2877
f 2875 2877 2876
f 2876 2877 2878
f 2876 2878 2818
f 2877 2815 2879
f 2877 2879 2878
f 2878 2879 2880
f 2878 2880 2818
f 2879 2815 2816
f 2879 2816 2880
f 2880 2816 2817
f 2880 2817 2818

o bogie_detail_-76_1_10.5
v -78.00000000 17.00000000 9.89999962 0.65882353 0.67843137 0.67450980
v -78.00000000 17.00000000 11.10000038 0.65882353 0.67843137 0.67450980
v -78.00000000 18.20000076 9.89999962 0.65882353 0.67843137 0.67450980
v -78.00000000 18.20000076 11.10000038 0.65882353 0.67843137 0.67450980
v -74.00000000 17.00000000 9.89999962 0.65882353 0.67843137 0.67450980
v -74.00000000 17.00000000 11.10000038 0.65882353 0.67843137 0.67450980
v -74.00000000 18.20000076 9.89999962 0.65882353 0.67843137 0.67450980
v -74.00000000 18.20000076 11.10000038 0.65882353 0.67843137 0.67450980
f 2882 2884 2881
f 2885 2882 2881
f 2881 2884 2883
f 2883 2885 2881
f 2882 2888 2884
f 2886 2882 2885
f 2886 2888 2882
f 2884 2888 2883
f 2887 2885 2883
f 2883 2888 2887
f 2887 2886 2885
f 2888 2886 2887

o bogie_detail_-76_1_8.5
v -78.00000000 17.00000000 7.90000010 0.65882353 0.67843137 0.67450980
v -78.00000000 17.00000000 9.10000038 0.65882353 0.67843137 0.67450980
v -78.00000000 18.20000076 7.90000010 0.65882353 0.67843137 0.67450980
v -78.00000000 18.20000076 9.10000038 0.65882353 0.67843137 0.67450980
v -74.00000000 17.00000000 7.90000010 0.65882353 0.67843137 0.67450980
v -74.00000000 17.00000000 9.10000038 0.65882353 0.67843137 0.67450980
v -74.00000000 18.20000076 7.90000010 0.65882353 0.67843137 0.67450980
v -74.00000000 18.20000076 9.10000038 0.65882353 0.67843137 0.67450980
f 2890 2892 2889
f 2893 2890 2889
f 2889 2892 2891
f 2891 2893 2889
f 2890 2896 2892
f 2894 2890 2893
f 2894 2896 2890
f 2892 2896 2891
f 2895 2893 2891
f 2891 2896 2895
f 2895 2894 2893
f 2896 2894 2895

o hub_inner_-76_1
v -76.00000000 15.30000019 6.40000010 0.18823529 0.20784314 0.21960784
v -76.00000000 15.30000019 5.30000019 0.18823529 0.20784314 0.21960784
v -76.00000000 19.10000038 5.30000019 0.18823529 0.20784314 0.21960784
v -76.00000000 19.10000038 6.40000010 0.18823529 0.20784314 0.21960784
v -76.33992004 15.30000019 5.35383797 0.18823529 0.20784314 0.21960784
v -76.33992004 19.10000038 5.35383797 0.18823529 0.20784314 0.21960784
v -76.64656067 15.30000019 5.51008129 0.18823529 0.20784314 0.21960784
v -76.64656067 19.10000038 5.51008129 0.18823529 0.20784314 0.21960784
v -76.88991547 15.30000019 5.75343609 0.18823529 0.20784314 0.21960784
v -76.88991547 19.10000038 5.75343609 0.18823529 0.20784314 0.21960784
v -77.04616547 15.30000019 6.06008148 0.18823529 0.20784314 0.21960784
v -77.04616547 19.10000038 6.06008148 0.18823529 0.20784314 0.21960784
v -77.09999847 15.30000019 6.40000010 0.18823529 0.20784314 0.21960784
v -77.09999847 19.10000038 6.40000010 0.18823529 0.20784314 0.21960784
v -77.04616547 15.30000019 6.73991871 0.18823529 0.20784314 0.21960784
v -77.04616547 19.10000038 6.73991871 0.18823529 0.20784314 0.21960784
v -76.88991547 15.30000019 7.04656363 0.18823529 0.20784314 0.21960784
v -76.88991547 19.10000038 7.04656363 0.18823529 0.20784314 0.21960784
v -76.64656067 15.30000019 7.28991890 0.18823529 0.20784314 0.21960784
v -76.64656067 19.10000038 7.28991890 0.18823529 0.20784314 0.21960784
v -76.33992004 15.30000019 7.44616222 0.18823529 0.20784314 0.21960784
v -76.33992004 19.10000038 7.44616222 0.18823529 0.20784314 0.21960784
v -76.00000000 15.30000019 7.50000000 0.18823529 0.20784314 0.21960784
v -76.00000000 19.10000038 7.50000000 0.18823529 0.20784314 0.21960784
v -75.66007996 15.30000019 7.44616222 0.18823529 0.20784314 0.21960784
v -75.66007996 19.10000038 7.44616222 0.18823529 0.20784314 0.21960784
v -75.35343933 15.30000019 7.28991890 0.18823529 0.20784314 0.21960784
v -75.35343933 19.10000038 7.28991890 0.18823529 0.20784314 0.21960784
v -75.11008453 15.30000019 7.04656363 0.18823529 0.20784314 0.21960784
v -75.11008453 19.10000038 7.04656363 0.18823529 0.20784314 0.21960784
v -74.95383453 15.30000019 6.73991871 0.18823529 0.20784314 0.21960784
v -74.95383453 19.10000038 6.73991871 0.18823529 0.20784314 0.21960784
v -74.90000153 15.30000019 6.40000010 0.18823529 0.20784314 0.21960784
v -74.90000153 19.10000038 6.40000010 0.18823529 0.20784314 0.21960784
v -74.95383453 15.30000019 6.06008148 0.18823529 0.20784314 0.21960784
v -74.95383453 19.10000038 6.06008148 0.18823529 0.20784314 0.21960784
v -75.11008453 15.30000019 5.75343609 0.18823529 0.20784314 0.21960784
v -75.11008453 19.10000038 5.75343609 0.18823529 0.20784314 0.21960784
v -75.35343933 15.30000019 5.51008129 0.18823529 0.20784314 0.21960784
v -75.35343933 19.10000038 5.51008129 0.18823529 0.20784314 0.21960784
v -75.66007996 15.30000019 5.35383797 0.18823529 0.20784314 0.21960784
v -75.66007996 19.10000038 5.35383797 0.18823529 0.20784314 0.21960784
f 2898 2897 2901
f 2898 2901 2899
f 2899 2901 2902
f 2899 2902 2900
f 2901 2897 2903
f 2901 2903 2902
f 2902 2903 2904
f 2902 2904 2900
f 2903 2897 2905
f 2903 2905 2904
f 2904 2905 2906
f 2904 2906 2900
f 2905 2897 2907
f 2905 2907 2906
f 2906 2907 2908
f 2906 2908 2900
f 2907 2897 2909
f 2907 2909 2908
f 2908 2909 2910
f 2908 2910 2900
f 2909 2897 2911
f 2909 2911 2910
f 2910 2911 2912
f 2910 2912 2900
f 2911 2897 2913
f 2911 2913 2912
f 2912 2913 2914
f 2912 2914 2900
f 2913 2897 2915
f 2913 2915 2914
f 2914 2915 2916
f 2914 2916 2900
f 2915 2897 2917
f 2915 2917 2916
f 2916 2917 2918
f 2916 2918 2900
f 2917 2897 2919
f 2917 2919 2918
f 2918 2919 2920
f 2918 2920 2900
f 2919 2897 2921
f 2919 2921 2920
f 2920 2921 2922
f 2920 2922 2900
f 2921 2897 2923
f 2921 2923 2922
f 2922 2923 2924
f 2922 2924 2900
f 2923 2897 2925
f 2923 2925 2924
f 2924 2925 2926
f 2924 2926 2900
f 2925 2897 2927
f 2925 2927 2926
f 2926 2927 2928
f 2926 2928 2900
f 2927 2897 2929
f 2927 2929 2928
f 2928 2929 2930
f 2928 2930 2900
f 2929 2897 2931
f 2929 2931 2930
f 2930 2931 2932
f 2930 2932 2900
f 2931 2897 2933
f 2931 2933 2932
f 2932 2933 2934
f 2932 2934 2900
f 2933 2897 2935
f 2933 2935 2934
f 2934 2935 2936
f 2934 2936 2900
f 2935 2897 2937
f 2935 2937 2936
f 2936 2937 2938
f 2936 2938 2900
f 2937 2897 2898
f 2937 2898 2938
f 2938 2898 2899
f 2938 2899 2900

o wheel_hub_-76_1
v -76.00000000 15.44999981 6.40000010 0.65882353 0.67843137 0.67450980
v -76.00000000 15.44999981 3.79999995 0.65882353 0.67843137 0.67450980
v -76.00000000 18.95000076 3.79999995 0.65882353 0.67843137 0.67450980
v -76.00000000 18.95000076 6.40000010 0.65882353 0.67843137 0.67450980
v -76.67292786 15.44999981 3.88859296 0.65882353 0.67843137 0.67450980
v -76.67292786 18.95000076 3.88859296 0.65882353 0.67843137 0.67450980
v -77.30000305 15.44999981 4.14833403 0.65882353 0.67843137 0.67450980
v -77.30000305 18.95000076 4.14833403 0.65882353 0.67843137 0.67450980
v -77.83847809 15.44999981 4.56152248 0.65882353 0.67843137 0.67450980
v -77.83847809 18.95000076 4.56152248 0.65882353 0.67843137 0.67450980
v -78.25166321 15.44999981 5.09999990 0.65882353 0.67843137 0.67450980
v -78.25166321 18.95000076 5.09999990 0.65882353 0.67843137 0.67450980
v -78.51140594 15.44999981 5.72707033 0.65882353 0.67843137 0.67450980
v -78.51140594 18.95000076 5.72707033 0.65882353 0.67843137 0.67450980
v -78.59999847 15.44999981 6.40000010 0.65882353 0.67843137 0.67450980
v -78.59999847 18.95000076 6.40000010 0.65882353 0.67843137 0.67450980
v -78.51140594 15.44999981 7.07292938 0.65882353 0.67843137 0.67450980
v -78.51140594 18.95000076 7.07292938 0.65882353 0.67843137 0.67450980
v -78.25166321 15.44999981 7.69999981 0.65882353 0.67843137 0.67450980
v -78.25166321 18.95000076 7.69999981 0.65882353 0.67843137 0.67450980
v -77.83847809 15.44999981 8.23847771 0.65882353 0.67843137 0.67450980
v -77.83847809 18.95000076 8.23847771 0.65882353 0.67843137 0.67450980
v -77.30000305 15.44999981 8.65166569 0.65882353 0.67843137 0.67450980
v -77.30000305 18.95000076 8.65166569 0.65882353 0.67843137 0.67450980
v -76.67292786 15.44999981 8.91140747 0.65882353 0.67843137 0.67450980
v -76.67292786 18.95000076 8.91140747 0.65882353 0.67843137 0.67450980
v -76.00000000 15.44999981 9.00000000 0.65882353 0.67843137 0.67450980
v -76.00000000 18.95000076 9.00000000 0.65882353 0.67843137 0.67450980
v -75.32707214 15.44999981 8.91140747 0.65882353 0.67843137 0.67450980
v -75.32707214 18.95000076 8.91140747 0.65882353 0.67843137 0.67450980
v -74.69999695 15.44999981 8.65166569 0.65882353 0.67843137 0.67450980
v -74.69999695 18.95000076 8.65166569 0.65882353 0.67843137 0.67450980
v -74.16152191 15.44999981 8.23847771 0.65882353 0.67843137 0.67450980
v -74.16152191 18.95000076 8.23847771 0.65882353 0.67843137 0.67450980
v -73.74833679 15.44999981 7.69999981 0.65882353 0.67843137 0.67450980
v -73.74833679 18.95000076 7.69999981 0.65882353 0.67843137 0.67450980
v -73.48859406 15.44999981 7.07292938 0.65882353 0.67843137 0.67450980
v -73.48859406 18.95000076 7.07292938 0.65882353 0.67843137 0.67450980
v -73.40000153 15.44999981 6.40000010 0.65882353 0.67843137 0.67450980
v -73.40000153 18.95000076 6.40000010 0.65882353 0.67843137 0.67450980
v -73.48859406 15.44999981 5.72707033 0.65882353 0.67843137 0.67450980
v -73.48859406 18.95000076 5.72707033 0.65882353 0.67843137 0.67450980
v -73.74833679 15.44999981 5.09999990 0.65882353 0.67843137 0.67450980
v -73.74833679 18.95000076 5.09999990 0.65882353 0.67843137 0.67450980
v -74.16152191 15.44999981 4.56152248 0.65882353 0.67843137 0.67450980
v -74.16152191 18.95000076 4.56152248 0.65882353 0.67843137 0.67450980
v -74.69999695 15.44999981 4.14833403 0.65882353 0.67843137 0.67450980
v -74.69999695 18.95000076 4.14833403 0.65882353 0.67843137 0.67450980
v -75.32707214 15.44999981 3.88859296 0.65882353 0.67843137 0.67450980
v -75.32707214 18.95000076 3.88859296 0.65882353 0.67843137 0.67450980
f 2940 2939 2943
f 2940 2943 2941
f 2941 2943 2944
f 2941 2944 2942
f 2943 2939 2945
f 2943 2945 2944
f 2944 2945 2946
f 2944 2946 2942
f 2945 2939 2947
f 2945 2947 2946
f 2946 2947 2948
f 2946 2948 2942
f 2947 2939 2949
f 2947 2949 2948
f 2948 2949 2950
f 2948 2950 2942
f 2949 2939 2951
f 2949 2951 2950
f 2950 2951 2952
f 2950 2952 2942
f 2951 2939 2953
f 2951 2953 2952
f 2952 2953 2954
f 2952 2954 2942
f 2953 2939 2955
f 2953 2955 2954
f 2954 2955 2956
f 2954 2956 2942
f 2955 2939 2957
f 2955 2957 2956
f 2956 2957 2958
f 2956 2958 2942
f 2957 2939 2959
f 2957 2959 2958
f 2958 2959 2960
f 2958 2960 2942
f 2959 2939 2961
f 2959 2961 2960
f 2960 2961 2962
f 2960 2962 2942
f 2961 2939 2963
f 2961 2963 2962
f 2962 2963 2964
f 2962 2964 2942
f 2963 2939 2965
f 2963 2965 2964
f 2964 2965 2966
f 2964 2966 2942
f 2965 2939 2967
f 2965 2967 2966
f 2966 2967 2968
f 2966 2968 2942
f 2967 2939 2969
f 2967 2969 2968
f 2968 2969 2970
f 2968 2970 2942
f 2969 2939 2971
f 2969 2971 2970
f 2970 2971 2972
f 2970 2972 2942
f 2971 2939 2973
f 2971 2973 2972
f 2972 2973 2974
f 2972 2974 2942
f 2973 2939 2975
f 2973 2975 2974
f 2974 2975 2976
f 2974 2976 2942
f 2975 2939 2977
f 2975 2977 2976
f 2976 2977 2978
f 2976 2978 2942
f 2977 2939 2979
f 2977 2979 2978
f 2978 2979 2980
f 2978 2980 2942
f 2979 2939 2981
f 2979 2981 2980
f 2980 2981 2982
f 2980 2982 2942
f 2981 2939 2983
f 2981 2983 2982
f 2982 2983 2984
f 2982 2984 2942
f 2983 2939 2985
f 2983 2985 2984
f 2984 2985 2986
f 2984 2986 2942
f 2985 2939 2987
f 2985 2987 2986
f 2986 2987 2988
f 2986 2988 2942
f 2987 2939 2940
f 2987 2940 2988
f 2988 2940 2941
f 2988 2941 2942

o wheel_-76_1
v -76.00000000 15.60000038 6.40000010 0.08627451 0.09411765 0.09803922
v -76.00000000 15.60000038 0.10000000 0.08627451 0.09411765 0.09803922
v -76.00000000 18.79999924 0.10000000 0.08627451 0.09411765 0.09803922
v -76.00000000 18.79999924 6.40000010 0.08627451 0.09411765 0.09803922
v -77.22907257 15.60000038 0.22105274 0.08627451 0.09411765 0.09803922
v -77.22907257 18.79999924 0.22105274 0.08627451 0.09411765 0.09803922
v -78.41090393 15.60000038 0.57955897 0.08627451 0.09411765 0.09803922
v -78.41090393 18.79999924 0.57955897 0.08627451 0.09411765 0.09803922
v -79.50009155 15.60000038 1.16174150 0.08627451 0.09411765 0.09803922
v -79.50009155 18.79999924 1.16174150 0.08627451 0.09411765 0.09803922
v -80.45477295 15.60000038 1.94522727 0.08627451 0.09411765 0.09803922
v -80.45477295 18.79999924 1.94522727 0.08627451 0.09411765 0.09803922
v -81.23825836 15.60000038 2.89990759 0.08627451 0.09411765 0.09803922
v -81.23825836 18.79999924 2.89990759 0.08627451 0.09411765 0.09803922
v -81.82044220 15.60000038 3.98909426 0.08627451 0.09411765 0.09803922
v -81.82044220 18.79999924 3.98909426 0.08627451 0.09411765 0.09803922
v -82.17894745 15.60000038 5.17093086 0.08627451 0.09411765 0.09803922
v -82.17894745 18.79999924 5.17093086 0.08627451 0.09411765 0.09803922
v -82.30000305 15.60000038 6.40000010 0.08627451 0.09411765 0.09803922
v -82.30000305 18.79999924 6.40000010 0.08627451 0.09411765 0.09803922
v -82.17894745 15.60000038 7.62906885 0.08627451 0.09411765 0.09803922
v -82.17894745 18.79999924 7.62906885 0.08627451 0.09411765 0.09803922
v -81.82044220 15.60000038 8.81090546 0.08627451 0.09411765 0.09803922
v -81.82044220 18.79999924 8.81090546 0.08627451 0.09411765 0.09803922
v -81.23825836 15.60000038 9.90009212 0.08627451 0.09411765 0.09803922
v -81.23825836 18.79999924 9.90009212 0.08627451 0.09411765 0.09803922
v -80.45477295 15.60000038 10.85477257 0.08627451 0.09411765 0.09803922
v -80.45477295 18.79999924 10.85477257 0.08627451 0.09411765 0.09803922
v -79.50009155 15.60000038 11.63825893 0.08627451 0.09411765 0.09803922
v -79.50009155 18.79999924 11.63825893 0.08627451 0.09411765 0.09803922
v -78.41090393 15.60000038 12.22044086 0.08627451 0.09411765 0.09803922
v -78.41090393 18.79999924 12.22044086 0.08627451 0.09411765 0.09803922
v -77.22907257 15.60000038 12.57894707 0.08627451 0.09411765 0.09803922
v -77.22907257 18.79999924 12.57894707 0.08627451 0.09411765 0.09803922
v -76.00000000 15.60000038 12.69999981 0.08627451 0.09411765 0.09803922
v -76.00000000 18.79999924 12.69999981 0.08627451 0.09411765 0.09803922
v -74.77092743 15.60000038 12.57894707 0.08627451 0.09411765 0.09803922
v -74.77092743 18.79999924 12.57894707 0.08627451 0.09411765 0.09803922
v -73.58909607 15.60000038 12.22044086 0.08627451 0.09411765 0.09803922
v -73.58909607 18.79999924 12.22044086 0.08627451 0.09411765 0.09803922
v -72.49990845 15.60000038 11.63825893 0.08627451 0.09411765 0.09803922
v -72.49990845 18.79999924 11.63825893 0.08627451 0.09411765 0.09803922
v -71.54522705 15.60000038 10.85477257 0.08627451 0.09411765 0.09803922
v -71.54522705 18.79999924 10.85477257 0.08627451 0.09411765 0.09803922
v -70.76174164 15.60000038 9.90009212 0.08627451 0.09411765 0.09803922
v -70.76174164 18.79999924 9.90009212 0.08627451 0.09411765 0.09803922
v -70.17955780 15.60000038 8.81090546 0.08627451 0.09411765 0.09803922
v -70.17955780 18.79999924 8.81090546 0.08627451 0.09411765 0.09803922
v -69.82105255 15.60000038 7.62906885 0.08627451 0.09411765 0.09803922
v -69.82105255 18.79999924 7.62906885 0.08627451 0.09411765 0.09803922
v -69.69999695 15.60000038 6.40000010 0.08627451 0.09411765 0.09803922
v -69.69999695 18.79999924 6.40000010 0.08627451 0.09411765 0.09803922
v -69.82105255 15.60000038 5.17093086 0.08627451 0.09411765 0.09803922
v -69.82105255 18.79999924 5.17093086 0.08627451 0.09411765 0.09803922
v -70.17955780 15.60000038 3.98909426 0.08627451 0.09411765 0.09803922
v -70.17955780 18.79999924 3.98909426 0.08627451 0.09411765 0.09803922
v -70.76174164 15.60000038 2.89990759 0.08627451 0.09411765 0.09803922
v -70.76174164 18.79999924 2.89990759 0.08627451 0.09411765 0.09803922
v -71.54522705 15.60000038 1.94522727 0.08627451 0.09411765 0.09803922
v -71.54522705 18.79999924 1.94522727 0.08627451 0.09411765 0.09803922
v -72.49990845 15.60000038 1.16174150 0.08627451 0.09411765 0.09803922
v -72.49990845 18.79999924 1.16174150 0.08627451 0.09411765 0.09803922
v -73.58909607 15.60000038 0.57955897 0.08627451 0.09411765 0.09803922
v -73.58909607 18.79999924 0.57955897 0.08627451 0.09411765 0.09803922
v -74.77092743 15.60000038 0.22105274 0.08627451 0.09411765 0.09803922
v -74.77092743 18.79999924 0.22105274 0.08627451 0.09411765 0.09803922
f 2990 2989 2993
f 2990 2993 2991
f 2991 2993 2994
f 2991 2994 2992
f 2993 2989 2995
f 2993 2995 2994
f 2994 2995 2996
f 2994 2996 2992
f 2995 2989 2997
f 2995 2997 2996
f 2996 2997 2998
f 2996 2998 2992
f 2997 2989 2999
f 2997 2999 2998
f 2998 2999 3000
f 2998 3000 2992
f 2999 2989 3001
f 2999 3001 3000
f 3000 3001 3002
f 3000 3002 2992
f 3001 2989 3003
f 3001 3003 3002
f 3002 3003 3004
f 3002 3004 2992
f 3003 2989 3005
f 3003 3005 3004
f 3004 3005 3006
f 3004 3006 2992
f 3005 2989 3007
f 3005 3007 3006
f 3006 3007 3008
f 3006 3008 2992
f 3007 2989 3009
f 3007 3009 3008
f 3008 3009 3010
f 3008 3010 2992
f 3009 2989 3011
f 3009 3011 3010
f 3010 3011 3012
f 3010 3012 2992
f 3011 2989 3013
f 3011 3013 3012
f 3012 3013 3014
f 3012 3014 2992
f 3013 2989 3015
f 3013 3015 3014
f 3014 3015 3016
f 3014 3016 2992
f 3015 2989 3017
f 3015 3017 3016
f 3016 3017 3018
f 3016 3018 2992
f 3017 2989 3019
f 3017 3019 3018
f 3018 3019 3020
f 3018 3020 2992
f 3019 2989 3021
f 3019 3021 3020
f 3020 3021 3022
f 3020 3022 2992
f 3021 2989 3023
f 3021 3023 3022
f 3022 3023 3024
f 3022 3024 2992
f 3023 2989 3025
f 3023 3025 3024
f 3024 3025 3026
f 3024 3026 2992
f 3025 2989 3027
f 3025 3027 3026
f 3026 3027 3028
f 3026 3028 2992
f 3027 2989 3029
f 3027 3029 3028
f 3028 3029 3030
f 3028 3030 2992
f 3029 2989 3031
f 3029 3031 3030
f 3030 3031 3032
f 3030 3032 2992
f 3031 2989 3033
f 3031 3033 3032
f 3032 3033 3034
f 3032 3034 2992
f 3033 2989 3035
f 3033 3035 3034
f 3034 3035 3036
f 3034 3036 2992
f 3035 2989 3037
f 3035 3037 3036
f 3036 3037 3038
f 3036 3038 2992
f 3037 2989 3039
f 3037 3039 3038
f 3038 3039 3040
f 3038 3040 2992
f 3039 2989 3041
f 3039 3041 3040
f 3040 3041 3042
f 3040 3042 2992
f 3041 2989 3043
f 3041 3043 3042
f 3042 3043 3044
f 3042 3044 2992
f 3043 2989 3045
f 3043 3045 3044
f 3044 3045 3046
f 3044 3046 2992
f 3045 2989 3047
f 3045 3047 3046
f 3046 3047 3048
f 3046 3048 2992
f 3047 2989 3049
f 3047 3049 3048
f 3048 3049 3050
f 3048 3050 2992
f 3049 2989 3051
f 3049 3051 3050
f 3050 3051 3052
f 3050 3052 2992
f 3051 2989 3053
f 3051 3053 3052
f 3052 3053 3054
f 3052 3054 2992
f 3053 2989 2990
f 3053 2990 3054
f 3054 2990 2991
f 3054 2991 2992

o bogie_detail_-76_-1_10.5
v -78.00000000 -18.20000076 9.89999962 0.65882353 0.67843137 0.67450980
v -78.00000000 -18.20000076 11.10000038 0.65882353 0.67843137 0.67450980
v -78.00000000 -17.00000000 9.89999962 0.65882353 0.67843137 0.67450980
v -78.00000000 -17.00000000 11.10000038 0.65882353 0.67843137 0.67450980
v -74.00000000 -18.20000076 9.89999962 0.65882353 0.67843137 0.67450980
v -74.00000000 -18.20000076 11.10000038 0.65882353 0.67843137 0.67450980
v -74.00000000 -17.00000000 9.89999962 0.65882353 0.67843137 0.67450980
v -74.00000000 -17.00000000 11.10000038 0.65882353 0.67843137 0.67450980
f 3056 3058 3055
f 3059 3056 3055
f 3055 3058 3057
f 3057 3059 3055
f 3056 3062 3058
f 3060 3056 3059
f 3060 3062 3056
f 3058 3062 3057
f 3061 3059 3057
f 3057 3062 3061
f 3061 3060 3059
f 3062 3060 3061

o bogie_detail_-76_-1_8.5
v -78.00000000 -18.20000076 7.90000010 0.65882353 0.67843137 0.67450980
v -78.00000000 -18.20000076 9.10000038 0.65882353 0.67843137 0.67450980
v -78.00000000 -17.00000000 7.90000010 0.65882353 0.67843137 0.67450980
v -78.00000000 -17.00000000 9.10000038 0.65882353 0.67843137 0.67450980
v -74.00000000 -18.20000076 7.90000010 0.65882353 0.67843137 0.67450980
v -74.00000000 -18.20000076 9.10000038 0.65882353 0.67843137 0.67450980
v -74.00000000 -17.00000000 7.90000010 0.65882353 0.67843137 0.67450980
v -74.00000000 -17.00000000 9.10000038 0.65882353 0.67843137 0.67450980
f 3064 3066 3063
f 3067 3064 3063
f 3063 3066 3065
f 3065 3067 3063
f 3064 3070 3066
f 3068 3064 3067
f 3068 3070 3064
f 3066 3070 3065
f 3069 3067 3065
f 3065 3070 3069
f 3069 3068 3067
f 3070 3068 3069

o hub_inner_-76_-1
v -76.00000000 -19.10000038 6.40000010 0.18823529 0.20784314 0.21960784
v -76.00000000 -19.10000038 5.30000019 0.18823529 0.20784314 0.21960784
v -76.00000000 -15.30000019 5.30000019 0.18823529 0.20784314 0.21960784
v -76.00000000 -15.30000019 6.40000010 0.18823529 0.20784314 0.21960784
v -76.33992004 -19.10000038 5.35383797 0.18823529 0.20784314 0.21960784
v -76.33992004 -15.30000019 5.35383797 0.18823529 0.20784314 0.21960784
v -76.64656067 -19.10000038 5.51008129 0.18823529 0.20784314 0.21960784
v -76.64656067 -15.30000019 5.51008129 0.18823529 0.20784314 0.21960784
v -76.88991547 -19.10000038 5.75343609 0.18823529 0.20784314 0.21960784
v -76.88991547 -15.30000019 5.75343609 0.18823529 0.20784314 0.21960784
v -77.04616547 -19.10000038 6.06008148 0.18823529 0.20784314 0.21960784
v -77.04616547 -15.30000019 6.06008148 0.18823529 0.20784314 0.21960784
v -77.09999847 -19.10000038 6.40000010 0.18823529 0.20784314 0.21960784
v -77.09999847 -15.30000019 6.40000010 0.18823529 0.20784314 0.21960784
v -77.04616547 -19.10000038 6.73991871 0.18823529 0.20784314 0.21960784
v -77.04616547 -15.30000019 6.73991871 0.18823529 0.20784314 0.21960784
v -76.88991547 -19.10000038 7.04656363 0.18823529 0.20784314 0.21960784
v -76.88991547 -15.30000019 7.04656363 0.18823529 0.20784314 0.21960784
v -76.64656067 -19.10000038 7.28991890 0.18823529 0.20784314 0.21960784
v -76.64656067 -15.30000019 7.28991890 0.18823529 0.20784314 0.21960784
v -76.33992004 -19.10000038 7.44616222 0.18823529 0.20784314 0.21960784
v -76.33992004 -15.30000019 7.44616222 0.18823529 0.20784314 0.21960784
v -76.00000000 -19.10000038 7.50000000 0.18823529 0.20784314 0.21960784
v -76.00000000 -15.30000019 7.50000000 0.18823529 0.20784314 0.21960784
v -75.66007996 -19.10000038 7.44616222 0.18823529 0.20784314 0.21960784
v -75.66007996 -15.30000019 7.44616222 0.18823529 0.20784314 0.21960784
v -75.35343933 -19.10000038 7.28991890 0.18823529 0.20784314 0.21960784
v -75.35343933 -15.30000019 7.28991890 0.18823529 0.20784314 0.21960784
v -75.11008453 -19.10000038 7.04656363 0.18823529 0.20784314 0.21960784
v -75.11008453 -15.30000019 7.04656363 0.18823529 0.20784314 0.21960784
v -74.95383453 -19.10000038 6.73991871 0.18823529 0.20784314 0.21960784
v -74.95383453 -15.30000019 6.73991871 0.18823529 0.20784314 0.21960784
v -74.90000153 -19.10000038 6.40000010 0.18823529 0.20784314 0.21960784
v -74.90000153 -15.30000019 6.40000010 0.18823529 0.20784314 0.21960784
v -74.95383453 -19.10000038 6.06008148 0.18823529 0.20784314 0.21960784
v -74.95383453 -15.30000019 6.06008148 0.18823529 0.20784314 0.21960784
v -75.11008453 -19.10000038 5.75343609 0.18823529 0.20784314 0.21960784
v -75.11008453 -15.30000019 5.75343609 0.18823529 0.20784314 0.21960784
v -75.35343933 -19.10000038 5.51008129 0.18823529 0.20784314 0.21960784
v -75.35343933 -15.30000019 5.51008129 0.18823529 0.20784314 0.21960784
v -75.66007996 -19.10000038 5.35383797 0.18823529 0.20784314 0.21960784
v -75.66007996 -15.30000019 5.35383797 0.18823529 0.20784314 0.21960784
f 3072 3071 3075
f 3072 3075 3073
f 3073 3075 3076
f 3073 3076 3074
f 3075 3071 3077
f 3075 3077 3076
f 3076 3077 3078
f 3076 3078 3074
f 3077 3071 3079
f 3077 3079 3078
f 3078 3079 3080
f 3078 3080 3074
f 3079 3071 3081
f 3079 3081 3080
f 3080 3081 3082
f 3080 3082 3074
f 3081 3071 3083
f 3081 3083 3082
f 3082 3083 3084
f 3082 3084 3074
f 3083 3071 3085
f 3083 3085 3084
f 3084 3085 3086
f 3084 3086 3074
f 3085 3071 3087
f 3085 3087 3086
f 3086 3087 3088
f 3086 3088 3074
f 3087 3071 3089
f 3087 3089 3088
f 3088 3089 3090
f 3088 3090 3074
f 3089 3071 3091
f 3089 3091 3090
f 3090 3091 3092
f 3090 3092 3074
f 3091 3071 3093
f 3091 3093 3092
f 3092 3093 3094
f 3092 3094 3074
f 3093 3071 3095
f 3093 3095 3094
f 3094 3095 3096
f 3094 3096 3074
f 3095 3071 3097
f 3095 3097 3096
f 3096 3097 3098
f 3096 3098 3074
f 3097 3071 3099
f 3097 3099 3098
f 3098 3099 3100
f 3098 3100 3074
f 3099 3071 3101
f 3099 3101 3100
f 3100 3101 3102
f 3100 3102 3074
f 3101 3071 3103
f 3101 3103 3102
f 3102 3103 3104
f 3102 3104 3074
f 3103 3071 3105
f 3103 3105 3104
f 3104 3105 3106
f 3104 3106 3074
f 3105 3071 3107
f 3105 3107 3106
f 3106 3107 3108
f 3106 3108 3074
f 3107 3071 3109
f 3107 3109 3108
f 3108 3109 3110
f 3108 3110 3074
f 3109 3071 3111
f 3109 3111 3110
f 3110 3111 3112
f 3110 3112 3074
f 3111 3071 3072
f 3111 3072 3112
f 3112 3072 3073
f 3112 3073 3074

o wheel_hub_-76_-1
v -76.00000000 -18.95000076 6.40000010 0.65882353 0.67843137 0.67450980
v -76.00000000 -18.95000076 3.79999995 0.65882353 0.67843137 0.67450980
v -76.00000000 -15.44999981 3.79999995 0.65882353 0.67843137 0.67450980
v -76.00000000 -15.44999981 6.40000010 0.65882353 0.67843137 0.67450980
v -76.67292786 -18.95000076 3.88859296 0.65882353 0.67843137 0.67450980
v -76.67292786 -15.44999981 3.88859296 0.65882353 0.67843137 0.67450980
v -77.30000305 -18.95000076 4.14833403 0.65882353 0.67843137 0.67450980
v -77.30000305 -15.44999981 4.14833403 0.65882353 0.67843137 0.67450980
v -77.83847809 -18.95000076 4.56152248 0.65882353 0.67843137 0.67450980
v -77.83847809 -15.44999981 4.56152248 0.65882353 0.67843137 0.67450980
v -78.25166321 -18.95000076 5.09999990 0.65882353 0.67843137 0.67450980
v -78.25166321 -15.44999981 5.09999990 0.65882353 0.67843137 0.67450980
v -78.51140594 -18.95000076 5.72707033 0.65882353 0.67843137 0.67450980
v -78.51140594 -15.44999981 5.72707033 0.65882353 0.67843137 0.67450980
v -78.59999847 -18.95000076 6.40000010 0.65882353 0.67843137 0.67450980
v -78.59999847 -15.44999981 6.40000010 0.65882353 0.67843137 0.67450980
v -78.51140594 -18.95000076 7.07292938 0.65882353 0.67843137 0.67450980
v -78.51140594 -15.44999981 7.07292938 0.65882353 0.67843137 0.67450980
v -78.25166321 -18.95000076 7.69999981 0.65882353 0.67843137 0.67450980
v -78.25166321 -15.44999981 7.69999981 0.65882353 0.67843137 0.67450980
v -77.83847809 -18.95000076 8.23847771 0.65882353 0.67843137 0.67450980
v -77.83847809 -15.44999981 8.23847771 0.65882353 0.67843137 0.67450980
v -77.30000305 -18.95000076 8.65166569 0.65882353 0.67843137 0.67450980
v -77.30000305 -15.44999981 8.65166569 0.65882353 0.67843137 0.67450980
v -76.67292786 -18.95000076 8.91140747 0.65882353 0.67843137 0.67450980
v -76.67292786 -15.44999981 8.91140747 0.65882353 0.67843137 0.67450980
v -76.00000000 -18.95000076 9.00000000 0.65882353 0.67843137 0.67450980
v -76.00000000 -15.44999981 9.00000000 0.65882353 0.67843137 0.67450980
v -75.32707214 -18.95000076 8.91140747 0.65882353 0.67843137 0.67450980
v -75.32707214 -15.44999981 8.91140747 0.65882353 0.67843137 0.67450980
v -74.69999695 -18.95000076 8.65166569 0.65882353 0.67843137 0.67450980
v -74.69999695 -15.44999981 8.65166569 0.65882353 0.67843137 0.67450980
v -74.16152191 -18.95000076 8.23847771 0.65882353 0.67843137 0.67450980
v -74.16152191 -15.44999981 8.23847771 0.65882353 0.67843137 0.67450980
v -73.74833679 -18.95000076 7.69999981 0.65882353 0.67843137 0.67450980
v -73.74833679 -15.44999981 7.69999981 0.65882353 0.67843137 0.67450980
v -73.48859406 -18.95000076 7.07292938 0.65882353 0.67843137 0.67450980
v -73.48859406 -15.44999981 7.07292938 0.65882353 0.67843137 0.67450980
v -73.40000153 -18.95000076 6.40000010 0.65882353 0.67843137 0.67450980
v -73.40000153 -15.44999981 6.40000010 0.65882353 0.67843137 0.67450980
v -73.48859406 -18.95000076 5.72707033 0.65882353 0.67843137 0.67450980
v -73.48859406 -15.44999981 5.72707033 0.65882353 0.67843137 0.67450980
v -73.74833679 -18.95000076 5.09999990 0.65882353 0.67843137 0.67450980
v -73.74833679 -15.44999981 5.09999990 0.65882353 0.67843137 0.67450980
v -74.16152191 -18.95000076 4.56152248 0.65882353 0.67843137 0.67450980
v -74.16152191 -15.44999981 4.56152248 0.65882353 0.67843137 0.67450980
v -74.69999695 -18.95000076 4.14833403 0.65882353 0.67843137 0.67450980
v -74.69999695 -15.44999981 4.14833403 0.65882353 0.67843137 0.67450980
v -75.32707214 -18.95000076 3.88859296 0.65882353 0.67843137 0.67450980
v -75.32707214 -15.44999981 3.88859296 0.65882353 0.67843137 0.67450980
f 3114 3113 3117
f 3114 3117 3115
f 3115 3117 3118
f 3115 3118 3116
f 3117 3113 3119
f 3117 3119 3118
f 3118 3119 3120
f 3118 3120 3116
f 3119 3113 3121
f 3119 3121 3120
f 3120 3121 3122
f 3120 3122 3116
f 3121 3113 3123
f 3121 3123 3122
f 3122 3123 3124
f 3122 3124 3116
f 3123 3113 3125
f 3123 3125 3124
f 3124 3125 3126
f 3124 3126 3116
f 3125 3113 3127
f 3125 3127 3126
f 3126 3127 3128
f 3126 3128 3116
f 3127 3113 3129
f 3127 3129 3128
f 3128 3129 3130
f 3128 3130 3116
f 3129 3113 3131
f 3129 3131 3130
f 3130 3131 3132
f 3130 3132 3116
f 3131 3113 3133
f 3131 3133 3132
f 3132 3133 3134
f 3132 3134 3116
f 3133 3113 3135
f 3133 3135 3134
f 3134 3135 3136
f 3134 3136 3116
f 3135 3113 3137
f 3135 3137 3136
f 3136 3137 3138
f 3136 3138 3116
f 3137 3113 3139
f 3137 3139 3138
f 3138 3139 3140
f 3138 3140 3116
f 3139 3113 3141
f 3139 3141 3140
f 3140 3141 3142
f 3140 3142 3116
f 3141 3113 3143
f 3141 3143 3142
f 3142 3143 3144
f 3142 3144 3116
f 3143 3113 3145
f 3143 3145 3144
f 3144 3145 3146
f 3144 3146 3116
f 3145 3113 3147
f 3145 3147 3146
f 3146 3147 3148
f 3146 3148 3116
f 3147 3113 3149
f 3147 3149 3148
f 3148 3149 3150
f 3148 3150 3116
f 3149 3113 3151
f 3149 3151 3150
f 3150 3151 3152
f 3150 3152 3116
f 3151 3113 3153
f 3151 3153 3152
f 3152 3153 3154
f 3152 3154 3116
f 3153 3113 3155
f 3153 3155 3154
f 3154 3155 3156
f 3154 3156 3116
f 3155 3113 3157
f 3155 3157 3156
f 3156 3157 3158
f 3156 3158 3116
f 3157 3113 3159
f 3157 3159 3158
f 3158 3159 3160
f 3158 3160 3116
f 3159 3113 3161
f 3159 3161 3160
f 3160 3161 3162
f 3160 3162 3116
f 3161 3113 3114
f 3161 3114 3162
f 3162 3114 3115
f 3162 3115 3116

o wheel_-76_-1
v -76.00000000 -18.79999924 6.40000010 0.08627451 0.09411765 0.09803922
v -76.00000000 -18.79999924 0.10000000 0.08627451 0.09411765 0.09803922
v -76.00000000 -15.60000038 0.10000000 0.08627451 0.09411765 0.09803922
v -76.00000000 -15.60000038 6.40000010 0.08627451 0.09411765 0.09803922
v -77.22907257 -18.79999924 0.22105274 0.08627451 0.09411765 0.09803922
v -77.22907257 -15.60000038 0.22105274 0.08627451 0.09411765 0.09803922
v -78.41090393 -18.79999924 0.57955897 0.08627451 0.09411765 0.09803922
v -78.41090393 -15.60000038 0.57955897 0.08627451 0.09411765 0.09803922
v -79.50009155 -18.79999924 1.16174150 0.08627451 0.09411765 0.09803922
v -79.50009155 -15.60000038 1.16174150 0.08627451 0.09411765 0.09803922
v -80.45477295 -18.79999924 1.94522727 0.08627451 0.09411765 0.09803922
v -80.45477295 -15.60000038 1.94522727 0.08627451 0.09411765 0.09803922
v -81.23825836 -18.79999924 2.89990759 0.08627451 0.09411765 0.09803922
v -81.23825836 -15.60000038 2.89990759 0.08627451 0.09411765 0.09803922
v -81.82044220 -18.79999924 3.98909426 0.08627451 0.09411765 0.09803922
v -81.82044220 -15.60000038 3.98909426 0.08627451 0.09411765 0.09803922
v -82.17894745 -18.79999924 5.17093086 0.08627451 0.09411765 0.09803922
v -82.17894745 -15.60000038 5.17093086 0.08627451 0.09411765 0.09803922
v -82.30000305 -18.79999924 6.40000010 0.08627451 0.09411765 0.09803922
v -82.30000305 -15.60000038 6.40000010 0.08627451 0.09411765 0.09803922
v -82.17894745 -18.79999924 7.62906885 0.08627451 0.09411765 0.09803922
v -82.17894745 -15.60000038 7.62906885 0.08627451 0.09411765 0.09803922
v -81.82044220 -18.79999924 8.81090546 0.08627451 0.09411765 0.09803922
v -81.82044220 -15.60000038 8.81090546 0.08627451 0.09411765 0.09803922
v -81.23825836 -18.79999924 9.90009212 0.08627451 0.09411765 0.09803922
v -81.23825836 -15.60000038 9.90009212 0.08627451 0.09411765 0.09803922
v -80.45477295 -18.79999924 10.85477257 0.08627451 0.09411765 0.09803922
v -80.45477295 -15.60000038 10.85477257 0.08627451 0.09411765 0.09803922
v -79.50009155 -18.79999924 11.63825893 0.08627451 0.09411765 0.09803922
v -79.50009155 -15.60000038 11.63825893 0.08627451 0.09411765 0.09803922
v -78.41090393 -18.79999924 12.22044086 0.08627451 0.09411765 0.09803922
v -78.41090393 -15.60000038 12.22044086 0.08627451 0.09411765 0.09803922
v -77.22907257 -18.79999924 12.57894707 0.08627451 0.09411765 0.09803922
v -77.22907257 -15.60000038 12.57894707 0.08627451 0.09411765 0.09803922
v -76.00000000 -18.79999924 12.69999981 0.08627451 0.09411765 0.09803922
v -76.00000000 -15.60000038 12.69999981 0.08627451 0.09411765 0.09803922
v -74.77092743 -18.79999924 12.57894707 0.08627451 0.09411765 0.09803922
v -74.77092743 -15.60000038 12.57894707 0.08627451 0.09411765 0.09803922
v -73.58909607 -18.79999924 12.22044086 0.08627451 0.09411765 0.09803922
v -73.58909607 -15.60000038 12.22044086 0.08627451 0.09411765 0.09803922
v -72.49990845 -18.79999924 11.63825893 0.08627451 0.09411765 0.09803922
v -72.49990845 -15.60000038 11.63825893 0.08627451 0.09411765 0.09803922
v -71.54522705 -18.79999924 10.85477257 0.08627451 0.09411765 0.09803922
v -71.54522705 -15.60000038 10.85477257 0.08627451 0.09411765 0.09803922
v -70.76174164 -18.79999924 9.90009212 0.08627451 0.09411765 0.09803922
v -70.76174164 -15.60000038 9.90009212 0.08627451 0.09411765 0.09803922
v -70.17955780 -18.79999924 8.81090546 0.08627451 0.09411765 0.09803922
v -70.17955780 -15.60000038 8.81090546 0.08627451 0.09411765 0.09803922
v -69.82105255 -18.79999924 7.62906885 0.08627451 0.09411765 0.09803922
v -69.82105255 -15.60000038 7.62906885 0.08627451 0.09411765 0.09803922
v -69.69999695 -18.79999924 6.40000010 0.08627451 0.09411765 0.09803922
v -69.69999695 -15.60000038 6.40000010 0.08627451 0.09411765 0.09803922
v -69.82105255 -18.79999924 5.17093086 0.08627451 0.09411765 0.09803922
v -69.82105255 -15.60000038 5.17093086 0.08627451 0.09411765 0.09803922
v -70.17955780 -18.79999924 3.98909426 0.08627451 0.09411765 0.09803922
v -70.17955780 -15.60000038 3.98909426 0.08627451 0.09411765 0.09803922
v -70.76174164 -18.79999924 2.89990759 0.08627451 0.09411765 0.09803922
v -70.76174164 -15.60000038 2.89990759 0.08627451 0.09411765 0.09803922
v -71.54522705 -18.79999924 1.94522727 0.08627451 0.09411765 0.09803922
v -71.54522705 -15.60000038 1.94522727 0.08627451 0.09411765 0.09803922
v -72.49990845 -18.79999924 1.16174150 0.08627451 0.09411765 0.09803922
v -72.49990845 -15.60000038 1.16174150 0.08627451 0.09411765 0.09803922
v -73.58909607 -18.79999924 0.57955897 0.08627451 0.09411765 0.09803922
v -73.58909607 -15.60000038 0.57955897 0.08627451 0.09411765 0.09803922
v -74.77092743 -18.79999924 0.22105274 0.08627451 0.09411765 0.09803922
v -74.77092743 -15.60000038 0.22105274 0.08627451 0.09411765 0.09803922
f 3164 3163 3167
f 3164 3167 3165
f 3165 3167 3168
f 3165 3168 3166
f 3167 3163 3169
f 3167 3169 3168
f 3168 3169 3170
f 3168 3170 3166
f 3169 3163 3171
f 3169 3171 3170
f 3170 3171 3172
f 3170 3172 3166
f 3171 3163 3173
f 3171 3173 3172
f 3172 3173 3174
f 3172 3174 3166
f 3173 3163 3175
f 3173 3175 3174
f 3174 3175 3176
f 3174 3176 3166
f 3175 3163 3177
f 3175 3177 3176
f 3176 3177 3178
f 3176 3178 3166
f 3177 3163 3179
f 3177 3179 3178
f 3178 3179 3180
f 3178 3180 3166
f 3179 3163 3181
f 3179 3181 3180
f 3180 3181 3182
f 3180 3182 3166
f 3181 3163 3183
f 3181 3183 3182
f 3182 3183 3184
f 3182 3184 3166
f 3183 3163 3185
f 3183 3185 3184
f 3184 3185 3186
f 3184 3186 3166
f 3185 3163 3187
f 3185 3187 3186
f 3186 3187 3188
f 3186 3188 3166
f 3187 3163 3189
f 3187 3189 3188
f 3188 3189 3190
f 3188 3190 3166
f 3189 3163 3191
f 3189 3191 3190
f 3190 3191 3192
f 3190 3192 3166
f 3191 3163 3193
f 3191 3193 3192
f 3192 3193 3194
f 3192 3194 3166
f 3193 3163 3195
f 3193 3195 3194
f 3194 3195 3196
f 3194 3196 3166
f 3195 3163 3197
f 3195 3197 3196
f 3196 3197 3198
f 3196 3198 3166
f 3197 3163 3199
f 3197 3199 3198
f 3198 3199 3200
f 3198 3200 3166
f 3199 3163 3201
f 3199 3201 3200
f 3200 3201 3202
f 3200 3202 3166
f 3201 3163 3203
f 3201 3203 3202
f 3202 3203 3204
f 3202 3204 3166
f 3203 3163 3205
f 3203 3205 3204
f 3204 3205 3206
f 3204 3206 3166
f 3205 3163 3207
f 3205 3207 3206
f 3206 3207 3208
f 3206 3208 3166
f 3207 3163 3209
f 3207 3209 3208
f 3208 3209 3210
f 3208 3210 3166
f 3209 3163 3211
f 3209 3211 3210
f 3210 3211 3212
f 3210 3212 3166
f 3211 3163 3213
f 3211 3213 3212
f 3212 3213 3214
f 3212 3214 3166
f 3213 3163 3215
f 3213 3215 3214
f 3214 3215 3216
f 3214 3216 3166
f 3215 3163 3217
f 3215 3217 3216
f 3216 3217 3218
f 3216 3218 3166
f 3217 3163 3219
f 3217 3219 3218
f 3218 3219 3220
f 3218 3220 3166
f 3219 3163 3221
f 3219 3221 3220
f 3220 3221 3222
f 3220 3222 3166
f 3221 3163 3223
f 3221 3223 3222
f 3222 3223 3224
f 3222 3224 3166
f 3223 3163 3225
f 3223 3225 3224
f 3224 3225 3226
f 3224 3226 3166
f 3225 3163 3227
f 3225 3227 3226
f 3226 3227 3228
f 3226 3228 3166
f 3227 3163 3164
f 3227 3164 3228
f 3228 3164 3165
f 3228 3165 3166

o bogie_sideframe_R_-59
v -83.50000000 14.89999962 5.50000000 0.36862745 0.39607843 0.40392157
v -83.50000000 14.89999962 10.50000000 0.36862745 0.39607843 0.40392157
v -83.50000000 17.29999924 5.50000000 0.36862745 0.39607843 0.40392157
v -83.50000000 17.29999924 10.50000000 0.36862745 0.39607843 0.40392157
v -34.50000000 14.89999962 5.50000000 0.36862745 0.39607843 0.40392157
v -34.50000000 14.89999962 10.50000000 0.36862745 0.39607843 0.40392157
v -34.50000000 17.29999924 5.50000000 0.36862745 0.39607843 0.40392157
v -34.50000000 17.29999924 10.50000000 0.36862745 0.39607843 0.40392157
f 3230 3232 3229
f 3233 3230 3229
f 3229 3232 3231
f 3231 3233 3229
f 3230 3236 3232
f 3234 3230 3233
f 3234 3236 3230
f 3232 3236 3231
f 3235 3233 3231
f 3231 3236 3235
f 3235 3234 3233
f 3236 3234 3235

o bogie_sideframe_L_-59
v -83.50000000 -17.29999924 5.50000000 0.36862745 0.39607843 0.40392157
v -83.50000000 -17.29999924 10.50000000 0.36862745 0.39607843 0.40392157
v -83.50000000 -14.89999962 5.50000000 0.36862745 0.39607843 0.40392157
v -83.50000000 -14.89999962 10.50000000 0.36862745 0.39607843 0.40392157
v -34.50000000 -17.29999924 5.50000000 0.36862745 0.39607843 0.40392157
v -34.50000000 -17.29999924 10.50000000 0.36862745 0.39607843 0.40392157
v -34.50000000 -14.89999962 5.50000000 0.36862745 0.39607843 0.40392157
v -34.50000000 -14.89999962 10.50000000 0.36862745 0.39607843 0.40392157
f 3238 3240 3237
f 3241 3238 3237
f 3237 3240 3239
f 3239 3241 3237
f 3238 3244 3240
f 3242 3238 3241
f 3242 3244 3238
f 3240 3244 3239
f 3243 3241 3239
f 3239 3244 3243
f 3243 3242 3241
f 3244 3242 3243

o bogie_main_frame_-59
v -83.50000000 -15.00000000 6.00000000 0.18823529 0.20784314 0.21960784
v -83.50000000 -15.00000000 12.00000000 0.18823529 0.20784314 0.21960784
v -83.50000000 15.00000000 6.00000000 0.18823529 0.20784314 0.21960784
v -83.50000000 15.00000000 12.00000000 0.18823529 0.20784314 0.21960784
v -34.50000000 -15.00000000 6.00000000 0.18823529 0.20784314 0.21960784
v -34.50000000 -15.00000000 12.00000000 0.18823529 0.20784314 0.21960784
v -34.50000000 15.00000000 6.00000000 0.18823529 0.20784314 0.21960784
v -34.50000000 15.00000000 12.00000000 0.18823529 0.20784314 0.21960784
f 3246 3248 3245
f 3249 3246 3245
f 3245 3248 3247
f 3247 3249 3245
f 3246 3252 3248
f 3250 3246 3249
f 3250 3252 3246
f 3248 3252 3247
f 3251 3249 3247
f 3247 3252 3251
f 3251 3250 3249
f 3252 3250 3251

o side_grab_1_84
v 83.50000000 15.85000038 25.00000000 0.65882353 0.67843137 0.67450980
v 83.50000000 15.85000038 31.00000000 0.65882353 0.67843137 0.67450980
v 83.50000000 16.54999924 25.00000000 0.65882353 0.67843137 0.67450980
v 83.50000000 16.54999924 31.00000000 0.65882353 0.67843137 0.67450980
v 84.50000000 15.85000038 25.00000000 0.65882353 0.67843137 0.67450980
v 84.50000000 15.85000038 31.00000000 0.65882353 0.67843137 0.67450980
v 84.50000000 16.54999924 25.00000000 0.65882353 0.67843137 0.67450980
v 84.50000000 16.54999924 31.00000000 0.65882353 0.67843137 0.67450980
f 3254 3256 3253
f 3257 3254 3253
f 3253 3256 3255
f 3255 3257 3253
f 3254 3260 3256
f 3258 3254 3257
f 3258 3260 3254
f 3256 3260 3255
f 3259 3257 3255
f 3255 3260 3259
f 3259 3258 3257
f 3260 3258 3259

o side_grab_1_73
v 72.50000000 15.85000038 25.00000000 0.65882353 0.67843137 0.67450980
v 72.50000000 15.85000038 31.00000000 0.65882353 0.67843137 0.67450980
v 72.50000000 16.54999924 25.00000000 0.65882353 0.67843137 0.67450980
v 72.50000000 16.54999924 31.00000000 0.65882353 0.67843137 0.67450980
v 73.50000000 15.85000038 25.00000000 0.65882353 0.67843137 0.67450980
v 73.50000000 15.85000038 31.00000000 0.65882353 0.67843137 0.67450980
v 73.50000000 16.54999924 25.00000000 0.65882353 0.67843137 0.67450980
v 73.50000000 16.54999924 31.00000000 0.65882353 0.67843137 0.67450980
f 3262 3264 3261
f 3265 3262 3261
f 3261 3264 3263
f 3263 3265 3261
f 3262 3268 3264
f 3266 3262 3265
f 3266 3268 3262
f 3264 3268 3263
f 3267 3265 3263
f 3263 3268 3267
f 3267 3266 3265
f 3268 3266 3267

o side_grab_1_-73
v -73.50000000 15.85000038 25.00000000 0.65882353 0.67843137 0.67450980
v -73.50000000 15.85000038 31.00000000 0.65882353 0.67843137 0.67450980
v -73.50000000 16.54999924 25.00000000 0.65882353 0.67843137 0.67450980
v -73.50000000 16.54999924 31.00000000 0.65882353 0.67843137 0.67450980
v -72.50000000 15.85000038 25.00000000 0.65882353 0.67843137 0.67450980
v -72.50000000 15.85000038 31.00000000 0.65882353 0.67843137 0.67450980
v -72.50000000 16.54999924 25.00000000 0.65882353 0.67843137 0.67450980
v -72.50000000 16.54999924 31.00000000 0.65882353 0.67843137 0.67450980
f 3270 3272 3269
f 3273 3270 3269
f 3269 3272 3271
f 3271 3273 3269
f 3270 3276 3272
f 3274 3270 3273
f 3274 3276 3270
f 3272 3276 3271
f 3275 3273 3271
f 3271 3276 3275
f 3275 3274 3273
f 3276 3274 3275

o side_grab_1_-84
v -84.50000000 15.85000038 25.00000000 0.65882353 0.67843137 0.67450980
v -84.50000000 15.85000038 31.00000000 0.65882353 0.67843137 0.67450980
v -84.50000000 16.54999924 25.00000000 0.65882353 0.67843137 0.67450980
v -84.50000000 16.54999924 31.00000000 0.65882353 0.67843137 0.67450980
v -83.50000000 15.85000038 25.00000000 0.65882353 0.67843137 0.67450980
v -83.50000000 15.85000038 31.00000000 0.65882353 0.67843137 0.67450980
v -83.50000000 16.54999924 25.00000000 0.65882353 0.67843137 0.67450980
v -83.50000000 16.54999924 31.00000000 0.65882353 0.67843137 0.67450980
f 3278 3280 3277
f 3281 3278 3277
f 3277 3280 3279
f 3279 3281 3277
f 3278 3284 3280
f 3282 3278 3281
f 3282 3284 3278
f 3280 3284 3279
f 3283 3281 3279
f 3279 3284 3283
f 3283 3282 3281
f 3284 3282 3283

o side_light_stripe_1
v -72.50000000 15.64999962 20.20000076 0.65882353 0.67843137 0.67450980
v -72.50000000 15.64999962 21.39999962 0.65882353 0.67843137 0.67450980
v -72.50000000 16.35000038 20.20000076 0.65882353 0.67843137 0.67450980
v -72.50000000 16.35000038 21.39999962 0.65882353 0.67843137 0.67450980
v 72.50000000 15.64999962 20.20000076 0.65882353 0.67843137 0.67450980
v 72.50000000 15.64999962 21.39999962 0.65882353 0.67843137 0.67450980
v 72.50000000 16.35000038 20.20000076 0.65882353 0.67843137 0.67450980
v 72.50000000 16.35000038 21.39999962 0.65882353 0.67843137 0.67450980
f 3286 3288 3285
f 3289 3286 3285
f 3285 3288 3287
f 3287 3289 3285
f 3286 3292 3288
f 3290 3286 3289
f 3290 3292 3286
f 3288 3292 3287
f 3291 3289 3287
f 3287 3292 3291
f 3291 3290 3289
f 3292 3290 3291

o vent_inner_1_42
v 39.40000153 15.77499962 40.15000153 0.18823529 0.20784314 0.21960784
v 39.40000153 15.77499962 40.84999847 0.18823529 0.20784314 0.21960784
v 39.40000153 16.22500038 40.15000153 0.18823529 0.20784314 0.21960784
v 39.40000153 16.22500038 40.84999847 0.18823529 0.20784314 0.21960784
v 44.59999847 15.77499962 40.15000153 0.18823529 0.20784314 0.21960784
v 44.59999847 15.77499962 40.84999847 0.18823529 0.20784314 0.21960784
v 44.59999847 16.22500038 40.15000153 0.18823529 0.20784314 0.21960784
v 44.59999847 16.22500038 40.84999847 0.18823529 0.20784314 0.21960784
f 3294 3296 3293
f 3297 3294 3293
f 3293 3296 3295
f 3295 3297 3293
f 3294 3300 3296
f 3298 3294 3297
f 3298 3300 3294
f 3296 3300 3295
f 3299 3297 3295
f 3295 3300 3299
f 3299 3298 3297
f 3300 3298 3299

o side_vent_1_42
v 38.75000000 15.10000038 36.25000000 0.29803922 0.06666667 0.10196078
v 38.75000000 15.10000038 44.75000000 0.29803922 0.06666667 0.10196078
v 38.75000000 15.89999962 36.25000000 0.29803922 0.06666667 0.10196078
v 38.75000000 15.89999962 44.75000000 0.29803922 0.06666667 0.10196078
v 45.25000000 15.10000038 36.25000000 0.29803922 0.06666667 0.10196078
v 45.25000000 15.10000038 44.75000000 0.29803922 0.06666667 0.10196078
v 45.25000000 15.89999962 36.25000000 0.29803922 0.06666667 0.10196078
v 45.25000000 15.89999962 44.75000000 0.29803922 0.06666667 0.10196078
f 3302 3304 3301
f 3305 3302 3301
f 3301 3304 3303
f 3303 3305 3301
f 3302 3308 3304
f 3306 3302 3305
f 3306 3308 3302
f 3304 3308 3303
f 3307 3305 3303
f 3303 3308 3307
f 3307 3306 3305
f 3308 3306 3307

o vent_inner_1_34
v 31.39999962 15.77499962 40.15000153 0.18823529 0.20784314 0.21960784
v 31.39999962 15.77499962 40.84999847 0.18823529 0.20784314 0.21960784
v 31.39999962 16.22500038 40.15000153 0.18823529 0.20784314 0.21960784
v 31.39999962 16.22500038 40.84999847 0.18823529 0.20784314 0.21960784
v 36.59999847 15.77499962 40.15000153 0.18823529 0.20784314 0.21960784
v 36.59999847 15.77499962 40.84999847 0.18823529 0.20784314 0.21960784
v 36.59999847 16.22500038 40.15000153 0.18823529 0.20784314 0.21960784
v 36.59999847 16.22500038 40.84999847 0.18823529 0.20784314 0.21960784
f 3310 3312 3309
f 3313 3310 3309
f 3309 3312 3311
f 3311 3313 3309
f 3310 3316 3312
f 3314 3310 3313
f 3314 3316 3310
f 3312 3316 3311
f 3315 3313 3311
f 3311 3316 3315
f 3315 3314 3313
f 3316 3314 3315

o side_vent_1_34
v 30.75000000 15.10000038 36.25000000 0.29803922 0.06666667 0.10196078
v 30.75000000 15.10000038 44.75000000 0.29803922 0.06666667 0.10196078
v 30.75000000 15.89999962 36.25000000 0.29803922 0.06666667 0.10196078
v 30.75000000 15.89999962 44.75000000 0.29803922 0.06666667 0.10196078
v 37.25000000 15.10000038 36.25000000 0.29803922 0.06666667 0.10196078
v 37.25000000 15.10000038 44.75000000 0.29803922 0.06666667 0.10196078
v 37.25000000 15.89999962 36.25000000 0.29803922 0.06666667 0.10196078
v 37.25000000 15.89999962 44.75000000 0.29803922 0.06666667 0.10196078
f 3318 3320 3317
f 3321 3318 3317
f 3317 3320 3319
f 3319 3321 3317
f 3318 3324 3320
f 3322 3318 3321
f 3322 3324 3318
f 3320 3324 3319
f 3323 3321 3319
f 3319 3324 3323
f 3323 3322 3321
f 3324 3322 3323

o vent_inner_1_26
v 23.39999962 15.77499962 40.15000153 0.18823529 0.20784314 0.21960784
v 23.39999962 15.77499962 40.84999847 0.18823529 0.20784314 0.21960784
v 23.39999962 16.22500038 40.15000153 0.18823529 0.20784314 0.21960784
v 23.39999962 16.22500038 40.84999847 0.18823529 0.20784314 0.21960784
v 28.60000038 15.77499962 40.15000153 0.18823529 0.20784314 0.21960784
v 28.60000038 15.77499962 40.84999847 0.18823529 0.20784314 0.21960784
v 28.60000038 16.22500038 40.15000153 0.18823529 0.20784314 0.21960784
v 28.60000038 16.22500038 40.84999847 0.18823529 0.20784314 0.21960784
f 3326 3328 3325
f 3329 3326 3325
f 3325 3328 3327
f 3327 3329 3325
f 3326 3332 3328
f 3330 3326 3329
f 3330 3332 3326
f 3328 3332 3327
f 3331 3329 3327
f 3327 3332 3331
f 3331 3330 3329
f 3332 3330 3331

o side_vent_1_26
v 22.75000000 15.10000038 36.25000000 0.29803922 0.06666667 0.10196078
v 22.75000000 15.10000038 44.75000000 0.29803922 0.06666667 0.10196078
v 22.75000000 15.89999962 36.25000000 0.29803922 0.06666667 0.10196078
v 22.75000000 15.89999962 44.75000000 0.29803922 0.06666667 0.10196078
v 29.25000000 15.10000038 36.25000000 0.29803922 0.06666667 0.10196078
v 29.25000000 15.10000038 44.75000000 0.29803922 0.06666667 0.10196078
v 29.25000000 15.89999962 36.25000000 0.29803922 0.06666667 0.10196078
v 29.25000000 15.89999962 44.75000000 0.29803922 0.06666667 0.10196078
f 3334 3336 3333
f 3337 3334 3333
f 3333 3336 3335
f 3335 3337 3333
f 3334 3340 3336
f 3338 3334 3337
f 3338 3340 3334
f 3336 3340 3335
f 3339 3337 3335
f 3335 3340 3339
f 3339 3338 3337
f 3340 3338 3339

o vent_inner_1_18
v 15.39999962 15.77499962 40.15000153 0.18823529 0.20784314 0.21960784
v 15.39999962 15.77499962 40.84999847 0.18823529 0.20784314 0.21960784
v 15.39999962 16.22500038 40.15000153 0.18823529 0.20784314 0.21960784
v 15.39999962 16.22500038 40.84999847 0.18823529 0.20784314 0.21960784
v 20.60000038 15.77499962 40.15000153 0.18823529 0.20784314 0.21960784
v 20.60000038 15.77499962 40.84999847 0.18823529 0.20784314 0.21960784
v 20.60000038 16.22500038 40.15000153 0.18823529 0.20784314 0.21960784
v 20.60000038 16.22500038 40.84999847 0.18823529 0.20784314 0.21960784
f 3342 3344 3341
f 3345 3342 3341
f 3341 3344 3343
f 3343 3345 3341
f 3342 3348 3344
f 3346 3342 3345
f 3346 3348 3342
f 3344 3348 3343
f 3347 3345 3343
f 3343 3348 3347
f 3347 3346 3345
f 3348 3346 3347

o side_vent_1_18
v 14.75000000 15.10000038 36.25000000 0.29803922 0.06666667 0.10196078
v 14.75000000 15.10000038 44.75000000 0.29803922 0.06666667 0.10196078
v 14.75000000 15.89999962 36.25000000 0.29803922 0.06666667 0.10196078
v 14.75000000 15.89999962 44.75000000 0.29803922 0.06666667 0.10196078
v 21.25000000 15.10000038 36.25000000 0.29803922 0.06666667 0.10196078
v 21.25000000 15.10000038 44.75000000 0.29803922 0.06666667 0.10196078
v 21.25000000 15.89999962 36.25000000 0.29803922 0.06666667 0.10196078
v 21.25000000 15.89999962 44.75000000 0.29803922 0.06666667 0.10196078
f 3350 3352 3349
f 3353 3350 3349
f 3349 3352 3351
f 3351 3353 3349
f 3350 3356 3352
f 3354 3350 3353
f 3354 3356 3350
f 3352 3356 3351
f 3355 3353 3351
f 3351 3356 3355
f 3355 3354 3353
f 3356 3354 3355

o vent_inner_1_10
v 7.40000010 15.77499962 40.15000153 0.18823529 0.20784314 0.21960784
v 7.40000010 15.77499962 40.84999847 0.18823529 0.20784314 0.21960784
v 7.40000010 16.22500038 40.15000153 0.18823529 0.20784314 0.21960784
v 7.40000010 16.22500038 40.84999847 0.18823529 0.20784314 0.21960784
v 12.60000038 15.77499962 40.15000153 0.18823529 0.20784314 0.21960784
v 12.60000038 15.77499962 40.84999847 0.18823529 0.20784314 0.21960784
v 12.60000038 16.22500038 40.15000153 0.18823529 0.20784314 0.21960784
v 12.60000038 16.22500038 40.84999847 0.18823529 0.20784314 0.21960784
f 3358 3360 3357
f 3361 3358 3357
f 3357 3360 3359
f 3359 3361 3357
f 3358 3364 3360
f 3362 3358 3361
f 3362 3364 3358
f 3360 3364 3359
f 3363 3361 3359
f 3359 3364 3363
f 3363 3362 3361
f 3364 3362 3363

o side_vent_1_10
v 6.75000000 15.10000038 36.25000000 0.29803922 0.06666667 0.10196078
v 6.75000000 15.10000038 44.75000000 0.29803922 0.06666667 0.10196078
v 6.75000000 15.89999962 36.25000000 0.29803922 0.06666667 0.10196078
v 6.75000000 15.89999962 44.75000000 0.29803922 0.06666667 0.10196078
v 13.25000000 15.10000038 36.25000000 0.29803922 0.06666667 0.10196078
v 13.25000000 15.10000038 44.75000000 0.29803922 0.06666667 0.10196078
v 13.25000000 15.89999962 36.25000000 0.29803922 0.06666667 0.10196078
v 13.25000000 15.89999962 44.75000000 0.29803922 0.06666667 0.10196078
f 3366 3368 3365
f 3369 3366 3365
f 3365 3368 3367
f 3367 3369 3365
f 3366 3372 3368
f 3370 3366 3369
f 3370 3372 3366
f 3368 3372 3367
f 3371 3369 3367
f 3367 3372 3371
f 3371 3370 3369
f 3372 3370 3371

o vent_inner_1_2
v -0.60000002 15.77499962 40.15000153 0.18823529 0.20784314 0.21960784
v -0.60000002 15.77499962 40.84999847 0.18823529 0.20784314 0.21960784
v -0.60000002 16.22500038 40.15000153 0.18823529 0.20784314 0.21960784
v -0.60000002 16.22500038 40.84999847 0.18823529 0.20784314 0.21960784
v 4.59999990 15.77499962 40.15000153 0.18823529 0.20784314 0.21960784
v 4.59999990 15.77499962 40.84999847 0.18823529 0.20784314 0.21960784
v 4.59999990 16.22500038 40.15000153 0.18823529 0.20784314 0.21960784
v 4.59999990 16.22500038 40.84999847 0.18823529 0.20784314 0.21960784
f 3374 3376 3373
f 3377 3374 3373
f 3373 3376 3375
f 3375 3377 3373
f 3374 3380 3376
f 3378 3374 3377
f 3378 3380 3374
f 3376 3380 3375
f 3379 3377 3375
f 3375 3380 3379
f 3379 3378 3377
f 3380 3378 3379

o side_vent_1_2
v -1.25000000 15.10000038 36.25000000 0.29803922 0.06666667 0.10196078
v -1.25000000 15.10000038 44.75000000 0.29803922 0.06666667 0.10196078
v -1.25000000 15.89999962 36.25000000 0.29803922 0.06666667 0.10196078
v -1.25000000 15.89999962 44.75000000 0.29803922 0.06666667 0.10196078
v 5.25000000 15.10000038 36.25000000 0.29803922 0.06666667 0.10196078
v 5.25000000 15.10000038 44.75000000 0.29803922 0.06666667 0.10196078
v 5.25000000 15.89999962 36.25000000 0.29803922 0.06666667 0.10196078
v 5.25000000 15.89999962 44.75000000 0.29803922 0.06666667 0.10196078
f 3382 3384 3381
f 3385 3382 3381
f 3381 3384 3383
f 3383 3385 3381
f 3382 3388 3384
f 3386 3382 3385
f 3386 3388 3382
f 3384 3388 3383
f 3387 3385 3383
f 3383 3388 3387
f 3387 3386 3385
f 3388 3386 3387

o vent_inner_1_-6
v -8.60000038 15.77499962 40.15000153 0.18823529 0.20784314 0.21960784
v -8.60000038 15.77499962 40.84999847 0.18823529 0.20784314 0.21960784
v -8.60000038 16.22500038 40.15000153 0.18823529 0.20784314 0.21960784
v -8.60000038 16.22500038 40.84999847 0.18823529 0.20784314 0.21960784
v -3.40000010 15.77499962 40.15000153 0.18823529 0.20784314 0.21960784
v -3.40000010 15.77499962 40.84999847 0.18823529 0.20784314 0.21960784
v -3.40000010 16.22500038 40.15000153 0.18823529 0.20784314 0.21960784
v -3.40000010 16.22500038 40.84999847 0.18823529 0.20784314 0.21960784
f 3390 3392 3389
f 3393 3390 3389
f 3389 3392 3391
f 3391 3393 3389
f 3390 3396 3392
f 3394 3390 3393
f 3394 3396 3390
f 3392 3396 3391
f 3395 3393 3391
f 3391 3396 3395
f 3395 3394 3393
f 3396 3394 3395

o side_vent_1_-6
v -9.25000000 15.10000038 36.25000000 0.29803922 0.06666667 0.10196078
v -9.25000000 15.10000038 44.75000000 0.29803922 0.06666667 0.10196078
v -9.25000000 15.89999962 36.25000000 0.29803922 0.06666667 0.10196078
v -9.25000000 15.89999962 44.75000000 0.29803922 0.06666667 0.10196078
v -2.75000000 15.10000038 36.25000000 0.29803922 0.06666667 0.10196078
v -2.75000000 15.10000038 44.75000000 0.29803922 0.06666667 0.10196078
v -2.75000000 15.89999962 36.25000000 0.29803922 0.06666667 0.10196078
v -2.75000000 15.89999962 44.75000000 0.29803922 0.06666667 0.10196078
f 3398 3400 3397
f 3401 3398 3397
f 3397 3400 3399
f 3399 3401 3397
f 3398 3404 3400
f 3402 3398 3401
f 3402 3404 3398
f 3400 3404 3399
f 3403 3401 3399
f 3399 3404 3403
f 3403 3402 3401
f 3404 3402 3403

o vent_inner_1_-14
v -16.60000038 15.77499962 40.15000153 0.18823529 0.20784314 0.21960784
v -16.60000038 15.77499962 40.84999847 0.18823529 0.20784314 0.21960784
v -16.60000038 16.22500038 40.15000153 0.18823529 0.20784314 0.21960784
v -16.60000038 16.22500038 40.84999847 0.18823529 0.20784314 0.21960784
v -11.39999962 15.77499962 40.15000153 0.18823529 0.20784314 0.21960784
v -11.39999962 15.77499962 40.84999847 0.18823529 0.20784314 0.21960784
v -11.39999962 16.22500038 40.15000153 0.18823529 0.20784314 0.21960784
v -11.39999962 16.22500038 40.84999847 0.18823529 0.20784314 0.21960784
f 3406 3408 3405
f 3409 3406 3405
f 3405 3408 3407
f 3407 3409 3405
f 3406 3412 3408
f 3410 3406 3409
f 3410 3412 3406
f 3408 3412 3407
f 3411 3409 3407
f 3407 3412 3411
f 3411 3410 3409
f 3412 3410 3411

o side_vent_1_-14
v -17.25000000 15.10000038 36.25000000 0.29803922 0.06666667 0.10196078
v -17.25000000 15.10000038 44.75000000 0.29803922 0.06666667 0.10196078
v -17.25000000 15.89999962 36.25000000 0.29803922 0.06666667 0.10196078
v -17.25000000 15.89999962 44.75000000 0.29803922 0.06666667 0.10196078
v -10.75000000 15.10000038 36.25000000 0.29803922 0.06666667 0.10196078
v -10.75000000 15.10000038 44.75000000 0.29803922 0.06666667 0.10196078
v -10.75000000 15.89999962 36.25000000 0.29803922 0.06666667 0.10196078
v -10.75000000 15.89999962 44.75000000 0.29803922 0.06666667 0.10196078
f 3414 3416 3413
f 3417 3414 3413
f 3413 3416 3415
f 3415 3417 3413
f 3414 3420 3416
f 3418 3414 3417
f 3418 3420 3414
f 3416 3420 3415
f 3419 3417 3415
f 3415 3420 3419
f 3419 3418 3417
f 3420 3418 3419

o vent_inner_1_-22
v -24.60000038 15.77499962 40.15000153 0.18823529 0.20784314 0.21960784
v -24.60000038 15.77499962 40.84999847 0.18823529 0.20784314 0.21960784
v -24.60000038 16.22500038 40.15000153 0.18823529 0.20784314 0.21960784
v -24.60000038 16.22500038 40.84999847 0.18823529 0.20784314 0.21960784
v -19.39999962 15.77499962 40.15000153 0.18823529 0.20784314 0.21960784
v -19.39999962 15.77499962 40.84999847 0.18823529 0.20784314 0.21960784
v -19.39999962 16.22500038 40.15000153 0.18823529 0.20784314 0.21960784
v -19.39999962 16.22500038 40.84999847 0.18823529 0.20784314 0.21960784
f 3422 3424 3421
f 3425 3422 3421
f 3421 3424 3423
f 3423 3425 3421
f 3422 3428 3424
f 3426 3422 3425
f 3426 3428 3422
f 3424 3428 3423
f 3427 3425 3423
f 3423 3428 3427
f 3427 3426 3425
f 3428 3426 3427

o side_vent_1_-22
v -25.25000000 15.10000038 36.25000000 0.29803922 0.06666667 0.10196078
v -25.25000000 15.10000038 44.75000000 0.29803922 0.06666667 0.10196078
v -25.25000000 15.89999962 36.25000000 0.29803922 0.06666667 0.10196078
v -25.25000000 15.89999962 44.75000000 0.29803922 0.06666667 0.10196078
v -18.75000000 15.10000038 36.25000000 0.29803922 0.06666667 0.10196078
v -18.75000000 15.10000038 44.75000000 0.29803922 0.06666667 0.10196078
v -18.75000000 15.89999962 36.25000000 0.29803922 0.06666667 0.10196078
v -18.75000000 15.89999962 44.75000000 0.29803922 0.06666667 0.10196078
f 3430 3432 3429
f 3433 3430 3429
f 3429 3432 3431
f 3431 3433 3429
f 3430 3436 3432
f 3434 3430 3433
f 3434 3436 3430
f 3432 3436 3431
f 3435 3433 3431
f 3431 3436 3435
f 3435 3434 3433
f 3436 3434 3435

o vent_inner_1_-30
v -32.59999847 15.77499962 40.15000153 0.18823529 0.20784314 0.21960784
v -32.59999847 15.77499962 40.84999847 0.18823529 0.20784314 0.21960784
v -32.59999847 16.22500038 40.15000153 0.18823529 0.20784314 0.21960784
v -32.59999847 16.22500038 40.84999847 0.18823529 0.20784314 0.21960784
v -27.39999962 15.77499962 40.15000153 0.18823529 0.20784314 0.21960784
v -27.39999962 15.77499962 40.84999847 0.18823529 0.20784314 0.21960784
v -27.39999962 16.22500038 40.15000153 0.18823529 0.20784314 0.21960784
v -27.39999962 16.22500038 40.84999847 0.18823529 0.20784314 0.21960784
f 3438 3440 3437
f 3441 3438 3437
f 3437 3440 3439
f 3439 3441 3437
f 3438 3444 3440
f 3442 3438 3441
f 3442 3444 3438
f 3440 3444 3439
f 3443 3441 3439
f 3439 3444 3443
f 3443 3442 3441
f 3444 3442 3443

o side_vent_1_-30
v -33.25000000 15.10000038 36.25000000 0.29803922 0.06666667 0.10196078
v -33.25000000 15.10000038 44.75000000 0.29803922 0.06666667 0.10196078
v -33.25000000 15.89999962 36.25000000 0.29803922 0.06666667 0.10196078
v -33.25000000 15.89999962 44.75000000 0.29803922 0.06666667 0.10196078
v -26.75000000 15.10000038 36.25000000 0.29803922 0.06666667 0.10196078
v -26.75000000 15.10000038 44.75000000 0.29803922 0.06666667 0.10196078
v -26.75000000 15.89999962 36.25000000 0.29803922 0.06666667 0.10196078
v -26.75000000 15.89999962 44.75000000 0.29803922 0.06666667 0.10196078
f 3446 3448 3445
f 3449 3446 3445
f 3445 3448 3447
f 3447 3449 3445
f 3446 3452 3448
f 3450 3446 3449
f 3450 3452 3446
f 3448 3452 3447
f 3451 3449 3447
f 3447 3452 3451
f 3451 3450 3449
f 3452 3450 3451

o vent_inner_1_-38
v -40.59999847 15.77499962 40.15000153 0.18823529 0.20784314 0.21960784
v -40.59999847 15.77499962 40.84999847 0.18823529 0.20784314 0.21960784
v -40.59999847 16.22500038 40.15000153 0.18823529 0.20784314 0.21960784
v -40.59999847 16.22500038 40.84999847 0.18823529 0.20784314 0.21960784
v -35.40000153 15.77499962 40.15000153 0.18823529 0.20784314 0.21960784
v -35.40000153 15.77499962 40.84999847 0.18823529 0.20784314 0.21960784
v -35.40000153 16.22500038 40.15000153 0.18823529 0.20784314 0.21960784
v -35.40000153 16.22500038 40.84999847 0.18823529 0.20784314 0.21960784
f 3454 3456 3453
f 3457 3454 3453
f 3453 3456 3455
f 3455 3457 3453
f 3454 3460 3456
f 3458 3454 3457
f 3458 3460 3454
f 3456 3460 3455
f 3459 3457 3455
f 3455 3460 3459
f 3459 3458 3457
f 3460 3458 3459

o side_vent_1_-38
v -41.25000000 15.10000038 36.25000000 0.29803922 0.06666667 0.10196078
v -41.25000000 15.10000038 44.75000000 0.29803922 0.06666667 0.10196078
v -41.25000000 15.89999962 36.25000000 0.29803922 0.06666667 0.10196078
v -41.25000000 15.89999962 44.75000000 0.29803922 0.06666667 0.10196078
v -34.75000000 15.10000038 36.25000000 0.29803922 0.06666667 0.10196078
v -34.75000000 15.10000038 44.75000000 0.29803922 0.06666667 0.10196078
v -34.75000000 15.89999962 36.25000000 0.29803922 0.06666667 0.10196078
v -34.75000000 15.89999962 44.75000000 0.29803922 0.06666667 0.10196078
f 3462 3464 3461
f 3465 3462 3461
f 3461 3464 3463
f 3463 3465 3461
f 3462 3468 3464
f 3466 3462 3465
f 3466 3468 3462
f 3464 3468 3463
f 3467 3465 3463
f 3463 3468 3467
f 3467 3466 3465
f 3468 3466 3467

o vent_inner_1_-46
v -48.59999847 15.77499962 40.15000153 0.18823529 0.20784314 0.21960784
v -48.59999847 15.77499962 40.84999847 0.18823529 0.20784314 0.21960784
v -48.59999847 16.22500038 40.15000153 0.18823529 0.20784314 0.21960784
v -48.59999847 16.22500038 40.84999847 0.18823529 0.20784314 0.21960784
v -43.40000153 15.77499962 40.15000153 0.18823529 0.20784314 0.21960784
v -43.40000153 15.77499962 40.84999847 0.18823529 0.20784314 0.21960784
v -43.40000153 16.22500038 40.15000153 0.18823529 0.20784314 0.21960784
v -43.40000153 16.22500038 40.84999847 0.18823529 0.20784314 0.21960784
f 3470 3472 3469
f 3473 3470 3469
f 3469 3472 3471
f 3471 3473 3469
f 3470 3476 3472
f 3474 3470 3473
f 3474 3476 3470
f 3472 3476 3471
f 3475 3473 3471
f 3471 3476 3475
f 3475 3474 3473
f 3476 3474 3475

o side_vent_1_-46
v -49.25000000 15.10000038 36.25000000 0.29803922 0.06666667 0.10196078
v -49.25000000 15.10000038 44.75000000 0.29803922 0.06666667 0.10196078
v -49.25000000 15.89999962 36.25000000 0.29803922 0.06666667 0.10196078
v -49.25000000 15.89999962 44.75000000 0.29803922 0.06666667 0.10196078
v -42.75000000 15.10000038 36.25000000 0.29803922 0.06666667 0.10196078
v -42.75000000 15.10000038 44.75000000 0.29803922 0.06666667 0.10196078
v -42.75000000 15.89999962 36.25000000 0.29803922 0.06666667 0.10196078
v -42.75000000 15.89999962 44.75000000 0.29803922 0.06666667 0.10196078
f 3478 3480 3477
f 3481 3478 3477
f 3477 3480 3479
f 3479 3481 3477
f 3478 3484 3480
f 3482 3478 3481
f 3482 3484 3478
f 3480 3484 3479
f 3483 3481 3479
f 3479 3484 3483
f 3483 3482 3481
f 3484 3482 3483

o door_handle_1_66
v 68.05000305 15.80000019 27.50000000 0.65882353 0.67843137 0.67450980
v 68.05000305 15.80000019 30.50000000 0.65882353 0.67843137 0.67450980
v 68.05000305 16.79999924 27.50000000 0.65882353 0.67843137 0.67450980
v 68.05000305 16.79999924 30.50000000 0.65882353 0.67843137 0.67450980
v 68.75000000 15.80000019 27.50000000 0.65882353 0.67843137 0.67450980
v 68.75000000 15.80000019 30.50000000 0.65882353 0.67843137 0.67450980
v 68.75000000 16.79999924 27.50000000 0.65882353 0.67843137 0.67450980
v 68.75000000 16.79999924 30.50000000 0.65882353 0.67843137 0.67450980
f 3486 3488 3485
f 3489 3486 3485
f 3485 3488 3487
f 3487 3489 3485
f 3486 3492 3488
f 3490 3486 3489
f 3490 3492 3486
f 3488 3492 3487
f 3491 3489 3487
f 3487 3492 3491
f 3491 3490 3489
f 3492 3490 3491

o cab_door_glass_1_66
v 64.59999847 15.64999962 33.00000000 0.08627451 0.14509804 0.16862745
v 64.59999847 15.64999962 37.00000000 0.08627451 0.14509804 0.16862745
v 64.59999847 16.95000076 33.00000000 0.08627451 0.14509804 0.16862745
v 64.59999847 16.95000076 37.00000000 0.08627451 0.14509804 0.16862745
v 67.40000153 15.64999962 33.00000000 0.08627451 0.14509804 0.16862745
v 67.40000153 15.64999962 37.00000000 0.08627451 0.14509804 0.16862745
v 67.40000153 16.95000076 33.00000000 0.08627451 0.14509804 0.16862745
v 67.40000153 16.95000076 37.00000000 0.08627451 0.14509804 0.16862745
f 3494 3496 3493
f 3497 3494 3493
f 3493 3496 3495
f 3495 3497 3493
f 3494 3500 3496
f 3498 3494 3497
f 3498 3500 3494
f 3496 3500 3495
f 3499 3497 3495
f 3495 3500 3499
f 3499 3498 3497
f 3500 3498 3499

o cab_door_1_66
v 63.00000000 15.05000019 21.00000000 0.29803922 0.06666667 0.10196078
v 63.00000000 15.05000019 38.00000000 0.29803922 0.06666667 0.10196078
v 63.00000000 16.14999962 21.00000000 0.29803922 0.06666667 0.10196078
v 63.00000000 16.14999962 38.00000000 0.29803922 0.06666667 0.10196078
v 69.00000000 15.05000019 21.00000000 0.29803922 0.06666667 0.10196078
v 69.00000000 15.05000019 38.00000000 0.29803922 0.06666667 0.10196078
v 69.00000000 16.14999962 21.00000000 0.29803922 0.06666667 0.10196078
v 69.00000000 16.14999962 38.00000000 0.29803922 0.06666667 0.10196078
f 3502 3504 3501
f 3505 3502 3501
f 3501 3504 3503
f 3503 3505 3501
f 3502 3508 3504
f 3506 3502 3505
f 3506 3508 3502
f 3504 3508 3503
f 3507 3505 3503
f 3503 3508 3507
f 3507 3506 3505
f 3508 3506 3507

o door_handle_1_-66
v -63.95000076 15.80000019 27.50000000 0.65882353 0.67843137 0.67450980
v -63.95000076 15.80000019 30.50000000 0.65882353 0.67843137 0.67450980
v -63.95000076 16.79999924 27.50000000 0.65882353 0.67843137 0.67450980
v -63.95000076 16.79999924 30.50000000 0.65882353 0.67843137 0.67450980
v -63.25000000 15.80000019 27.50000000 0.65882353 0.67843137 0.67450980
v -63.25000000 15.80000019 30.50000000 0.65882353 0.67843137 0.67450980
v -63.25000000 16.79999924 27.50000000 0.65882353 0.67843137 0.67450980
v -63.25000000 16.79999924 30.50000000 0.65882353 0.67843137 0.67450980
f 3510 3512 3509
f 3513 3510 3509
f 3509 3512 3511
f 3511 3513 3509
f 3510 3516 3512
f 3514 3510 3513
f 3514 3516 3510
f 3512 3516 3511
f 3515 3513 3511
f 3511 3516 3515
f 3515 3514 3513
f 3516 3514 3515

o cab_door_glass_1_-66
v -67.40000153 15.64999962 33.00000000 0.08627451 0.14509804 0.16862745
v -67.40000153 15.64999962 37.00000000 0.08627451 0.14509804 0.16862745
v -67.40000153 16.95000076 33.00000000 0.08627451 0.14509804 0.16862745
v -67.40000153 16.95000076 37.00000000 0.08627451 0.14509804 0.16862745
v -64.59999847 15.64999962 33.00000000 0.08627451 0.14509804 0.16862745
v -64.59999847 15.64999962 37.00000000 0.08627451 0.14509804 0.16862745
v -64.59999847 16.95000076 33.00000000 0.08627451 0.14509804 0.16862745
v -64.59999847 16.95000076 37.00000000 0.08627451 0.14509804 0.16862745
f 3518 3520 3517
f 3521 3518 3517
f 3517 3520 3519
f 3519 3521 3517
f 3518 3524 3520
f 3522 3518 3521
f 3522 3524 3518
f 3520 3524 3519
f 3523 3521 3519
f 3519 3524 3523
f 3523 3522 3521
f 3524 3522 3523

o cab_door_1_-66
v -69.00000000 15.05000019 21.00000000 0.29803922 0.06666667 0.10196078
v -69.00000000 15.05000019 38.00000000 0.29803922 0.06666667 0.10196078
v -69.00000000 16.14999962 21.00000000 0.29803922 0.06666667 0.10196078
v -69.00000000 16.14999962 38.00000000 0.29803922 0.06666667 0.10196078
v -63.00000000 15.05000019 21.00000000 0.29803922 0.06666667 0.10196078
v -63.00000000 15.05000019 38.00000000 0.29803922 0.06666667 0.10196078
v -63.00000000 16.14999962 21.00000000 0.29803922 0.06666667 0.10196078
v -63.00000000 16.14999962 38.00000000 0.29803922 0.06666667 0.10196078
f 3526 3528 3525
f 3529 3526 3525
f 3525 3528 3527
f 3527 3529 3525
f 3526 3532 3528
f 3530 3526 3529
f 3530 3532 3526
f 3528 3532 3527
f 3531 3529 3527
f 3527 3532 3531
f 3531 3530 3529
f 3532 3530 3531

o cab_side_window_1_79
v 75.50000000 15.10000038 35.50000000 0.08627451 0.14509804 0.16862745
v 75.50000000 15.10000038 40.50000000 0.08627451 0.14509804 0.16862745
v 75.50000000 16.10000038 35.50000000 0.08627451 0.14509804 0.16862745
v 75.50000000 16.10000038 40.50000000 0.08627451 0.14509804 0.16862745
v 82.50000000 15.10000038 35.50000000 0.08627451 0.14509804 0.16862745
v 82.50000000 15.10000038 40.50000000 0.08627451 0.14509804 0.16862745
v 82.50000000 16.10000038 35.50000000 0.08627451 0.14509804 0.16862745
v 82.50000000 16.10000038 40.50000000 0.08627451 0.14509804 0.16862745
f 3534 3536 3533
f 3537 3534 3533
f 3533 3536 3535
f 3535 3537 3533
f 3534 3540 3536
f 3538 3534 3537
f 3538 3540 3534
f 3536 3540 3535
f 3539 3537 3535
f 3535 3540 3539
f 3539 3538 3537
f 3540 3538 3539

o cab_side_window_1_-79
v -82.50000000 15.10000038 35.50000000 0.08627451 0.14509804 0.16862745
v -82.50000000 15.10000038 40.50000000 0.08627451 0.14509804 0.16862745
v -82.50000000 16.10000038 35.50000000 0.08627451 0.14509804 0.16862745
v -82.50000000 16.10000038 40.50000000 0.08627451 0.14509804 0.16862745
v -75.50000000 15.10000038 35.50000000 0.08627451 0.14509804 0.16862745
v -75.50000000 15.10000038 40.50000000 0.08627451 0.14509804 0.16862745
v -75.50000000 16.10000038 35.50000000 0.08627451 0.14509804 0.16862745
v -75.50000000 16.10000038 40.50000000 0.08627451 0.14509804 0.16862745
f 3542 3544 3541
f 3545 3542 3541
f 3541 3544 3543
f 3543 3545 3541
f 3542 3548 3544
f 3546 3542 3545
f 3546 3548 3542
f 3544 3548 3543
f 3547 3545 3543
f 3543 3548 3547
f 3547 3546 3545
f 3548 3546 3547

o side_grab_-1_84
v 83.50000000 -16.54999924 25.00000000 0.65882353 0.67843137 0.67450980
v 83.50000000 -16.54999924 31.00000000 0.65882353 0.67843137 0.67450980
v 83.50000000 -15.85000038 25.00000000 0.65882353 0.67843137 0.67450980
v 83.50000000 -15.85000038 31.00000000 0.65882353 0.67843137 0.67450980
v 84.50000000 -16.54999924 25.00000000 0.65882353 0.67843137 0.67450980
v 84.50000000 -16.54999924 31.00000000 0.65882353 0.67843137 0.67450980
v 84.50000000 -15.85000038 25.00000000 0.65882353 0.67843137 0.67450980
v 84.50000000 -15.85000038 31.00000000 0.65882353 0.67843137 0.67450980
f 3550 3552 3549
f 3553 3550 3549
f 3549 3552 3551
f 3551 3553 3549
f 3550 3556 3552
f 3554 3550 3553
f 3554 3556 3550
f 3552 3556 3551
f 3555 3553 3551
f 3551 3556 3555
f 3555 3554 3553
f 3556 3554 3555

o side_grab_-1_73
v 72.50000000 -16.54999924 25.00000000 0.65882353 0.67843137 0.67450980
v 72.50000000 -16.54999924 31.00000000 0.65882353 0.67843137 0.67450980
v 72.50000000 -15.85000038 25.00000000 0.65882353 0.67843137 0.67450980
v 72.50000000 -15.85000038 31.00000000 0.65882353 0.67843137 0.67450980
v 73.50000000 -16.54999924 25.00000000 0.65882353 0.67843137 0.67450980
v 73.50000000 -16.54999924 31.00000000 0.65882353 0.67843137 0.67450980
v 73.50000000 -15.85000038 25.00000000 0.65882353 0.67843137 0.67450980
v 73.50000000 -15.85000038 31.00000000 0.65882353 0.67843137 0.67450980
f 3558 3560 3557
f 3561 3558 3557
f 3557 3560 3559
f 3559 3561 3557
f 3558 3564 3560
f 3562 3558 3561
f 3562 3564 3558
f 3560 3564 3559
f 3563 3561 3559
f 3559 3564 3563
f 3563 3562 3561
f 3564 3562 3563

o side_grab_-1_-73
v -73.50000000 -16.54999924 25.00000000 0.65882353 0.67843137 0.67450980
v -73.50000000 -16.54999924 31.00000000 0.65882353 0.67843137 0.67450980
v -73.50000000 -15.85000038 25.00000000 0.65882353 0.67843137 0.67450980
v -73.50000000 -15.85000038 31.00000000 0.65882353 0.67843137 0.67450980
v -72.50000000 -16.54999924 25.00000000 0.65882353 0.67843137 0.67450980
v -72.50000000 -16.54999924 31.00000000 0.65882353 0.67843137 0.67450980
v -72.50000000 -15.85000038 25.00000000 0.65882353 0.67843137 0.67450980
v -72.50000000 -15.85000038 31.00000000 0.65882353 0.67843137 0.67450980
f 3566 3568 3565
f 3569 3566 3565
f 3565 3568 3567
f 3567 3569 3565
f 3566 3572 3568
f 3570 3566 3569
f 3570 3572 3566
f 3568 3572 3567
f 3571 3569 3567
f 3567 3572 3571
f 3571 3570 3569
f 3572 3570 3571

o side_grab_-1_-84
v -84.50000000 -16.54999924 25.00000000 0.65882353 0.67843137 0.67450980
v -84.50000000 -16.54999924 31.00000000 0.65882353 0.67843137 0.67450980
v -84.50000000 -15.85000038 25.00000000 0.65882353 0.67843137 0.67450980
v -84.50000000 -15.85000038 31.00000000 0.65882353 0.67843137 0.67450980
v -83.50000000 -16.54999924 25.00000000 0.65882353 0.67843137 0.67450980
v -83.50000000 -16.54999924 31.00000000 0.65882353 0.67843137 0.67450980
v -83.50000000 -15.85000038 25.00000000 0.65882353 0.67843137 0.67450980
v -83.50000000 -15.85000038 31.00000000 0.65882353 0.67843137 0.67450980
f 3574 3576 3573
f 3577 3574 3573
f 3573 3576 3575
f 3575 3577 3573
f 3574 3580 3576
f 3578 3574 3577
f 3578 3580 3574
f 3576 3580 3575
f 3579 3577 3575
f 3575 3580 3579
f 3579 3578 3577
f 3580 3578 3579

o side_light_stripe_-1
v -72.50000000 -16.35000038 20.20000076 0.65882353 0.67843137 0.67450980
v -72.50000000 -16.35000038 21.39999962 0.65882353 0.67843137 0.67450980
v -72.50000000 -15.64999962 20.20000076 0.65882353 0.67843137 0.67450980
v -72.50000000 -15.64999962 21.39999962 0.65882353 0.67843137 0.67450980
v 72.50000000 -16.35000038 20.20000076 0.65882353 0.67843137 0.67450980
v 72.50000000 -16.35000038 21.39999962 0.65882353 0.67843137 0.67450980
v 72.50000000 -15.64999962 20.20000076 0.65882353 0.67843137 0.67450980
v 72.50000000 -15.64999962 21.39999962 0.65882353 0.67843137 0.67450980
f 3582 3584 3581
f 3585 3582 3581
f 3581 3584 3583
f 3583 3585 3581
f 3582 3588 3584
f 3586 3582 3585
f 3586 3588 3582
f 3584 3588 3583
f 3587 3585 3583
f 3583 3588 3587
f 3587 3586 3585
f 3588 3586 3587

o vent_inner_-1_42
v 39.40000153 -16.22500038 40.15000153 0.18823529 0.20784314 0.21960784
v 39.40000153 -16.22500038 40.84999847 0.18823529 0.20784314 0.21960784
v 39.40000153 -15.77499962 40.15000153 0.18823529 0.20784314 0.21960784
v 39.40000153 -15.77499962 40.84999847 0.18823529 0.20784314 0.21960784
v 44.59999847 -16.22500038 40.15000153 0.18823529 0.20784314 0.21960784
v 44.59999847 -16.22500038 40.84999847 0.18823529 0.20784314 0.21960784
v 44.59999847 -15.77499962 40.15000153 0.18823529 0.20784314 0.21960784
v 44.59999847 -15.77499962 40.84999847 0.18823529 0.20784314 0.21960784
f 3590 3592 3589
f 3593 3590 3589
f 3589 3592 3591
f 3591 3593 3589
f 3590 3596 3592
f 3594 3590 3593
f 3594 3596 3590
f 3592 3596 3591
f 3595 3593 3591
f 3591 3596 3595
f 3595 3594 3593
f 3596 3594 3595

o side_vent_-1_42
v 38.75000000 -15.89999962 36.25000000 0.29803922 0.06666667 0.10196078
v 38.75000000 -15.89999962 44.75000000 0.29803922 0.06666667 0.10196078
v 38.75000000 -15.10000038 36.25000000 0.29803922 0.06666667 0.10196078
v 38.75000000 -15.10000038 44.75000000 0.29803922 0.06666667 0.10196078
v 45.25000000 -15.89999962 36.25000000 0.29803922 0.06666667 0.10196078
v 45.25000000 -15.89999962 44.75000000 0.29803922 0.06666667 0.10196078
v 45.25000000 -15.10000038 36.25000000 0.29803922 0.06666667 0.10196078
v 45.25000000 -15.10000038 44.75000000 0.29803922 0.06666667 0.10196078
f 3598 3600 3597
f 3601 3598 3597
f 3597 3600 3599
f 3599 3601 3597
f 3598 3604 3600
f 3602 3598 3601
f 3602 3604 3598
f 3600 3604 3599
f 3603 3601 3599
f 3599 3604 3603
f 3603 3602 3601
f 3604 3602 3603

o vent_inner_-1_34
v 31.39999962 -16.22500038 40.15000153 0.18823529 0.20784314 0.21960784
v 31.39999962 -16.22500038 40.84999847 0.18823529 0.20784314 0.21960784
v 31.39999962 -15.77499962 40.15000153 0.18823529 0.20784314 0.21960784
v 31.39999962 -15.77499962 40.84999847 0.18823529 0.20784314 0.21960784
v 36.59999847 -16.22500038 40.15000153 0.18823529 0.20784314 0.21960784
v 36.59999847 -16.22500038 40.84999847 0.18823529 0.20784314 0.21960784
v 36.59999847 -15.77499962 40.15000153 0.18823529 0.20784314 0.21960784
v 36.59999847 -15.77499962 40.84999847 0.18823529 0.20784314 0.21960784
f 3606 3608 3605
f 3609 3606 3605
f 3605 3608 3607
f 3607 3609 3605
f 3606 3612 3608
f 3610 3606 3609
f 3610 3612 3606
f 3608 3612 3607
f 3611 3609 3607
f 3607 3612 3611
f 3611 3610 3609
f 3612 3610 3611

o side_vent_-1_34
v 30.75000000 -15.89999962 36.25000000 0.29803922 0.06666667 0.10196078
v 30.75000000 -15.89999962 44.75000000 0.29803922 0.06666667 0.10196078
v 30.75000000 -15.10000038 36.25000000 0.29803922 0.06666667 0.10196078
v 30.75000000 -15.10000038 44.75000000 0.29803922 0.06666667 0.10196078
v 37.25000000 -15.89999962 36.25000000 0.29803922 0.06666667 0.10196078
v 37.25000000 -15.89999962 44.75000000 0.29803922 0.06666667 0.10196078
v 37.25000000 -15.10000038 36.25000000 0.29803922 0.06666667 0.10196078
v 37.25000000 -15.10000038 44.75000000 0.29803922 0.06666667 0.10196078
f 3614 3616 3613
f 3617 3614 3613
f 3613 3616 3615
f 3615 3617 3613
f 3614 3620 3616
f 3618 3614 3617
f 3618 3620 3614
f 3616 3620 3615
f 3619 3617 3615
f 3615 3620 3619
f 3619 3618 3617
f 3620 3618 3619

o vent_inner_-1_26
v 23.39999962 -16.22500038 40.15000153 0.18823529 0.20784314 0.21960784
v 23.39999962 -16.22500038 40.84999847 0.18823529 0.20784314 0.21960784
v 23.39999962 -15.77499962 40.15000153 0.18823529 0.20784314 0.21960784
v 23.39999962 -15.77499962 40.84999847 0.18823529 0.20784314 0.21960784
v 28.60000038 -16.22500038 40.15000153 0.18823529 0.20784314 0.21960784
v 28.60000038 -16.22500038 40.84999847 0.18823529 0.20784314 0.21960784
v 28.60000038 -15.77499962 40.15000153 0.18823529 0.20784314 0.21960784
v 28.60000038 -15.77499962 40.84999847 0.18823529 0.20784314 0.21960784
f 3622 3624 3621
f 3625 3622 3621
f 3621 3624 3623
f 3623 3625 3621
f 3622 3628 3624
f 3626 3622 3625
f 3626 3628 3622
f 3624 3628 3623
f 3627 3625 3623
f 3623 3628 3627
f 3627 3626 3625
f 3628 3626 3627

o side_vent_-1_26
v 22.75000000 -15.89999962 36.25000000 0.29803922 0.06666667 0.10196078
v 22.75000000 -15.89999962 44.75000000 0.29803922 0.06666667 0.10196078
v 22.75000000 -15.10000038 36.25000000 0.29803922 0.06666667 0.10196078
v 22.75000000 -15.10000038 44.75000000 0.29803922 0.06666667 0.10196078
v 29.25000000 -15.89999962 36.25000000 0.29803922 0.06666667 0.10196078
v 29.25000000 -15.89999962 44.75000000 0.29803922 0.06666667 0.10196078
v 29.25000000 -15.10000038 36.25000000 0.29803922 0.06666667 0.10196078
v 29.25000000 -15.10000038 44.75000000 0.29803922 0.06666667 0.10196078
f 3630 3632 3629
f 3633 3630 3629
f 3629 3632 3631
f 3631 3633 3629
f 3630 3636 3632
f 3634 3630 3633
f 3634 3636 3630
f 3632 3636 3631
f 3635 3633 3631
f 3631 3636 3635
f 3635 3634 3633
f 3636 3634 3635

o vent_inner_-1_18
v 15.39999962 -16.22500038 40.15000153 0.18823529 0.20784314 0.21960784
v 15.39999962 -16.22500038 40.84999847 0.18823529 0.20784314 0.21960784
v 15.39999962 -15.77499962 40.15000153 0.18823529 0.20784314 0.21960784
v 15.39999962 -15.77499962 40.84999847 0.18823529 0.20784314 0.21960784
v 20.60000038 -16.22500038 40.15000153 0.18823529 0.20784314 0.21960784
v 20.60000038 -16.22500038 40.84999847 0.18823529 0.20784314 0.21960784
v 20.60000038 -15.77499962 40.15000153 0.18823529 0.20784314 0.21960784
v 20.60000038 -15.77499962 40.84999847 0.18823529 0.20784314 0.21960784
f 3638 3640 3637
f 3641 3638 3637
f 3637 3640 3639
f 3639 3641 3637
f 3638 3644 3640
f 3642 3638 3641
f 3642 3644 3638
f 3640 3644 3639
f 3643 3641 3639
f 3639 3644 3643
f 3643 3642 3641
f 3644 3642 3643

o side_vent_-1_18
v 14.75000000 -15.89999962 36.25000000 0.29803922 0.06666667 0.10196078
v 14.75000000 -15.89999962 44.75000000 0.29803922 0.06666667 0.10196078
v 14.75000000 -15.10000038 36.25000000 0.29803922 0.06666667 0.10196078
v 14.75000000 -15.10000038 44.75000000 0.29803922 0.06666667 0.10196078
v 21.25000000 -15.89999962 36.25000000 0.29803922 0.06666667 0.10196078
v 21.25000000 -15.89999962 44.75000000 0.29803922 0.06666667 0.10196078
v 21.25000000 -15.10000038 36.25000000 0.29803922 0.06666667 0.10196078
v 21.25000000 -15.10000038 44.75000000 0.29803922 0.06666667 0.10196078
f 3646 3648 3645
f 3649 3646 3645
f 3645 3648 3647
f 3647 3649 3645
f 3646 3652 3648
f 3650 3646 3649
f 3650 3652 3646
f 3648 3652 3647
f 3651 3649 3647
f 3647 3652 3651
f 3651 3650 3649
f 3652 3650 3651

o vent_inner_-1_10
v 7.40000010 -16.22500038 40.15000153 0.18823529 0.20784314 0.21960784
v 7.40000010 -16.22500038 40.84999847 0.18823529 0.20784314 0.21960784
v 7.40000010 -15.77499962 40.15000153 0.18823529 0.20784314 0.21960784
v 7.40000010 -15.77499962 40.84999847 0.18823529 0.20784314 0.21960784
v 12.60000038 -16.22500038 40.15000153 0.18823529 0.20784314 0.21960784
v 12.60000038 -16.22500038 40.84999847 0.18823529 0.20784314 0.21960784
v 12.60000038 -15.77499962 40.15000153 0.18823529 0.20784314 0.21960784
v 12.60000038 -15.77499962 40.84999847 0.18823529 0.20784314 0.21960784
f 3654 3656 3653
f 3657 3654 3653
f 3653 3656 3655
f 3655 3657 3653
f 3654 3660 3656
f 3658 3654 3657
f 3658 3660 3654
f 3656 3660 3655
f 3659 3657 3655
f 3655 3660 3659
f 3659 3658 3657
f 3660 3658 3659

o side_vent_-1_10
v 6.75000000 -15.89999962 36.25000000 0.29803922 0.06666667 0.10196078
v 6.75000000 -15.89999962 44.75000000 0.29803922 0.06666667 0.10196078
v 6.75000000 -15.10000038 36.25000000 0.29803922 0.06666667 0.10196078
v 6.75000000 -15.10000038 44.75000000 0.29803922 0.06666667 0.10196078
v 13.25000000 -15.89999962 36.25000000 0.29803922 0.06666667 0.10196078
v 13.25000000 -15.89999962 44.75000000 0.29803922 0.06666667 0.10196078
v 13.25000000 -15.10000038 36.25000000 0.29803922 0.06666667 0.10196078
v 13.25000000 -15.10000038 44.75000000 0.29803922 0.06666667 0.10196078
f 3662 3664 3661
f 3665 3662 3661
f 3661 3664 3663
f 3663 3665 3661
f 3662 3668 3664
f 3666 3662 3665
f 3666 3668 3662
f 3664 3668 3663
f 3667 3665 3663
f 3663 3668 3667
f 3667 3666 3665
f 3668 3666 3667

o vent_inner_-1_2
v -0.60000002 -16.22500038 40.15000153 0.18823529 0.20784314 0.21960784
v -0.60000002 -16.22500038 40.84999847 0.18823529 0.20784314 0.21960784
v -0.60000002 -15.77499962 40.15000153 0.18823529 0.20784314 0.21960784
v -0.60000002 -15.77499962 40.84999847 0.18823529 0.20784314 0.21960784
v 4.59999990 -16.22500038 40.15000153 0.18823529 0.20784314 0.21960784
v 4.59999990 -16.22500038 40.84999847 0.18823529 0.20784314 0.21960784
v 4.59999990 -15.77499962 40.15000153 0.18823529 0.20784314 0.21960784
v 4.59999990 -15.77499962 40.84999847 0.18823529 0.20784314 0.21960784
f 3670 3672 3669
f 3673 3670 3669
f 3669 3672 3671
f 3671 3673 3669
f 3670 3676 3672
f 3674 3670 3673
f 3674 3676 3670
f 3672 3676 3671
f 3675 3673 3671
f 3671 3676 3675
f 3675 3674 3673
f 3676 3674 3675

o side_vent_-1_2
v -1.25000000 -15.89999962 36.25000000 0.29803922 0.06666667 0.10196078
v -1.25000000 -15.89999962 44.75000000 0.29803922 0.06666667 0.10196078
v -1.25000000 -15.10000038 36.25000000 0.29803922 0.06666667 0.10196078
v -1.25000000 -15.10000038 44.75000000 0.29803922 0.06666667 0.10196078
v 5.25000000 -15.89999962 36.25000000 0.29803922 0.06666667 0.10196078
v 5.25000000 -15.89999962 44.75000000 0.29803922 0.06666667 0.10196078
v 5.25000000 -15.10000038 36.25000000 0.29803922 0.06666667 0.10196078
v 5.25000000 -15.10000038 44.75000000 0.29803922 0.06666667 0.10196078
f 3678 3680 3677
f 3681 3678 3677
f 3677 3680 3679
f 3679 3681 3677
f 3678 3684 3680
f 3682 3678 3681
f 3682 3684 3678
f 3680 3684 3679
f 3683 3681 3679
f 3679 3684 3683
f 3683 3682 3681
f 3684 3682 3683

o vent_inner_-1_-6
v -8.60000038 -16.22500038 40.15000153 0.18823529 0.20784314 0.21960784
v -8.60000038 -16.22500038 40.84999847 0.18823529 0.20784314 0.21960784
v -8.60000038 -15.77499962 40.15000153 0.18823529 0.20784314 0.21960784
v -8.60000038 -15.77499962 40.84999847 0.18823529 0.20784314 0.21960784
v -3.40000010 -16.22500038 40.15000153 0.18823529 0.20784314 0.21960784
v -3.40000010 -16.22500038 40.84999847 0.18823529 0.20784314 0.21960784
v -3.40000010 -15.77499962 40.15000153 0.18823529 0.20784314 0.21960784
v -3.40000010 -15.77499962 40.84999847 0.18823529 0.20784314 0.21960784
f 3686 3688 3685
f 3689 3686 3685
f 3685 3688 3687
f 3687 3689 3685
f 3686 3692 3688
f 3690 3686 3689
f 3690 3692 3686
f 3688 3692 3687
f 3691 3689 3687
f 3687 3692 3691
f 3691 3690 3689
f 3692 3690 3691

o side_vent_-1_-6
v -9.25000000 -15.89999962 36.25000000 0.29803922 0.06666667 0.10196078
v -9.25000000 -15.89999962 44.75000000 0.29803922 0.06666667 0.10196078
v -9.25000000 -15.10000038 36.25000000 0.29803922 0.06666667 0.10196078
v -9.25000000 -15.10000038 44.75000000 0.29803922 0.06666667 0.10196078
v -2.75000000 -15.89999962 36.25000000 0.29803922 0.06666667 0.10196078
v -2.75000000 -15.89999962 44.75000000 0.29803922 0.06666667 0.10196078
v -2.75000000 -15.10000038 36.25000000 0.29803922 0.06666667 0.10196078
v -2.75000000 -15.10000038 44.75000000 0.29803922 0.06666667 0.10196078
f 3694 3696 3693
f 3697 3694 3693
f 3693 3696 3695
f 3695 3697 3693
f 3694 3700 3696
f 3698 3694 3697
f 3698 3700 3694
f 3696 3700 3695
f 3699 3697 3695
f 3695 3700 3699
f 3699 3698 3697
f 3700 3698 3699

o vent_inner_-1_-14
v -16.60000038 -16.22500038 40.15000153 0.18823529 0.20784314 0.21960784
v -16.60000038 -16.22500038 40.84999847 0.18823529 0.20784314 0.21960784
v -16.60000038 -15.77499962 40.15000153 0.18823529 0.20784314 0.21960784
v -16.60000038 -15.77499962 40.84999847 0.18823529 0.20784314 0.21960784
v -11.39999962 -16.22500038 40.15000153 0.18823529 0.20784314 0.21960784
v -11.39999962 -16.22500038 40.84999847 0.18823529 0.20784314 0.21960784
v -11.39999962 -15.77499962 40.15000153 0.18823529 0.20784314 0.21960784
v -11.39999962 -15.77499962 40.84999847 0.18823529 0.20784314 0.21960784
f 3702 3704 3701
f 3705 3702 3701
f 3701 3704 3703
f 3703 3705 3701
f 3702 3708 3704
f 3706 3702 3705
f 3706 3708 3702
f 3704 3708 3703
f 3707 3705 3703
f 3703 3708 3707
f 3707 3706 3705
f 3708 3706 3707

o side_vent_-1_-14
v -17.25000000 -15.89999962 36.25000000 0.29803922 0.06666667 0.10196078
v -17.25000000 -15.89999962 44.75000000 0.29803922 0.06666667 0.10196078
v -17.25000000 -15.10000038 36.25000000 0.29803922 0.06666667 0.10196078
v -17.25000000 -15.10000038 44.75000000 0.29803922 0.06666667 0.10196078
v -10.75000000 -15.89999962 36.25000000 0.29803922 0.06666667 0.10196078
v -10.75000000 -15.89999962 44.75000000 0.29803922 0.06666667 0.10196078
v -10.75000000 -15.10000038 36.25000000 0.29803922 0.06666667 0.10196078
v -10.75000000 -15.10000038 44.75000000 0.29803922 0.06666667 0.10196078
f 3710 3712 3709
f 3713 3710 3709
f 3709 3712 3711
f 3711 3713 3709
f 3710 3716 3712
f 3714 3710 3713
f 3714 3716 3710
f 3712 3716 3711
f 3715 3713 3711
f 3711 3716 3715
f 3715 3714 3713
f 3716 3714 3715

o vent_inner_-1_-22
v -24.60000038 -16.22500038 40.15000153 0.18823529 0.20784314 0.21960784
v -24.60000038 -16.22500038 40.84999847 0.18823529 0.20784314 0.21960784
v -24.60000038 -15.77499962 40.15000153 0.18823529 0.20784314 0.21960784
v -24.60000038 -15.77499962 40.84999847 0.18823529 0.20784314 0.21960784
v -19.39999962 -16.22500038 40.15000153 0.18823529 0.20784314 0.21960784
v -19.39999962 -16.22500038 40.84999847 0.18823529 0.20784314 0.21960784
v -19.39999962 -15.77499962 40.15000153 0.18823529 0.20784314 0.21960784
v -19.39999962 -15.77499962 40.84999847 0.18823529 0.20784314 0.21960784
f 3718 3720 3717
f 3721 3718 3717
f 3717 3720 3719
f 3719 3721 3717
f 3718 3724 3720
f 3722 3718 3721
f 3722 3724 3718
f 3720 3724 3719
f 3723 3721 3719
f 3719 3724 3723
f 3723 3722 3721
f 3724 3722 3723

o side_vent_-1_-22
v -25.25000000 -15.89999962 36.25000000 0.29803922 0.06666667 0.10196078
v -25.25000000 -15.89999962 44.75000000 0.29803922 0.06666667 0.10196078
v -25.25000000 -15.10000038 36.25000000 0.29803922 0.06666667 0.10196078
v -25.25000000 -15.10000038 44.75000000 0.29803922 0.06666667 0.10196078
v -18.75000000 -15.89999962 36.25000000 0.29803922 0.06666667 0.10196078
v -18.75000000 -15.89999962 44.75000000 0.29803922 0.06666667 0.10196078
v -18.75000000 -15.10000038 36.25000000 0.29803922 0.06666667 0.10196078
v -18.75000000 -15.10000038 44.75000000 0.29803922 0.06666667 0.10196078
f 3726 3728 3725
f 3729 3726 3725
f 3725 3728 3727
f 3727 3729 3725
f 3726 3732 3728
f 3730 3726 3729
f 3730 3732 3726
f 3728 3732 3727
f 3731 3729 3727
f 3727 3732 3731
f 3731 3730 3729
f 3732 3730 3731

o vent_inner_-1_-30
v -32.59999847 -16.22500038 40.15000153 0.18823529 0.20784314 0.21960784
v -32.59999847 -16.22500038 40.84999847 0.18823529 0.20784314 0.21960784
v -32.59999847 -15.77499962 40.15000153 0.18823529 0.20784314 0.21960784
v -32.59999847 -15.77499962 40.84999847 0.18823529 0.20784314 0.21960784
v -27.39999962 -16.22500038 40.15000153 0.18823529 0.20784314 0.21960784
v -27.39999962 -16.22500038 40.84999847 0.18823529 0.20784314 0.21960784
v -27.39999962 -15.77499962 40.15000153 0.18823529 0.20784314 0.21960784
v -27.39999962 -15.77499962 40.84999847 0.18823529 0.20784314 0.21960784
f 3734 3736 3733
f 3737 3734 3733
f 3733 3736 3735
f 3735 3737 3733
f 3734 3740 3736
f 3738 3734 3737
f 3738 3740 3734
f 3736 3740 3735
f 3739 3737 3735
f 3735 3740 3739
f 3739 3738 3737
f 3740 3738 3739

o side_vent_-1_-30
v -33.25000000 -15.89999962 36.25000000 0.29803922 0.06666667 0.10196078
v -33.25000000 -15.89999962 44.75000000 0.29803922 0.06666667 0.10196078
v -33.25000000 -15.10000038 36.25000000 0.29803922 0.06666667 0.10196078
v -33.25000000 -15.10000038 44.75000000 0.29803922 0.06666667 0.10196078
v -26.75000000 -15.89999962 36.25000000 0.29803922 0.06666667 0.10196078
v -26.75000000 -15.89999962 44.75000000 0.29803922 0.06666667 0.10196078
v -26.75000000 -15.10000038 36.25000000 0.29803922 0.06666667 0.10196078
v -26.75000000 -15.10000038 44.75000000 0.29803922 0.06666667 0.10196078
f 3742 3744 3741
f 3745 3742 3741
f 3741 3744 3743
f 3743 3745 3741
f 3742 3748 3744
f 3746 3742 3745
f 3746 3748 3742
f 3744 3748 3743
f 3747 3745 3743
f 3743 3748 3747
f 3747 3746 3745
f 3748 3746 3747

o vent_inner_-1_-38
v -40.59999847 -16.22500038 40.15000153 0.18823529 0.20784314 0.21960784
v -40.59999847 -16.22500038 40.84999847 0.18823529 0.20784314 0.21960784
v -40.59999847 -15.77499962 40.15000153 0.18823529 0.20784314 0.21960784
v -40.59999847 -15.77499962 40.84999847 0.18823529 0.20784314 0.21960784
v -35.40000153 -16.22500038 40.15000153 0.18823529 0.20784314 0.21960784
v -35.40000153 -16.22500038 40.84999847 0.18823529 0.20784314 0.21960784
v -35.40000153 -15.77499962 40.15000153 0.18823529 0.20784314 0.21960784
v -35.40000153 -15.77499962 40.84999847 0.18823529 0.20784314 0.21960784
f 3750 3752 3749
f 3753 3750 3749
f 3749 3752 3751
f 3751 3753 3749
f 3750 3756 3752
f 3754 3750 3753
f 3754 3756 3750
f 3752 3756 3751
f 3755 3753 3751
f 3751 3756 3755
f 3755 3754 3753
f 3756 3754 3755

o side_vent_-1_-38
v -41.25000000 -15.89999962 36.25000000 0.29803922 0.06666667 0.10196078
v -41.25000000 -15.89999962 44.75000000 0.29803922 0.06666667 0.10196078
v -41.25000000 -15.10000038 36.25000000 0.29803922 0.06666667 0.10196078
v -41.25000000 -15.10000038 44.75000000 0.29803922 0.06666667 0.10196078
v -34.75000000 -15.89999962 36.25000000 0.29803922 0.06666667 0.10196078
v -34.75000000 -15.89999962 44.75000000 0.29803922 0.06666667 0.10196078
v -34.75000000 -15.10000038 36.25000000 0.29803922 0.06666667 0.10196078
v -34.75000000 -15.10000038 44.75000000 0.29803922 0.06666667 0.10196078
f 3758 3760 3757
f 3761 3758 3757
f 3757 3760 3759
f 3759 3761 3757
f 3758 3764 3760
f 3762 3758 3761
f 3762 3764 3758
f 3760 3764 3759
f 3763 3761 3759
f 3759 3764 3763
f 3763 3762 3761
f 3764 3762 3763

o vent_inner_-1_-46
v -48.59999847 -16.22500038 40.15000153 0.18823529 0.20784314 0.21960784
v -48.59999847 -16.22500038 40.84999847 0.18823529 0.20784314 0.21960784
v -48.59999847 -15.77499962 40.15000153 0.18823529 0.20784314 0.21960784
v -48.59999847 -15.77499962 40.84999847 0.18823529 0.20784314 0.21960784
v -43.40000153 -16.22500038 40.15000153 0.18823529 0.20784314 0.21960784
v -43.40000153 -16.22500038 40.84999847 0.18823529 0.20784314 0.21960784
v -43.40000153 -15.77499962 40.15000153 0.18823529 0.20784314 0.21960784
v -43.40000153 -15.77499962 40.84999847 0.18823529 0.20784314 0.21960784
f 3766 3768 3765
f 3769 3766 3765
f 3765 3768 3767
f 3767 3769 3765
f 3766 3772 3768
f 3770 3766 3769
f 3770 3772 3766
f 3768 3772 3767
f 3771 3769 3767
f 3767 3772 3771
f 3771 3770 3769
f 3772 3770 3771

o side_vent_-1_-46
v -49.25000000 -15.89999962 36.25000000 0.29803922 0.06666667 0.10196078
v -49.25000000 -15.89999962 44.75000000 0.29803922 0.06666667 0.10196078
v -49.25000000 -15.10000038 36.25000000 0.29803922 0.06666667 0.10196078
v -49.25000000 -15.10000038 44.75000000 0.29803922 0.06666667 0.10196078
v -42.75000000 -15.89999962 36.25000000 0.29803922 0.06666667 0.10196078
v -42.75000000 -15.89999962 44.75000000 0.29803922 0.06666667 0.10196078
v -42.75000000 -15.10000038 36.25000000 0.29803922 0.06666667 0.10196078
v -42.75000000 -15.10000038 44.75000000 0.29803922 0.06666667 0.10196078
f 3774 3776 3773
f 3777 3774 3773
f 3773 3776 3775
f 3775 3777 3773
f 3774 3780 3776
f 3778 3774 3777
f 3778 3780 3774
f 3776 3780 3775
f 3779 3777 3775
f 3775 3780 3779
f 3779 3778 3777
f 3780 3778 3779

o door_handle_-1_66
v 68.05000305 -16.79999924 27.50000000 0.65882353 0.67843137 0.67450980
v 68.05000305 -16.79999924 30.50000000 0.65882353 0.67843137 0.67450980
v 68.05000305 -15.80000019 27.50000000 0.65882353 0.67843137 0.67450980
v 68.05000305 -15.80000019 30.50000000 0.65882353 0.67843137 0.67450980
v 68.75000000 -16.79999924 27.50000000 0.65882353 0.67843137 0.67450980
v 68.75000000 -16.79999924 30.50000000 0.65882353 0.67843137 0.67450980
v 68.75000000 -15.80000019 27.50000000 0.65882353 0.67843137 0.67450980
v 68.75000000 -15.80000019 30.50000000 0.65882353 0.67843137 0.67450980
f 3782 3784 3781
f 3785 3782 3781
f 3781 3784 3783
f 3783 3785 3781
f 3782 3788 3784
f 3786 3782 3785
f 3786 3788 3782
f 3784 3788 3783
f 3787 3785 3783
f 3783 3788 3787
f 3787 3786 3785
f 3788 3786 3787

o cab_door_glass_-1_66
v 64.59999847 -16.95000076 33.00000000 0.08627451 0.14509804 0.16862745
v 64.59999847 -16.95000076 37.00000000 0.08627451 0.14509804 0.16862745
v 64.59999847 -15.64999962 33.00000000 0.08627451 0.14509804 0.16862745
v 64.59999847 -15.64999962 37.00000000 0.08627451 0.14509804 0.16862745
v 67.40000153 -16.95000076 33.00000000 0.08627451 0.14509804 0.16862745
v 67.40000153 -16.95000076 37.00000000 0.08627451 0.14509804 0.16862745
v 67.40000153 -15.64999962 33.00000000 0.08627451 0.14509804 0.16862745
v 67.40000153 -15.64999962 37.00000000 0.08627451 0.14509804 0.16862745
f 3790 3792 3789
f 3793 3790 3789
f 3789 3792 3791
f 3791 3793 3789
f 3790 3796 3792
f 3794 3790 3793
f 3794 3796 3790
f 3792 3796 3791
f 3795 3793 3791
f 3791 3796 3795
f 3795 3794 3793
f 3796 3794 3795

o cab_door_-1_66
v 63.00000000 -16.14999962 21.00000000 0.29803922 0.06666667 0.10196078
v 63.00000000 -16.14999962 38.00000000 0.29803922 0.06666667 0.10196078
v 63.00000000 -15.05000019 21.00000000 0.29803922 0.06666667 0.10196078
v 63.00000000 -15.05000019 38.00000000 0.29803922 0.06666667 0.10196078
v 69.00000000 -16.14999962 21.00000000 0.29803922 0.06666667 0.10196078
v 69.00000000 -16.14999962 38.00000000 0.29803922 0.06666667 0.10196078
v 69.00000000 -15.05000019 21.00000000 0.29803922 0.06666667 0.10196078
v 69.00000000 -15.05000019 38.00000000 0.29803922 0.06666667 0.10196078
f 3798 3800 3797
f 3801 3798 3797
f 3797 3800 3799
f 3799 3801 3797
f 3798 3804 3800
f 3802 3798 3801
f 3802 3804 3798
f 3800 3804 3799
f 3803 3801 3799
f 3799 3804 3803
f 3803 3802 3801
f 3804 3802 3803

o door_handle_-1_-66
v -63.95000076 -16.79999924 27.50000000 0.65882353 0.67843137 0.67450980
v -63.95000076 -16.79999924 30.50000000 0.65882353 0.67843137 0.67450980
v -63.95000076 -15.80000019 27.50000000 0.65882353 0.67843137 0.67450980
v -63.95000076 -15.80000019 30.50000000 0.65882353 0.67843137 0.67450980
v -63.25000000 -16.79999924 27.50000000 0.65882353 0.67843137 0.67450980
v -63.25000000 -16.79999924 30.50000000 0.65882353 0.67843137 0.67450980
v -63.25000000 -15.80000019 27.50000000 0.65882353 0.67843137 0.67450980
v -63.25000000 -15.80000019 30.50000000 0.65882353 0.67843137 0.67450980
f 3806 3808 3805
f 3809 3806 3805
f 3805 3808 3807
f 3807 3809 3805
f 3806 3812 3808
f 3810 3806 3809
f 3810 3812 3806
f 3808 3812 3807
f 3811 3809 3807
f 3807 3812 3811
f 3811 3810 3809
f 3812 3810 3811

o cab_door_glass_-1_-66
v -67.40000153 -16.95000076 33.00000000 0.08627451 0.14509804 0.16862745
v -67.40000153 -16.95000076 37.00000000 0.08627451 0.14509804 0.16862745
v -67.40000153 -15.64999962 33.00000000 0.08627451 0.14509804 0.16862745
v -67.40000153 -15.64999962 37.00000000 0.08627451 0.14509804 0.16862745
v -64.59999847 -16.95000076 33.00000000 0.08627451 0.14509804 0.16862745
v -64.59999847 -16.95000076 37.00000000 0.08627451 0.14509804 0.16862745
v -64.59999847 -15.64999962 33.00000000 0.08627451 0.14509804 0.16862745
v -64.59999847 -15.64999962 37.00000000 0.08627451 0.14509804 0.16862745
f 3814 3816 3813
f 3817 3814 3813
f 3813 3816 3815
f 3815 3817 3813
f 3814 3820 3816
f 3818 3814 3817
f 3818 3820 3814
f 3816 3820 3815
f 3819 3817 3815
f 3815 3820 3819
f 3819 3818 3817
f 3820 3818 3819

o cab_door_-1_-66
v -69.00000000 -16.14999962 21.00000000 0.29803922 0.06666667 0.10196078
v -69.00000000 -16.14999962 38.00000000 0.29803922 0.06666667 0.10196078
v -69.00000000 -15.05000019 21.00000000 0.29803922 0.06666667 0.10196078
v -69.00000000 -15.05000019 38.00000000 0.29803922 0.06666667 0.10196078
v -63.00000000 -16.14999962 21.00000000 0.29803922 0.06666667 0.10196078
v -63.00000000 -16.14999962 38.00000000 0.29803922 0.06666667 0.10196078
v -63.00000000 -15.05000019 21.00000000 0.29803922 0.06666667 0.10196078
v -63.00000000 -15.05000019 38.00000000 0.29803922 0.06666667 0.10196078
f 3822 3824 3821
f 3825 3822 3821
f 3821 3824 3823
f 3823 3825 3821
f 3822 3828 3824
f 3826 3822 3825
f 3826 3828 3822
f 3824 3828 3823
f 3827 3825 3823
f 3823 3828 3827
f 3827 3826 3825
f 3828 3826 3827

o cab_side_window_-1_79
v 75.50000000 -16.10000038 35.50000000 0.08627451 0.14509804 0.16862745
v 75.50000000 -16.10000038 40.50000000 0.08627451 0.14509804 0.16862745
v 75.50000000 -15.10000038 35.50000000 0.08627451 0.14509804 0.16862745
v 75.50000000 -15.10000038 40.50000000 0.08627451 0.14509804 0.16862745
v 82.50000000 -16.10000038 35.50000000 0.08627451 0.14509804 0.16862745
v 82.50000000 -16.10000038 40.50000000 0.08627451 0.14509804 0.16862745
v 82.50000000 -15.10000038 35.50000000 0.08627451 0.14509804 0.16862745
v 82.50000000 -15.10000038 40.50000000 0.08627451 0.14509804 0.16862745
f 3830 3832 3829
f 3833 3830 3829
f 3829 3832 3831
f 3831 3833 3829
f 3830 3836 3832
f 3834 3830 3833
f 3834 3836 3830
f 3832 3836 3831
f 3835 3833 3831
f 3831 3836 3835
f 3835 3834 3833
f 3836 3834 3835

o cab_side_window_-1_-79
v -82.50000000 -16.10000038 35.50000000 0.08627451 0.14509804 0.16862745
v -82.50000000 -16.10000038 40.50000000 0.08627451 0.14509804 0.16862745
v -82.50000000 -15.10000038 35.50000000 0.08627451 0.14509804 0.16862745
v -82.50000000 -15.10000038 40.50000000 0.08627451 0.14509804 0.16862745
v -75.50000000 -16.10000038 35.50000000 0.08627451 0.14509804 0.16862745
v -75.50000000 -16.10000038 40.50000000 0.08627451 0.14509804 0.16862745
v -75.50000000 -15.10000038 35.50000000 0.08627451 0.14509804 0.16862745
v -75.50000000 -15.10000038 40.50000000 0.08627451 0.14509804 0.16862745
f 3838 3840 3837
f 3841 3838 3837
f 3837 3840 3839
f 3839 3841 3837
f 3838 3844 3840
f 3842 3838 3841
f 3842 3844 3838
f 3840 3844 3839
f 3843 3841 3839
f 3839 3844 3843
f 3843 3842 3841
f 3844 3842 3843

o pilot_stripe_1_8
v 100.80000305 7.00000000 14.50000000 0.90980392 0.68235294 0.10196078
v 100.80000305 7.00000000 17.50000000 0.90980392 0.68235294 0.10196078
v 100.80000305 9.00000000 14.50000000 0.90980392 0.68235294 0.10196078
v 100.80000305 9.00000000 17.50000000 0.90980392 0.68235294 0.10196078
v 101.59999847 7.00000000 14.50000000 0.90980392 0.68235294 0.10196078
v 101.59999847 7.00000000 17.50000000 0.90980392 0.68235294 0.10196078
v 101.59999847 9.00000000 14.50000000 0.90980392 0.68235294 0.10196078
v 101.59999847 9.00000000 17.50000000 0.90980392 0.68235294 0.10196078
f 3846 3848 3845
f 3849 3846 3845
f 3845 3848 3847
f 3847 3849 3845
f 3846 3852 3848
f 3850 3846 3849
f 3850 3852 3846
f 3848 3852 3847
f 3851 3849 3847
f 3847 3852 3851
f 3851 3850 3849
f 3852 3850 3851

o pilot_stripe_1_4
v 100.80000305 3.00000000 14.50000000 0.90980392 0.68235294 0.10196078
v 100.80000305 3.00000000 17.50000000 0.90980392 0.68235294 0.10196078
v 100.80000305 5.00000000 14.50000000 0.90980392 0.68235294 0.10196078
v 100.80000305 5.00000000 17.50000000 0.90980392 0.68235294 0.10196078
v 101.59999847 3.00000000 14.50000000 0.90980392 0.68235294 0.10196078
v 101.59999847 3.00000000 17.50000000 0.90980392 0.68235294 0.10196078
v 101.59999847 5.00000000 14.50000000 0.90980392 0.68235294 0.10196078
v 101.59999847 5.00000000 17.50000000 0.90980392 0.68235294 0.10196078
f 3854 3856 3853
f 3857 3854 3853
f 3853 3856 3855
f 3855 3857 3853
f 3854 3860 3856
f 3858 3854 3857
f 3858 3860 3854
f 3856 3860 3855
f 3859 3857 3855
f 3855 3860 3859
f 3859 3858 3857
f 3860 3858 3859

o pilot_stripe_1_0
v 100.80000305 -1.00000000 14.50000000 0.90980392 0.68235294 0.10196078
v 100.80000305 -1.00000000 17.50000000 0.90980392 0.68235294 0.10196078
v 100.80000305 1.00000000 14.50000000 0.90980392 0.68235294 0.10196078
v 100.80000305 1.00000000 17.50000000 0.90980392 0.68235294 0.10196078
v 101.59999847 -1.00000000 14.50000000 0.90980392 0.68235294 0.10196078
v 101.59999847 -1.00000000 17.50000000 0.90980392 0.68235294 0.10196078
v 101.59999847 1.00000000 14.50000000 0.90980392 0.68235294 0.10196078
v 101.59999847 1.00000000 17.50000000 0.90980392 0.68235294 0.10196078
f 3862 3864 3861
f 3865 3862 3861
f 3861 3864 3863
f 3863 3865 3861
f 3862 3868 3864
f 3866 3862 3865
f 3866 3868 3862
f 3864 3868 3863
f 3867 3865 3863
f 3863 3868 3867
f 3867 3866 3865
f 3868 3866 3867

o pilot_stripe_1_-4
v 100.80000305 -5.00000000 14.50000000 0.90980392 0.68235294 0.10196078
v 100.80000305 -5.00000000 17.50000000 0.90980392 0.68235294 0.10196078
v 100.80000305 -3.00000000 14.50000000 0.90980392 0.68235294 0.10196078
v 100.80000305 -3.00000000 17.50000000 0.90980392 0.68235294 0.10196078
v 101.59999847 -5.00000000 14.50000000 0.90980392 0.68235294 0.10196078
v 101.59999847 -5.00000000 17.50000000 0.90980392 0.68235294 0.10196078
v 101.59999847 -3.00000000 14.50000000 0.90980392 0.68235294 0.10196078
v 101.59999847 -3.00000000 17.50000000 0.90980392 0.68235294 0.10196078
f 3870 3872 3869
f 3873 3870 3869
f 3869 3872 3871
f 3871 3873 3869
f 3870 3876 3872
f 3874 3870 3873
f 3874 3876 3870
f 3872 3876 3871
f 3875 3873 3871
f 3871 3876 3875
f 3875 3874 3873
f 3876 3874 3875

o pilot_stripe_1_-8
v 100.80000305 -9.00000000 14.50000000 0.90980392 0.68235294 0.10196078
v 100.80000305 -9.00000000 17.50000000 0.90980392 0.68235294 0.10196078
v 100.80000305 -7.00000000 14.50000000 0.90980392 0.68235294 0.10196078
v 100.80000305 -7.00000000 17.50000000 0.90980392 0.68235294 0.10196078
v 101.59999847 -9.00000000 14.50000000 0.90980392 0.68235294 0.10196078
v 101.59999847 -9.00000000 17.50000000 0.90980392 0.68235294 0.10196078
v 101.59999847 -7.00000000 14.50000000 0.90980392 0.68235294 0.10196078
v 101.59999847 -7.00000000 17.50000000 0.90980392 0.68235294 0.10196078
f 3878 3880 3877
f 3881 3878 3877
f 3877 3880 3879
f 3879 3881 3877
f 3878 3884 3880
f 3882 3878 3881
f 3882 3884 3878
f 3880 3884 3879
f 3883 3881 3879
f 3879 3884 3883
f 3883 3882 3881
f 3884 3882 3883

o coupler_1
v 102.50000000 -1.50000000 10.00000000 0.36862745 0.39607843 0.40392157
v 102.50000000 -1.50000000 12.00000000 0.36862745 0.39607843 0.40392157
v 102.50000000 1.50000000 10.00000000 0.36862745 0.39607843 0.40392157
v 102.50000000 1.50000000 12.00000000 0.36862745 0.39607843 0.40392157
v 109.50000000 -1.50000000 10.00000000 0.36862745 0.39607843 0.40392157
v 109.50000000 -1.50000000 12.00000000 0.36862745 0.39607843 0.40392157
v 109.50000000 1.50000000 10.00000000 0.36862745 0.39607843 0.40392157
v 109.50000000 1.50000000 12.00000000 0.36862745 0.39607843 0.40392157
f 3886 3888 3885
f 3889 3886 3885
f 3885 3888 3887
f 3887 3889 3885
f 3886 3892 3888
f 3890 3886 3889
f 3890 3892 3886
f 3888 3892 3887
f 3891 3889 3887
f 3887 3892 3891
f 3891 3890 3889
f 3892 3890 3891

o coupler_mount_1
v 100.50000000 -2.50000000 10.50000000 0.08627451 0.09411765 0.09803922
v 100.50000000 -2.50000000 13.50000000 0.08627451 0.09411765 0.09803922
v 100.50000000 2.50000000 10.50000000 0.08627451 0.09411765 0.09803922
v 100.50000000 2.50000000 13.50000000 0.08627451 0.09411765 0.09803922
v 105.50000000 -2.50000000 10.50000000 0.08627451 0.09411765 0.09803922
v 105.50000000 -2.50000000 13.50000000 0.08627451 0.09411765 0.09803922
v 105.50000000 2.50000000 10.50000000 0.08627451 0.09411765 0.09803922
v 105.50000000 2.50000000 13.50000000 0.08627451 0.09411765 0.09803922
f 3894 3896 3893
f 3897 3894 3893
f 3893 3896 3895
f 3895 3897 3893
f 3894 3900 3896
f 3898 3894 3897
f 3898 3900 3894
f 3896 3900 3895
f 3899 3897 3895
f 3895 3900 3899
f 3899 3898 3897
f 3900 3898 3899

o marker_lamp_1_10.5
v 98.00000000 10.50000000 25.50000000 0.90980392 0.68235294 0.10196078
v 98.00000000 10.50000000 24.70000076 0.90980392 0.68235294 0.10196078
v 99.19999695 10.50000000 24.70000076 0.90980392 0.68235294 0.10196078
v 99.19999695 10.50000000 25.50000000 0.90980392 0.68235294 0.10196078
v 98.00000000 10.70705509 24.72725868 0.90980392 0.68235294 0.10196078
v 99.19999695 10.70705509 24.72725868 0.90980392 0.68235294 0.10196078
v 98.00000000 10.89999962 24.80718040 0.90980392 0.68235294 0.10196078
v 99.19999695 10.89999962 24.80718040 0.90980392 0.68235294 0.10196078
v 98.00000000 11.06568527 24.93431473 0.90980392 0.68235294 0.10196078
v 99.19999695 11.06568527 24.93431473 0.90980392 0.68235294 0.10196078
v 98.00000000 11.19282055 25.10000038 0.90980392 0.68235294 0.10196078
v 99.19999695 11.19282055 25.10000038 0.90980392 0.68235294 0.10196078
v 98.00000000 11.27274036 25.29294395 0.90980392 0.68235294 0.10196078
v 99.19999695 11.27274036 25.29294395 0.90980392 0.68235294 0.10196078
v 98.00000000 11.30000019 25.50000000 0.90980392 0.68235294 0.10196078
v 99.19999695 11.30000019 25.50000000 0.90980392 0.68235294 0.10196078
v 98.00000000 11.27274036 25.70705605 0.90980392 0.68235294 0.10196078
v 99.19999695 11.27274036 25.70705605 0.90980392 0.68235294 0.10196078
v 98.00000000 11.19282055 25.89999962 0.90980392 0.68235294 0.10196078
v 99.19999695 11.19282055 25.89999962 0.90980392 0.68235294 0.10196078
v 98.00000000 11.06568527 26.06568527 0.90980392 0.68235294 0.10196078
v 99.19999695 11.06568527 26.06568527 0.90980392 0.68235294 0.10196078
v 98.00000000 10.89999962 26.19281960 0.90980392 0.68235294 0.10196078
v 99.19999695 10.89999962 26.19281960 0.90980392 0.68235294 0.10196078
v 98.00000000 10.70705509 26.27274132 0.90980392 0.68235294 0.10196078
v 99.19999695 10.70705509 26.27274132 0.90980392 0.68235294 0.10196078
v 98.00000000 10.50000000 26.29999924 0.90980392 0.68235294 0.10196078
v 99.19999695 10.50000000 26.29999924 0.90980392 0.68235294 0.10196078
v 98.00000000 10.29294491 26.27274132 0.90980392 0.68235294 0.10196078
v 99.19999695 10.29294491 26.27274132 0.90980392 0.68235294 0.10196078
v 98.00000000 10.10000038 26.19281960 0.90980392 0.68235294 0.10196078
v 99.19999695 10.10000038 26.19281960 0.90980392 0.68235294 0.10196078
v 98.00000000 9.93431473 26.06568527 0.90980392 0.68235294 0.10196078
v 99.19999695 9.93431473 26.06568527 0.90980392 0.68235294 0.10196078
v 98.00000000 9.80717945 25.89999962 0.90980392 0.68235294 0.10196078
v 99.19999695 9.80717945 25.89999962 0.90980392 0.68235294 0.10196078
v 98.00000000 9.72725964 25.70705605 0.90980392 0.68235294 0.10196078
v 99.19999695 9.72725964 25.70705605 0.90980392 0.68235294 0.10196078
v 98.00000000 9.69999981 25.50000000 0.90980392 0.68235294 0.10196078
v 99.19999695 9.69999981 25.50000000 0.90980392 0.68235294 0.10196078
v 98.00000000 9.72725964 25.29294395 0.90980392 0.68235294 0.10196078
v 99.19999695 9.72725964 25.29294395 0.90980392 0.68235294 0.10196078
v 98.00000000 9.80717945 25.10000038 0.90980392 0.68235294 0.10196078
v 99.19999695 9.80717945 25.10000038 0.90980392 0.68235294 0.10196078
v 98.00000000 9.93431473 24.93431473 0.90980392 0.68235294 0.10196078
v 99.19999695 9.93431473 24.93431473 0.90980392 0.68235294 0.10196078
v 98.00000000 10.10000038 24.80718040 0.90980392 0.68235294 0.10196078
v 99.19999695 10.10000038 24.80718040 0.90980392 0.68235294 0.10196078
v 98.00000000 10.29294491 24.72725868 0.90980392 0.68235294 0.10196078
v 99.19999695 10.29294491 24.72725868 0.90980392 0.68235294 0.10196078
f 3902 3901 3905
f 3902 3905 3903
f 3903 3905 3906
f 3903 3906 3904
f 3905 3901 3907
f 3905 3907 3906
f 3906 3907 3908
f 3906 3908 3904
f 3907 3901 3909
f 3907 3909 3908
f 3908 3909 3910
f 3908 3910 3904
f 3909 3901 3911
f 3909 3911 3910
f 3910 3911 3912
f 3910 3912 3904
f 3911 3901 3913
f 3911 3913 3912
f 3912 3913 3914
f 3912 3914 3904
f 3913 3901 3915
f 3913 3915 3914
f 3914 3915 3916
f 3914 3916 3904
f 3915 3901 3917
f 3915 3917 3916
f 3916 3917 3918
f 3916 3918 3904
f 3917 3901 3919
f 3917 3919 3918
f 3918 3919 3920
f 3918 3920 3904
f 3919 3901 3921
f 3919 3921 3920
f 3920 3921 3922
f 3920 3922 3904
f 3921 3901 3923
f 3921 3923 3922
f 3922 3923 3924
f 3922 3924 3904
f 3923 3901 3925
f 3923 3925 3924
f 3924 3925 3926
f 3924 3926 3904
f 3925 3901 3927
f 3925 3927 3926
f 3926 3927 3928
f 3926 3928 3904
f 3927 3901 3929
f 3927 3929 3928
f 3928 3929 3930
f 3928 3930 3904
f 3929 3901 3931
f 3929 3931 3930
f 3930 3931 3932
f 3930 3932 3904
f 3931 3901 3933
f 3931 3933 3932
f 3932 3933 3934
f 3932 3934 3904
f 3933 3901 3935
f 3933 3935 3934
f 3934 3935 3936
f 3934 3936 3904
f 3935 3901 3937
f 3935 3937 3936
f 3936 3937 3938
f 3936 3938 3904
f 3937 3901 3939
f 3937 3939 3938
f 3938 3939 3940
f 3938 3940 3904
f 3939 3901 3941
f 3939 3941 3940
f 3940 3941 3942
f 3940 3942 3904
f 3941 3901 3943
f 3941 3943 3942
f 3942 3943 3944
f 3942 3944 3904
f 3943 3901 3945
f 3943 3945 3944
f 3944 3945 3946
f 3944 3946 3904
f 3945 3901 3947
f 3945 3947 3946
f 3946 3947 3948
f 3946 3948 3904
f 3947 3901 3949
f 3947 3949 3948
f 3948 3949 3950
f 3948 3950 3904
f 3949 3901 3902
f 3949 3902 3950
f 3950 3902 3903
f 3950 3903 3904

o headlamp_1_10.5
v 97.90000153 10.50000000 29.00000000 0.65882353 0.67843137 0.67450980
v 97.90000153 10.50000000 27.75000000 0.65882353 0.67843137 0.67450980
v 99.09999847 10.50000000 27.75000000 0.65882353 0.67843137 0.67450980
v 99.09999847 10.50000000 29.00000000 0.65882353 0.67843137 0.67450980
v 97.90000153 10.82352352 27.79259300 0.65882353 0.67843137 0.67450980
v 99.09999847 10.82352352 27.79259300 0.65882353 0.67843137 0.67450980
v 97.90000153 11.12500000 27.91746902 0.65882353 0.67843137 0.67450980
v 99.09999847 11.12500000 27.91746902 0.65882353 0.67843137 0.67450980
v 97.90000153 11.38388348 28.11611557 0.65882353 0.67843137 0.67450980
v 99.09999847 11.38388348 28.11611557 0.65882353 0.67843137 0.67450980
v 97.90000153 11.58253193 28.37500000 0.65882353 0.67843137 0.67450980
v 99.09999847 11.58253193 28.37500000 0.65882353 0.67843137 0.67450980
v 97.90000153 11.70740700 28.67647552 0.65882353 0.67843137 0.67450980
v 99.09999847 11.70740700 28.67647552 0.65882353 0.67843137 0.67450980
v 97.90000153 11.75000000 29.00000000 0.65882353 0.67843137 0.67450980
v 99.09999847 11.75000000 29.00000000 0.65882353 0.67843137 0.67450980
v 97.90000153 11.70740700 29.32352448 0.65882353 0.67843137 0.67450980
v 99.09999847 11.70740700 29.32352448 0.65882353 0.67843137 0.67450980
v 97.90000153 11.58253193 29.62500000 0.65882353 0.67843137 0.67450980
v 99.09999847 11.58253193 29.62500000 0.65882353 0.67843137 0.67450980
v 97.90000153 11.38388348 29.88388443 0.65882353 0.67843137 0.67450980
v 99.09999847 11.38388348 29.88388443 0.65882353 0.67843137 0.67450980
v 97.90000153 11.12500000 30.08253098 0.65882353 0.67843137 0.67450980
v 99.09999847 11.12500000 30.08253098 0.65882353 0.67843137 0.67450980
v 97.90000153 10.82352352 30.20740700 0.65882353 0.67843137 0.67450980
v 99.09999847 10.82352352 30.20740700 0.65882353 0.67843137 0.67450980
v 97.90000153 10.50000000 30.25000000 0.65882353 0.67843137 0.67450980
v 99.09999847 10.50000000 30.25000000 0.65882353 0.67843137 0.67450980
v 97.90000153 10.17647648 30.20740700 0.65882353 0.67843137 0.67450980
v 99.09999847 10.17647648 30.20740700 0.65882353 0.67843137 0.67450980
v 97.90000153 9.87500000 30.08253098 0.65882353 0.67843137 0.67450980
v 99.09999847 9.87500000 30.08253098 0.65882353 0.67843137 0.67450980
v 97.90000153 9.61611652 29.88388443 0.65882353 0.67843137 0.67450980
v 99.09999847 9.61611652 29.88388443 0.65882353 0.67843137 0.67450980
v 97.90000153 9.41746807 29.62500000 0.65882353 0.67843137 0.67450980
v 99.09999847 9.41746807 29.62500000 0.65882353 0.67843137 0.67450980
v 97.90000153 9.29259300 29.32352448 0.65882353 0.67843137 0.67450980
v 99.09999847 9.29259300 29.32352448 0.65882353 0.67843137 0.67450980
v 97.90000153 9.25000000 29.00000000 0.65882353 0.67843137 0.67450980
v 99.09999847 9.25000000 29.00000000 0.65882353 0.67843137 0.67450980
v 97.90000153 9.29259300 28.67647552 0.65882353 0.67843137 0.67450980
v 99.09999847 9.29259300 28.67647552 0.65882353 0.67843137 0.67450980
v 97.90000153 9.41746807 28.37500000 0.65882353 0.67843137 0.67450980
v 99.09999847 9.41746807 28.37500000 0.65882353 0.67843137 0.67450980
v 97.90000153 9.61611652 28.11611557 0.65882353 0.67843137 0.67450980
v 99.09999847 9.61611652 28.11611557 0.65882353 0.67843137 0.67450980
v 97.90000153 9.87500000 27.91746902 0.65882353 0.67843137 0.67450980
v 99.09999847 9.87500000 27.91746902 0.65882353 0.67843137 0.67450980
v 97.90000153 10.17647648 27.79259300 0.65882353 0.67843137 0.67450980
v 99.09999847 10.17647648 27.79259300 0.65882353 0.67843137 0.67450980
f 3952 3951 3955
f 3952 3955 3953
f 3953 3955 3956
f 3953 3956 3954
f 3955 3951 3957
f 3955 3957 3956
f 3956 3957 3958
f 3956 3958 3954
f 3957 3951 3959
f 3957 3959 3958
f 3958 3959 3960
f 3958 3960 3954
f 3959 3951 3961
f 3959 3961 3960
f 3960 3961 3962
f 3960 3962 3954
f 3961 3951 3963
f 3961 3963 3962
f 3962 3963 3964
f 3962 3964 3954
f 3963 3951 3965
f 3963 3965 3964
f 3964 3965 3966
f 3964 3966 3954
f 3965 3951 3967
f 3965 3967 3966
f 3966 3967 3968
f 3966 3968 3954
f 3967 3951 3969
f 3967 3969 3968
f 3968 3969 3970
f 3968 3970 3954
f 3969 3951 3971
f 3969 3971 3970
f 3970 3971 3972
f 3970 3972 3954
f 3971 3951 3973
f 3971 3973 3972
f 3972 3973 3974
f 3972 3974 3954
f 3973 3951 3975
f 3973 3975 3974
f 3974 3975 3976
f 3974 3976 3954
f 3975 3951 3977
f 3975 3977 3976
f 3976 3977 3978
f 3976 3978 3954
f 3977 3951 3979
f 3977 3979 3978
f 3978 3979 3980
f 3978 3980 3954
f 3979 3951 3981
f 3979 3981 3980
f 3980 3981 3982
f 3980 3982 3954
f 3981 3951 3983
f 3981 3983 3982
f 3982 3983 3984
f 3982 3984 3954
f 3983 3951 3985
f 3983 3985 3984
f 3984 3985 3986
f 3984 3986 3954
f 3985 3951 3987
f 3985 3987 3986
f 3986 3987 3988
f 3986 3988 3954
f 3987 3951 3989
f 3987 3989 3988
f 3988 3989 3990
f 3988 3990 3954
f 3989 3951 3991
f 3989 3991 3990
f 3990 3991 3992
f 3990 3992 3954
f 3991 3951 3993
f 3991 3993 3992
f 3992 3993 3994
f 3992 3994 3954
f 3993 3951 3995
f 3993 3995 3994
f 3994 3995 3996
f 3994 3996 3954
f 3995 3951 3997
f 3995 3997 3996
f 3996 3997 3998
f 3996 3998 3954
f 3997 3951 3999
f 3997 3999 3998
f 3998 3999 4000
f 3998 4000 3954
f 3999 3951 3952
f 3999 3952 4000
f 4000 3952 3953
f 4000 3953 3954

o marker_lamp_1_-10.5
v 98.00000000 -10.50000000 25.50000000 0.90980392 0.68235294 0.10196078
v 98.00000000 -10.50000000 24.70000076 0.90980392 0.68235294 0.10196078
v 99.19999695 -10.50000000 24.70000076 0.90980392 0.68235294 0.10196078
v 99.19999695 -10.50000000 25.50000000 0.90980392 0.68235294 0.10196078
v 98.00000000 -10.29294491 24.72725868 0.90980392 0.68235294 0.10196078
v 99.19999695 -10.29294491 24.72725868 0.90980392 0.68235294 0.10196078
v 98.00000000 -10.10000038 24.80718040 0.90980392 0.68235294 0.10196078
v 99.19999695 -10.10000038 24.80718040 0.90980392 0.68235294 0.10196078
v 98.00000000 -9.93431473 24.93431473 0.90980392 0.68235294 0.10196078
v 99.19999695 -9.93431473 24.93431473 0.90980392 0.68235294 0.10196078
v 98.00000000 -9.80717945 25.10000038 0.90980392 0.68235294 0.10196078
v 99.19999695 -9.80717945 25.10000038 0.90980392 0.68235294 0.10196078
v 98.00000000 -9.72725964 25.29294395 0.90980392 0.68235294 0.10196078
v 99.19999695 -9.72725964 25.29294395 0.90980392 0.68235294 0.10196078
v 98.00000000 -9.69999981 25.50000000 0.90980392 0.68235294 0.10196078
v 99.19999695 -9.69999981 25.50000000 0.90980392 0.68235294 0.10196078
v 98.00000000 -9.72725964 25.70705605 0.90980392 0.68235294 0.10196078
v 99.19999695 -9.72725964 25.70705605 0.90980392 0.68235294 0.10196078
v 98.00000000 -9.80717945 25.89999962 0.90980392 0.68235294 0.10196078
v 99.19999695 -9.80717945 25.89999962 0.90980392 0.68235294 0.10196078
v 98.00000000 -9.93431473 26.06568527 0.90980392 0.68235294 0.10196078
v 99.19999695 -9.93431473 26.06568527 0.90980392 0.68235294 0.10196078
v 98.00000000 -10.10000038 26.19281960 0.90980392 0.68235294 0.10196078
v 99.19999695 -10.10000038 26.19281960 0.90980392 0.68235294 0.10196078
v 98.00000000 -10.29294491 26.27274132 0.90980392 0.68235294 0.10196078
v 99.19999695 -10.29294491 26.27274132 0.90980392 0.68235294 0.10196078
v 98.00000000 -10.50000000 26.29999924 0.90980392 0.68235294 0.10196078
v 99.19999695 -10.50000000 26.29999924 0.90980392 0.68235294 0.10196078
v 98.00000000 -10.70705509 26.27274132 0.90980392 0.68235294 0.10196078
v 99.19999695 -10.70705509 26.27274132 0.90980392 0.68235294 0.10196078
v 98.00000000 -10.89999962 26.19281960 0.90980392 0.68235294 0.10196078
v 99.19999695 -10.89999962 26.19281960 0.90980392 0.68235294 0.10196078
v 98.00000000 -11.06568527 26.06568527 0.90980392 0.68235294 0.10196078
v 99.19999695 -11.06568527 26.06568527 0.90980392 0.68235294 0.10196078
v 98.00000000 -11.19282055 25.89999962 0.90980392 0.68235294 0.10196078
v 99.19999695 -11.19282055 25.89999962 0.90980392 0.68235294 0.10196078
v 98.00000000 -11.27274036 25.70705605 0.90980392 0.68235294 0.10196078
v 99.19999695 -11.27274036 25.70705605 0.90980392 0.68235294 0.10196078
v 98.00000000 -11.30000019 25.50000000 0.90980392 0.68235294 0.10196078
v 99.19999695 -11.30000019 25.50000000 0.90980392 0.68235294 0.10196078
v 98.00000000 -11.27274036 25.29294395 0.90980392 0.68235294 0.10196078
v 99.19999695 -11.27274036 25.29294395 0.90980392 0.68235294 0.10196078
v 98.00000000 -11.19282055 25.10000038 0.90980392 0.68235294 0.10196078
v 99.19999695 -11.19282055 25.10000038 0.90980392 0.68235294 0.10196078
v 98.00000000 -11.06568527 24.93431473 0.90980392 0.68235294 0.10196078
v 99.19999695 -11.06568527 24.93431473 0.90980392 0.68235294 0.10196078
v 98.00000000 -10.89999962 24.80718040 0.90980392 0.68235294 0.10196078
v 99.19999695 -10.89999962 24.80718040 0.90980392 0.68235294 0.10196078
v 98.00000000 -10.70705509 24.72725868 0.90980392 0.68235294 0.10196078
v 99.19999695 -10.70705509 24.72725868 0.90980392 0.68235294 0.10196078
f 4002 4001 4005
f 4002 4005 4003
f 4003 4005 4006
f 4003 4006 4004
f 4005 4001 4007
f 4005 4007 4006
f 4006 4007 4008
f 4006 4008 4004
f 4007 4001 4009
f 4007 4009 4008
f 4008 4009 4010
f 4008 4010 4004
f 4009 4001 4011
f 4009 4011 4010
f 4010 4011 4012
f 4010 4012 4004
f 4011 4001 4013
f 4011 4013 4012
f 4012 4013 4014
f 4012 4014 4004
f 4013 4001 4015
f 4013 4015 4014
f 4014 4015 4016
f 4014 4016 4004
f 4015 4001 4017
f 4015 4017 4016
f 4016 4017 4018
f 4016 4018 4004
f 4017 4001 4019
f 4017 4019 4018
f 4018 4019 4020
f 4018 4020 4004
f 4019 4001 4021
f 4019 4021 4020
f 4020 4021 4022
f 4020 4022 4004
f 4021 4001 4023
f 4021 4023 4022
f 4022 4023 4024
f 4022 4024 4004
f 4023 4001 4025
f 4023 4025 4024
f 4024 4025 4026
f 4024 4026 4004
f 4025 4001 4027
f 4025 4027 4026
f 4026 4027 4028
f 4026 4028 4004
f 4027 4001 4029
f 4027 4029 4028
f 4028 4029 4030
f 4028 4030 4004
f 4029 4001 4031
f 4029 4031 4030
f 4030 4031 4032
f 4030 4032 4004
f 4031 4001 4033
f 4031 4033 4032
f 4032 4033 4034
f 4032 4034 4004
f 4033 4001 4035
f 4033 4035 4034
f 4034 4035 4036
f 4034 4036 4004
f 4035 4001 4037
f 4035 4037 4036
f 4036 4037 4038
f 4036 4038 4004
f 4037 4001 4039
f 4037 4039 4038
f 4038 4039 4040
f 4038 4040 4004
f 4039 4001 4041
f 4039 4041 4040
f 4040 4041 4042
f 4040 4042 4004
f 4041 4001 4043
f 4041 4043 4042
f 4042 4043 4044
f 4042 4044 4004
f 4043 4001 4045
f 4043 4045 4044
f 4044 4045 4046
f 4044 4046 4004
f 4045 4001 4047
f 4045 4047 4046
f 4046 4047 4048
f 4046 4048 4004
f 4047 4001 4049
f 4047 4049 4048
f 4048 4049 4050
f 4048 4050 4004
f 4049 4001 4002
f 4049 4002 4050
f 4050 4002 4003
f 4050 4003 4004

o headlamp_1_-10.5
v 97.90000153 -10.50000000 29.00000000 0.65882353 0.67843137 0.67450980
v 97.90000153 -10.50000000 27.75000000 0.65882353 0.67843137 0.67450980
v 99.09999847 -10.50000000 27.75000000 0.65882353 0.67843137 0.67450980
v 99.09999847 -10.50000000 29.00000000 0.65882353 0.67843137 0.67450980
v 97.90000153 -10.17647648 27.79259300 0.65882353 0.67843137 0.67450980
v 99.09999847 -10.17647648 27.79259300 0.65882353 0.67843137 0.67450980
v 97.90000153 -9.87500000 27.91746902 0.65882353 0.67843137 0.67450980
v 99.09999847 -9.87500000 27.91746902 0.65882353 0.67843137 0.67450980
v 97.90000153 -9.61611652 28.11611557 0.65882353 0.67843137 0.67450980
v 99.09999847 -9.61611652 28.11611557 0.65882353 0.67843137 0.67450980
v 97.90000153 -9.41746807 28.37500000 0.65882353 0.67843137 0.67450980
v 99.09999847 -9.41746807 28.37500000 0.65882353 0.67843137 0.67450980
v 97.90000153 -9.29259300 28.67647552 0.65882353 0.67843137 0.67450980
v 99.09999847 -9.29259300 28.67647552 0.65882353 0.67843137 0.67450980
v 97.90000153 -9.25000000 29.00000000 0.65882353 0.67843137 0.67450980
v 99.09999847 -9.25000000 29.00000000 0.65882353 0.67843137 0.67450980
v 97.90000153 -9.29259300 29.32352448 0.65882353 0.67843137 0.67450980
v 99.09999847 -9.29259300 29.32352448 0.65882353 0.67843137 0.67450980
v 97.90000153 -9.41746807 29.62500000 0.65882353 0.67843137 0.67450980
v 99.09999847 -9.41746807 29.62500000 0.65882353 0.67843137 0.67450980
v 97.90000153 -9.61611652 29.88388443 0.65882353 0.67843137 0.67450980
v 99.09999847 -9.61611652 29.88388443 0.65882353 0.67843137 0.67450980
v 97.90000153 -9.87500000 30.08253098 0.65882353 0.67843137 0.67450980
v 99.09999847 -9.87500000 30.08253098 0.65882353 0.67843137 0.67450980
v 97.90000153 -10.17647648 30.20740700 0.65882353 0.67843137 0.67450980
v 99.09999847 -10.17647648 30.20740700 0.65882353 0.67843137 0.67450980
v 97.90000153 -10.50000000 30.25000000 0.65882353 0.67843137 0.67450980
v 99.09999847 -10.50000000 30.25000000 0.65882353 0.67843137 0.67450980
v 97.90000153 -10.82352352 30.20740700 0.65882353 0.67843137 0.67450980
v 99.09999847 -10.82352352 30.20740700 0.65882353 0.67843137 0.67450980
v 97.90000153 -11.12500000 30.08253098 0.65882353 0.67843137 0.67450980
v 99.09999847 -11.12500000 30.08253098 0.65882353 0.67843137 0.67450980
v 97.90000153 -11.38388348 29.88388443 0.65882353 0.67843137 0.67450980
v 99.09999847 -11.38388348 29.88388443 0.65882353 0.67843137 0.67450980
v 97.90000153 -11.58253193 29.62500000 0.65882353 0.67843137 0.67450980
v 99.09999847 -11.58253193 29.62500000 0.65882353 0.67843137 0.67450980
v 97.90000153 -11.70740700 29.32352448 0.65882353 0.67843137 0.67450980
v 99.09999847 -11.70740700 29.32352448 0.65882353 0.67843137 0.67450980
v 97.90000153 -11.75000000 29.00000000 0.65882353 0.67843137 0.67450980
v 99.09999847 -11.75000000 29.00000000 0.65882353 0.67843137 0.67450980
v 97.90000153 -11.70740700 28.67647552 0.65882353 0.67843137 0.67450980
v 99.09999847 -11.70740700 28.67647552 0.65882353 0.67843137 0.67450980
v 97.90000153 -11.58253193 28.37500000 0.65882353 0.67843137 0.67450980
v 99.09999847 -11.58253193 28.37500000 0.65882353 0.67843137 0.67450980
v 97.90000153 -11.38388348 28.11611557 0.65882353 0.67843137 0.67450980
v 99.09999847 -11.38388348 28.11611557 0.65882353 0.67843137 0.67450980
v 97.90000153 -11.12500000 27.91746902 0.65882353 0.67843137 0.67450980
v 99.09999847 -11.12500000 27.91746902 0.65882353 0.67843137 0.67450980
v 97.90000153 -10.82352352 27.79259300 0.65882353 0.67843137 0.67450980
v 99.09999847 -10.82352352 27.79259300 0.65882353 0.67843137 0.67450980
f 4052 4051 4055
f 4052 4055 4053
f 4053 4055 4056
f 4053 4056 4054
f 4055 4051 4057
f 4055 4057 4056
f 4056 4057 4058
f 4056 4058 4054
f 4057 4051 4059
f 4057 4059 4058
f 4058 4059 4060
f 4058 4060 4054
f 4059 4051 4061
f 4059 4061 4060
f 4060 4061 4062
f 4060 4062 4054
f 4061 4051 4063
f 4061 4063 4062
f 4062 4063 4064
f 4062 4064 4054
f 4063 4051 4065
f 4063 4065 4064
f 4064 4065 4066
f 4064 4066 4054
f 4065 4051 4067
f 4065 4067 4066
f 4066 4067 4068
f 4066 4068 4054
f 4067 4051 4069
f 4067 4069 4068
f 4068 4069 4070
f 4068 4070 4054
f 4069 4051 4071
f 4069 4071 4070
f 4070 4071 4072
f 4070 4072 4054
f 4071 4051 4073
f 4071 4073 4072
f 4072 4073 4074
f 4072 4074 4054
f 4073 4051 4075
f 4073 4075 4074
f 4074 4075 4076
f 4074 4076 4054
f 4075 4051 4077
f 4075 4077 4076
f 4076 4077 4078
f 4076 4078 4054
f 4077 4051 4079
f 4077 4079 4078
f 4078 4079 4080
f 4078 4080 4054
f 4079 4051 4081
f 4079 4081 4080
f 4080 4081 4082
f 4080 4082 4054
f 4081 4051 4083
f 4081 4083 4082
f 4082 4083 4084
f 4082 4084 4054
f 4083 4051 4085
f 4083 4085 4084
f 4084 4085 4086
f 4084 4086 4054
f 4085 4051 4087
f 4085 4087 4086
f 4086 4087 4088
f 4086 4088 4054
f 4087 4051 4089
f 4087 4089 4088
f 4088 4089 4090
f 4088 4090 4054
f 4089 4051 4091
f 4089 4091 4090
f 4090 4091 4092
f 4090 4092 4054
f 4091 4051 4093
f 4091 4093 4092
f 4092 4093 4094
f 4092 4094 4054
f 4093 4051 4095
f 4093 4095 4094
f 4094 4095 4096
f 4094 4096 4054
f 4095 4051 4097
f 4095 4097 4096
f 4096 4097 4098
f 4096 4098 4054
f 4097 4051 4099
f 4097 4099 4098
f 4098 4099 4100
f 4098 4100 4054
f 4099 4051 4052
f 4099 4052 4100
f 4100 4052 4053
f 4100 4053 4054

o buffer_beam_1
v 98.00000000 -14.00000000 13.00000000 0.18823529 0.20784314 0.21960784
v 98.00000000 -14.00000000 17.00000000 0.18823529 0.20784314 0.21960784
v 98.00000000 14.00000000 13.00000000 0.18823529 0.20784314 0.21960784
v 98.00000000 14.00000000 17.00000000 0.18823529 0.20784314 0.21960784
v 101.00000000 -14.00000000 13.00000000 0.18823529 0.20784314 0.21960784
v 101.00000000 -14.00000000 17.00000000 0.18823529 0.20784314 0.21960784
v 101.00000000 14.00000000 13.00000000 0.18823529 0.20784314 0.21960784
v 101.00000000 14.00000000 17.00000000 0.18823529 0.20784314 0.21960784
f 4102 4104 4101
f 4105 4102 4101
f 4101 4104 4103
f 4103 4105 4101
f 4102 4108 4104
f 4106 4102 4105
f 4106 4108 4102
f 4104 4108 4103
f 4107 4105 4103
f 4103 4108 4107
f 4107 4106 4105
f 4108 4106 4107

o front_red_band_1
v 97.00000000 -13.50000000 21.00000000 0.54509804 0.07058824 0.13725490
v 97.00000000 -13.50000000 25.00000000 0.54509804 0.07058824 0.13725490
v 97.00000000 13.50000000 21.00000000 0.54509804 0.07058824 0.13725490
v 97.00000000 13.50000000 25.00000000 0.54509804 0.07058824 0.13725490
v 99.00000000 -13.50000000 21.00000000 0.54509804 0.07058824 0.13725490
v 99.00000000 -13.50000000 25.00000000 0.54509804 0.07058824 0.13725490
v 99.00000000 13.50000000 21.00000000 0.54509804 0.07058824 0.13725490
v 99.00000000 13.50000000 25.00000000 0.54509804 0.07058824 0.13725490
f 4110 4112 4109
f 4113 4110 4109
f 4109 4112 4111
f 4111 4113 4109
f 4110 4116 4112
f 4114 4110 4113
f 4114 4116 4110
f 4112 4116 4111
f 4115 4113 4111
f 4111 4116 4115
f 4115 4114 4113
f 4116 4114 4115

o windscreen_divider_1
v 95.44999695 -0.50000000 35.75000000 0.65882353 0.67843137 0.67450980
v 95.44999695 -0.50000000 42.25000000 0.65882353 0.67843137 0.67450980
v 95.44999695 0.50000000 35.75000000 0.65882353 0.67843137 0.67450980
v 95.44999695 0.50000000 42.25000000 0.65882353 0.67843137 0.67450980
v 96.75000000 -0.50000000 35.75000000 0.65882353 0.67843137 0.67450980
v 96.75000000 -0.50000000 42.25000000 0.65882353 0.67843137 0.67450980
v 96.75000000 0.50000000 35.75000000 0.65882353 0.67843137 0.67450980
v 96.75000000 0.50000000 42.25000000 0.65882353 0.67843137 0.67450980
f 4118 4120 4117
f 4121 4118 4117
f 4117 4120 4119
f 4119 4121 4117
f 4118 4124 4120
f 4122 4118 4121
f 4122 4124 4118
f 4120 4124 4119
f 4123 4121 4119
f 4119 4124 4123
f 4123 4122 4121
f 4124 4122 4123

o windscreen_right_1
v 95.94999695 0.80000001 36.00000000 0.08627451 0.14509804 0.16862745
v 95.94999695 0.80000001 42.00000000 0.08627451 0.14509804 0.16862745
v 95.94999695 10.80000019 36.00000000 0.08627451 0.14509804 0.16862745
v 95.94999695 10.80000019 42.00000000 0.08627451 0.14509804 0.16862745
v 97.05000305 0.80000001 36.00000000 0.08627451 0.14509804 0.16862745
v 97.05000305 0.80000001 42.00000000 0.08627451 0.14509804 0.16862745
v 97.05000305 10.80000019 36.00000000 0.08627451 0.14509804 0.16862745
v 97.05000305 10.80000019 42.00000000 0.08627451 0.14509804 0.16862745
f 4126 4128 4125
f 4129 4126 4125
f 4125 4128 4127
f 4127 4129 4125
f 4126 4132 4128
f 4130 4126 4129
f 4130 4132 4126
f 4128 4132 4127
f 4131 4129 4127
f 4127 4132 4131
f 4131 4130 4129
f 4132 4130 4131

o windscreen_left_1
v 95.94999695 -10.80000019 36.00000000 0.08627451 0.14509804 0.16862745
v 95.94999695 -10.80000019 42.00000000 0.08627451 0.14509804 0.16862745
v 95.94999695 -0.80000001 36.00000000 0.08627451 0.14509804 0.16862745
v 95.94999695 -0.80000001 42.00000000 0.08627451 0.14509804 0.16862745
v 97.05000305 -10.80000019 36.00000000 0.08627451 0.14509804 0.16862745
v 97.05000305 -10.80000019 42.00000000 0.08627451 0.14509804 0.16862745
v 97.05000305 -0.80000001 36.00000000 0.08627451 0.14509804 0.16862745
v 97.05000305 -0.80000001 42.00000000 0.08627451 0.14509804 0.16862745
f 4134 4136 4133
f 4137 4134 4133
f 4133 4136 4135
f 4135 4137 4133
f 4134 4140 4136
f 4138 4134 4137
f 4138 4140 4134
f 4136 4140 4135
f 4139 4137 4135
f 4135 4140 4139
f 4139 4138 4137
f 4140 4138 4139

o front_fascia_1
v 96.44999695 -13.50000000 24.00000000 0.18823529 0.20784314 0.21960784
v 96.44999695 -13.50000000 34.00000000 0.18823529 0.20784314 0.21960784
v 96.44999695 13.50000000 24.00000000 0.18823529 0.20784314 0.21960784
v 96.44999695 13.50000000 34.00000000 0.18823529 0.20784314 0.21960784
v 98.15000153 -13.50000000 24.00000000 0.18823529 0.20784314 0.21960784
v 98.15000153 -13.50000000 34.00000000 0.18823529 0.20784314 0.21960784
v 98.15000153 13.50000000 24.00000000 0.18823529 0.20784314 0.21960784
v 98.15000153 13.50000000 34.00000000 0.18823529 0.20784314 0.21960784
f 4142 4144 4141
f 4145 4142 4141
f 4141 4144 4143
f 4143 4145 4141
f 4142 4148 4144
f 4146 4142 4145
f 4146 4148 4142
f 4144 4148 4143
f 4147 4145 4143
f 4143 4148 4147
f 4147 4146 4145
f 4148 4146 4147

o cab_upper_nose_1
v 73.00000000 -14.00000000 35.00000000 0.64313725 0.09411765 0.15294118
v 73.00000000 -14.00000000 43.00000000 0.64313725 0.09411765 0.15294118
v 73.00000000 14.00000000 35.00000000 0.64313725 0.09411765 0.15294118
v 73.00000000 14.00000000 43.00000000 0.64313725 0.09411765 0.15294118
v 95.00000000 -14.00000000 35.00000000 0.64313725 0.09411765 0.15294118
v 95.00000000 -14.00000000 43.00000000 0.64313725 0.09411765 0.15294118
v 95.00000000 14.00000000 35.00000000 0.64313725 0.09411765 0.15294118
v 95.00000000 14.00000000 43.00000000 0.64313725 0.09411765 0.15294118
f 4150 4152 4149
f 4153 4150 4149
f 4149 4152 4151
f 4151 4153 4149
f 4150 4156 4152
f 4154 4150 4153
f 4154 4156 4150
f 4152 4156 4151
f 4155 4153 4151
f 4151 4156 4155
f 4155 4154 4153
f 4156 4154 4155

o cab_lower_nose_1
v 69.00000000 -15.00000000 20.50000000 0.54509804 0.07058824 0.13725490
v 69.00000000 -15.00000000 35.50000000 0.54509804 0.07058824 0.13725490
v 69.00000000 15.00000000 20.50000000 0.54509804 0.07058824 0.13725490
v 69.00000000 15.00000000 35.50000000 0.54509804 0.07058824 0.13725490
v 97.00000000 -15.00000000 20.50000000 0.54509804 0.07058824 0.13725490
v 97.00000000 -15.00000000 35.50000000 0.54509804 0.07058824 0.13725490
v 97.00000000 15.00000000 20.50000000 0.54509804 0.07058824 0.13725490
v 97.00000000 15.00000000 35.50000000 0.54509804 0.07058824 0.13725490
f 4158 4160 4157
f 4161 4158 4157
f 4157 4160 4159
f 4159 4161 4157
f 4158 4164 4160
f 4162 4158 4161
f 4162 4164 4158
f 4160 4164 4159
f 4163 4161 4159
f 4159 4164 4163
f 4163 4162 4161
f 4164 4162 4163

o pilot_stripe_-1_8
v -101.59999847 7.00000000 14.50000000 0.90980392 0.68235294 0.10196078
v -101.59999847 7.00000000 17.50000000 0.90980392 0.68235294 0.10196078
v -101.59999847 9.00000000 14.50000000 0.90980392 0.68235294 0.10196078
v -101.59999847 9.00000000 17.50000000 0.90980392 0.68235294 0.10196078
v -100.80000305 7.00000000 14.50000000 0.90980392 0.68235294 0.10196078
v -100.80000305 7.00000000 17.50000000 0.90980392 0.68235294 0.10196078
v -100.80000305 9.00000000 14.50000000 0.90980392 0.68235294 0.10196078
v -100.80000305 9.00000000 17.50000000 0.90980392 0.68235294 0.10196078
f 4166 4168 4165
f 4169 4166 4165
f 4165 4168 4167
f 4167 4169 4165
f 4166 4172 4168
f 4170 4166 4169
f 4170 4172 4166
f 4168 4172 4167
f 4171 4169 4167
f 4167 4172 4171
f 4171 4170 4169
f 4172 4170 4171

o pilot_stripe_-1_4
v -101.59999847 3.00000000 14.50000000 0.90980392 0.68235294 0.10196078
v -101.59999847 3.00000000 17.50000000 0.90980392 0.68235294 0.10196078
v -101.59999847 5.00000000 14.50000000 0.90980392 0.68235294 0.10196078
v -101.59999847 5.00000000 17.50000000 0.90980392 0.68235294 0.10196078
v -100.80000305 3.00000000 14.50000000 0.90980392 0.68235294 0.10196078
v -100.80000305 3.00000000 17.50000000 0.90980392 0.68235294 0.10196078
v -100.80000305 5.00000000 14.50000000 0.90980392 0.68235294 0.10196078
v -100.80000305 5.00000000 17.50000000 0.90980392 0.68235294 0.10196078
f 4174 4176 4173
f 4177 4174 4173
f 4173 4176 4175
f 4175 4177 4173
f 4174 4180 4176
f 4178 4174 4177
f 4178 4180 4174
f 4176 4180 4175
f 4179 4177 4175
f 4175 4180 4179
f 4179 4178 4177
f 4180 4178 4179

o pilot_stripe_-1_0
v -101.59999847 -1.00000000 14.50000000 0.90980392 0.68235294 0.10196078
v -101.59999847 -1.00000000 17.50000000 0.90980392 0.68235294 0.10196078
v -101.59999847 1.00000000 14.50000000 0.90980392 0.68235294 0.10196078
v -101.59999847 1.00000000 17.50000000 0.90980392 0.68235294 0.10196078
v -100.80000305 -1.00000000 14.50000000 0.90980392 0.68235294 0.10196078
v -100.80000305 -1.00000000 17.50000000 0.90980392 0.68235294 0.10196078
v -100.80000305 1.00000000 14.50000000 0.90980392 0.68235294 0.10196078
v -100.80000305 1.00000000 17.50000000 0.90980392 0.68235294 0.10196078
f 4182 4184 4181
f 4185 4182 4181
f 4181 4184 4183
f 4183 4185 4181
f 4182 4188 4184
f 4186 4182 4185
f 4186 4188 4182
f 4184 4188 4183
f 4187 4185 4183
f 4183 4188 4187
f 4187 4186 4185
f 4188 4186 4187

o pilot_stripe_-1_-4
v -101.59999847 -5.00000000 14.50000000 0.90980392 0.68235294 0.10196078
v -101.59999847 -5.00000000 17.50000000 0.90980392 0.68235294 0.10196078
v -101.59999847 -3.00000000 14.50000000 0.90980392 0.68235294 0.10196078
v -101.59999847 -3.00000000 17.50000000 0.90980392 0.68235294 0.10196078
v -100.80000305 -5.00000000 14.50000000 0.90980392 0.68235294 0.10196078
v -100.80000305 -5.00000000 17.50000000 0.90980392 0.68235294 0.10196078
v -100.80000305 -3.00000000 14.50000000 0.90980392 0.68235294 0.10196078
v -100.80000305 -3.00000000 17.50000000 0.90980392 0.68235294 0.10196078
f 4190 4192 4189
f 4193 4190 4189
f 4189 4192 4191
f 4191 4193 4189
f 4190 4196 4192
f 4194 4190 4193
f 4194 4196 4190
f 4192 4196 4191
f 4195 4193 4191
f 4191 4196 4195
f 4195 4194 4193
f 4196 4194 4195

o pilot_stripe_-1_-8
v -101.59999847 -9.00000000 14.50000000 0.90980392 0.68235294 0.10196078
v -101.59999847 -9.00000000 17.50000000 0.90980392 0.68235294 0.10196078
v -101.59999847 -7.00000000 14.50000000 0.90980392 0.68235294 0.10196078
v -101.59999847 -7.00000000 17.50000000 0.90980392 0.68235294 0.10196078
v -100.80000305 -9.00000000 14.50000000 0.90980392 0.68235294 0.10196078
v -100.80000305 -9.00000000 17.50000000 0.90980392 0.68235294 0.10196078
v -100.80000305 -7.00000000 14.50000000 0.90980392 0.68235294 0.10196078
v -100.80000305 -7.00000000 17.50000000 0.90980392 0.68235294 0.10196078
f 4198 4200 4197
f 4201 4198 4197
f 4197 4200 4199
f 4199 4201 4197
f 4198 4204 4200
f 4202 4198 4201
f 4202 4204 4198
f 4200 4204 4199
f 4203 4201 4199
f 4199 4204 4203
f 4203 4202 4201
f 4204 4202 4203

o coupler_-1
v -109.50000000 -1.50000000 10.00000000 0.36862745 0.39607843 0.40392157
v -109.50000000 -1.50000000 12.00000000 0.36862745 0.39607843 0.40392157
v -109.50000000 1.50000000 10.00000000 0.36862745 0.39607843 0.40392157
v -109.50000000 1.50000000 12.00000000 0.36862745 0.39607843 0.40392157
v -102.50000000 -1.50000000 10.00000000 0.36862745 0.39607843 0.40392157
v -102.50000000 -1.50000000 12.00000000 0.36862745 0.39607843 0.40392157
v -102.50000000 1.50000000 10.00000000 0.36862745 0.39607843 0.40392157
v -102.50000000 1.50000000 12.00000000 0.36862745 0.39607843 0.40392157
f 4206 4208 4205
f 4209 4206 4205
f 4205 4208 4207
f 4207 4209 4205
f 4206 4212 4208
f 4210 4206 4209
f 4210 4212 4206
f 4208 4212 4207
f 4211 4209 4207
f 4207 4212 4211
f 4211 4210 4209
f 4212 4210 4211

o coupler_mount_-1
v -105.50000000 -2.50000000 10.50000000 0.08627451 0.09411765 0.09803922
v -105.50000000 -2.50000000 13.50000000 0.08627451 0.09411765 0.09803922
v -105.50000000 2.50000000 10.50000000 0.08627451 0.09411765 0.09803922
v -105.50000000 2.50000000 13.50000000 0.08627451 0.09411765 0.09803922
v -100.50000000 -2.50000000 10.50000000 0.08627451 0.09411765 0.09803922
v -100.50000000 -2.50000000 13.50000000 0.08627451 0.09411765 0.09803922
v -100.50000000 2.50000000 10.50000000 0.08627451 0.09411765 0.09803922
v -100.50000000 2.50000000 13.50000000 0.08627451 0.09411765 0.09803922
f 4214 4216 4213
f 4217 4214 4213
f 4213 4216 4215
f 4215 4217 4213
f 4214 4220 4216
f 4218 4214 4217
f 4218 4220 4214
f 4216 4220 4215
f 4219 4217 4215
f 4215 4220 4219
f 4219 4218 4217
f 4220 4218 4219

o marker_lamp_-1_10.5
v -99.19999695 10.50000000 25.50000000 0.90980392 0.68235294 0.10196078
v -99.19999695 10.50000000 24.70000076 0.90980392 0.68235294 0.10196078
v -98.00000000 10.50000000 24.70000076 0.90980392 0.68235294 0.10196078
v -98.00000000 10.50000000 25.50000000 0.90980392 0.68235294 0.10196078
v -99.19999695 10.70705509 24.72725868 0.90980392 0.68235294 0.10196078
v -98.00000000 10.70705509 24.72725868 0.90980392 0.68235294 0.10196078
v -99.19999695 10.89999962 24.80718040 0.90980392 0.68235294 0.10196078
v -98.00000000 10.89999962 24.80718040 0.90980392 0.68235294 0.10196078
v -99.19999695 11.06568527 24.93431473 0.90980392 0.68235294 0.10196078
v -98.00000000 11.06568527 24.93431473 0.90980392 0.68235294 0.10196078
v -99.19999695 11.19282055 25.10000038 0.90980392 0.68235294 0.10196078
v -98.00000000 11.19282055 25.10000038 0.90980392 0.68235294 0.10196078
v -99.19999695 11.27274036 25.29294395 0.90980392 0.68235294 0.10196078
v -98.00000000 11.27274036 25.29294395 0.90980392 0.68235294 0.10196078
v -99.19999695 11.30000019 25.50000000 0.90980392 0.68235294 0.10196078
v -98.00000000 11.30000019 25.50000000 0.90980392 0.68235294 0.10196078
v -99.19999695 11.27274036 25.70705605 0.90980392 0.68235294 0.10196078
v -98.00000000 11.27274036 25.70705605 0.90980392 0.68235294 0.10196078
v -99.19999695 11.19282055 25.89999962 0.90980392 0.68235294 0.10196078
v -98.00000000 11.19282055 25.89999962 0.90980392 0.68235294 0.10196078
v -99.19999695 11.06568527 26.06568527 0.90980392 0.68235294 0.10196078
v -98.00000000 11.06568527 26.06568527 0.90980392 0.68235294 0.10196078
v -99.19999695 10.89999962 26.19281960 0.90980392 0.68235294 0.10196078
v -98.00000000 10.89999962 26.19281960 0.90980392 0.68235294 0.10196078
v -99.19999695 10.70705509 26.27274132 0.90980392 0.68235294 0.10196078
v -98.00000000 10.70705509 26.27274132 0.90980392 0.68235294 0.10196078
v -99.19999695 10.50000000 26.29999924 0.90980392 0.68235294 0.10196078
v -98.00000000 10.50000000 26.29999924 0.90980392 0.68235294 0.10196078
v -99.19999695 10.29294491 26.27274132 0.90980392 0.68235294 0.10196078
v -98.00000000 10.29294491 26.27274132 0.90980392 0.68235294 0.10196078
v -99.19999695 10.10000038 26.19281960 0.90980392 0.68235294 0.10196078
v -98.00000000 10.10000038 26.19281960 0.90980392 0.68235294 0.10196078
v -99.19999695 9.93431473 26.06568527 0.90980392 0.68235294 0.10196078
v -98.00000000 9.93431473 26.06568527 0.90980392 0.68235294 0.10196078
v -99.19999695 9.80717945 25.89999962 0.90980392 0.68235294 0.10196078
v -98.00000000 9.80717945 25.89999962 0.90980392 0.68235294 0.10196078
v -99.19999695 9.72725964 25.70705605 0.90980392 0.68235294 0.10196078
v -98.00000000 9.72725964 25.70705605 0.90980392 0.68235294 0.10196078
v -99.19999695 9.69999981 25.50000000 0.90980392 0.68235294 0.10196078
v -98.00000000 9.69999981 25.50000000 0.90980392 0.68235294 0.10196078
v -99.19999695 9.72725964 25.29294395 0.90980392 0.68235294 0.10196078
v -98.00000000 9.72725964 25.29294395 0.90980392 0.68235294 0.10196078
v -99.19999695 9.80717945 25.10000038 0.90980392 0.68235294 0.10196078
v -98.00000000 9.80717945 25.10000038 0.90980392 0.68235294 0.10196078
v -99.19999695 9.93431473 24.93431473 0.90980392 0.68235294 0.10196078
v -98.00000000 9.93431473 24.93431473 0.90980392 0.68235294 0.10196078
v -99.19999695 10.10000038 24.80718040 0.90980392 0.68235294 0.10196078
v -98.00000000 10.10000038 24.80718040 0.90980392 0.68235294 0.10196078
v -99.19999695 10.29294491 24.72725868 0.90980392 0.68235294 0.10196078
v -98.00000000 10.29294491 24.72725868 0.90980392 0.68235294 0.10196078
f 4222 4221 4225
f 4222 4225 4223
f 4223 4225 4226
f 4223 4226 4224
f 4225 4221 4227
f 4225 4227 4226
f 4226 4227 4228
f 4226 4228 4224
f 4227 4221 4229
f 4227 4229 4228
f 4228 4229 4230
f 4228 4230 4224
f 4229 4221 4231
f 4229 4231 4230
f 4230 4231 4232
f 4230 4232 4224
f 4231 4221 4233
f 4231 4233 4232
f 4232 4233 4234
f 4232 4234 4224
f 4233 4221 4235
f 4233 4235 4234
f 4234 4235 4236
f 4234 4236 4224
f 4235 4221 4237
f 4235 4237 4236
f 4236 4237 4238
f 4236 4238 4224
f 4237 4221 4239
f 4237 4239 4238
f 4238 4239 4240
f 4238 4240 4224
f 4239 4221 4241
f 4239 4241 4240
f 4240 4241 4242
f 4240 4242 4224
f 4241 4221 4243
f 4241 4243 4242
f 4242 4243 4244
f 4242 4244 4224
f 4243 4221 4245
f 4243 4245 4244
f 4244 4245 4246
f 4244 4246 4224
f 4245 4221 4247
f 4245 4247 4246
f 4246 4247 4248
f 4246 4248 4224
f 4247 4221 4249
f 4247 4249 4248
f 4248 4249 4250
f 4248 4250 4224
f 4249 4221 4251
f 4249 4251 4250
f 4250 4251 4252
f 4250 4252 4224
f 4251 4221 4253
f 4251 4253 4252
f 4252 4253 4254
f 4252 4254 4224
f 4253 4221 4255
f 4253 4255 4254
f 4254 4255 4256
f 4254 4256 4224
f 4255 4221 4257
f 4255 4257 4256
f 4256 4257 4258
f 4256 4258 4224
f 4257 4221 4259
f 4257 4259 4258
f 4258 4259 4260
f 4258 4260 4224
f 4259 4221 4261
f 4259 4261 4260
f 4260 4261 4262
f 4260 4262 4224
f 4261 4221 4263
f 4261 4263 4262
f 4262 4263 4264
f 4262 4264 4224
f 4263 4221 4265
f 4263 4265 4264
f 4264 4265 4266
f 4264 4266 4224
f 4265 4221 4267
f 4265 4267 4266
f 4266 4267 4268
f 4266 4268 4224
f 4267 4221 4269
f 4267 4269 4268
f 4268 4269 4270
f 4268 4270 4224
f 4269 4221 4222
f 4269 4222 4270
f 4270 4222 4223
f 4270 4223 4224

o headlamp_-1_10.5
v -99.09999847 10.50000000 29.00000000 0.65882353 0.67843137 0.67450980
v -99.09999847 10.50000000 27.75000000 0.65882353 0.67843137 0.67450980
v -97.90000153 10.50000000 27.75000000 0.65882353 0.67843137 0.67450980
v -97.90000153 10.50000000 29.00000000 0.65882353 0.67843137 0.67450980
v -99.09999847 10.82352352 27.79259300 0.65882353 0.67843137 0.67450980
v -97.90000153 10.82352352 27.79259300 0.65882353 0.67843137 0.67450980
v -99.09999847 11.12500000 27.91746902 0.65882353 0.67843137 0.67450980
v -97.90000153 11.12500000 27.91746902 0.65882353 0.67843137 0.67450980
v -99.09999847 11.38388348 28.11611557 0.65882353 0.67843137 0.67450980
v -97.90000153 11.38388348 28.11611557 0.65882353 0.67843137 0.67450980
v -99.09999847 11.58253193 28.37500000 0.65882353 0.67843137 0.67450980
v -97.90000153 11.58253193 28.37500000 0.65882353 0.67843137 0.67450980
v -99.09999847 11.70740700 28.67647552 0.65882353 0.67843137 0.67450980
v -97.90000153 11.70740700 28.67647552 0.65882353 0.67843137 0.67450980
v -99.09999847 11.75000000 29.00000000 0.65882353 0.67843137 0.67450980
v -97.90000153 11.75000000 29.00000000 0.65882353 0.67843137 0.67450980
v -99.09999847 11.70740700 29.32352448 0.65882353 0.67843137 0.67450980
v -97.90000153 11.70740700 29.32352448 0.65882353 0.67843137 0.67450980
v -99.09999847 11.58253193 29.62500000 0.65882353 0.67843137 0.67450980
v -97.90000153 11.58253193 29.62500000 0.65882353 0.67843137 0.67450980
v -99.09999847 11.38388348 29.88388443 0.65882353 0.67843137 0.67450980
v -97.90000153 11.38388348 29.88388443 0.65882353 0.67843137 0.67450980
v -99.09999847 11.12500000 30.08253098 0.65882353 0.67843137 0.67450980
v -97.90000153 11.12500000 30.08253098 0.65882353 0.67843137 0.67450980
v -99.09999847 10.82352352 30.20740700 0.65882353 0.67843137 0.67450980
v -97.90000153 10.82352352 30.20740700 0.65882353 0.67843137 0.67450980
v -99.09999847 10.50000000 30.25000000 0.65882353 0.67843137 0.67450980
v -97.90000153 10.50000000 30.25000000 0.65882353 0.67843137 0.67450980
v -99.09999847 10.17647648 30.20740700 0.65882353 0.67843137 0.67450980
v -97.90000153 10.17647648 30.20740700 0.65882353 0.67843137 0.67450980
v -99.09999847 9.87500000 30.08253098 0.65882353 0.67843137 0.67450980
v -97.90000153 9.87500000 30.08253098 0.65882353 0.67843137 0.67450980
v -99.09999847 9.61611652 29.88388443 0.65882353 0.67843137 0.67450980
v -97.90000153 9.61611652 29.88388443 0.65882353 0.67843137 0.67450980
v -99.09999847 9.41746807 29.62500000 0.65882353 0.67843137 0.67450980
v -97.90000153 9.41746807 29.62500000 0.65882353 0.67843137 0.67450980
v -99.09999847 9.29259300 29.32352448 0.65882353 0.67843137 0.67450980
v -97.90000153 9.29259300 29.32352448 0.65882353 0.67843137 0.67450980
v -99.09999847 9.25000000 29.00000000 0.65882353 0.67843137 0.67450980
v -97.90000153 9.25000000 29.00000000 0.65882353 0.67843137 0.67450980
v -99.09999847 9.29259300 28.67647552 0.65882353 0.67843137 0.67450980
v -97.90000153 9.29259300 28.67647552 0.65882353 0.67843137 0.67450980
v -99.09999847 9.41746807 28.37500000 0.65882353 0.67843137 0.67450980
v -97.90000153 9.41746807 28.37500000 0.65882353 0.67843137 0.67450980
v -99.09999847 9.61611652 28.11611557 0.65882353 0.67843137 0.67450980
v -97.90000153 9.61611652 28.11611557 0.65882353 0.67843137 0.67450980
v -99.09999847 9.87500000 27.91746902 0.65882353 0.67843137 0.67450980
v -97.90000153 9.87500000 27.91746902 0.65882353 0.67843137 0.67450980
v -99.09999847 10.17647648 27.79259300 0.65882353 0.67843137 0.67450980
v -97.90000153 10.17647648 27.79259300 0.65882353 0.67843137 0.67450980
f 4272 4271 4275
f 4272 4275 4273
f 4273 4275 4276
f 4273 4276 4274
f 4275 4271 4277
f 4275 4277 4276
f 4276 4277 4278
f 4276 4278 4274
f 4277 4271 4279
f 4277 4279 4278
f 4278 4279 4280
f 4278 4280 4274
f 4279 4271 4281
f 4279 4281 4280
f 4280 4281 4282
f 4280 4282 4274
f 4281 4271 4283
f 4281 4283 4282
f 4282 4283 4284
f 4282 4284 4274
f 4283 4271 4285
f 4283 4285 4284
f 4284 4285 4286
f 4284 4286 4274
f 4285 4271 4287
f 4285 4287 4286
f 4286 4287 4288
f 4286 4288 4274
f 4287 4271 4289
f 4287 4289 4288
f 4288 4289 4290
f 4288 4290 4274
f 4289 4271 4291
f 4289 4291 4290
f 4290 4291 4292
f 4290 4292 4274
f 4291 4271 4293
f 4291 4293 4292
f 4292 4293 4294
f 4292 4294 4274
f 4293 4271 4295
f 4293 4295 4294
f 4294 4295 4296
f 4294 4296 4274
f 4295 4271 4297
f 4295 4297 4296
f 4296 4297 4298
f 4296 4298 4274
f 4297 4271 4299
f 4297 4299 4298
f 4298 4299 4300
f 4298 4300 4274
f 4299 4271 4301
f 4299 4301 4300
f 4300 4301 4302
f 4300 4302 4274
f 4301 4271 4303
f 4301 4303 4302
f 4302 4303 4304
f 4302 4304 4274
f 4303 4271 4305
f 4303 4305 4304
f 4304 4305 4306
f 4304 4306 4274
f 4305 4271 4307
f 4305 4307 4306
f 4306 4307 4308
f 4306 4308 4274
f 4307 4271 4309
f 4307 4309 4308
f 4308 4309 4310
f 4308 4310 4274
f 4309 4271 4311
f 4309 4311 4310
f 4310 4311 4312
f 4310 4312 4274
f 4311 4271 4313
f 4311 4313 4312
f 4312 4313 4314
f 4312 4314 4274
f 4313 4271 4315
f 4313 4315 4314
f 4314 4315 4316
f 4314 4316 4274
f 4315 4271 4317
f 4315 4317 4316
f 4316 4317 4318
f 4316 4318 4274
f 4317 4271 4319
f 4317 4319 4318
f 4318 4319 4320
f 4318 4320 4274
f 4319 4271 4272
f 4319 4272 4320
f 4320 4272 4273
f 4320 4273 4274

o marker_lamp_-1_-10.5
v -99.19999695 -10.50000000 25.50000000 0.90980392 0.68235294 0.10196078
v -99.19999695 -10.50000000 24.70000076 0.90980392 0.68235294 0.10196078
v -98.00000000 -10.50000000 24.70000076 0.90980392 0.68235294 0.10196078
v -98.00000000 -10.50000000 25.50000000 0.90980392 0.68235294 0.10196078
v -99.19999695 -10.29294491 24.72725868 0.90980392 0.68235294 0.10196078
v -98.00000000 -10.29294491 24.72725868 0.90980392 0.68235294 0.10196078
v -99.19999695 -10.10000038 24.80718040 0.90980392 0.68235294 0.10196078
v -98.00000000 -10.10000038 24.80718040 0.90980392 0.68235294 0.10196078
v -99.19999695 -9.93431473 24.93431473 0.90980392 0.68235294 0.10196078
v -98.00000000 -9.93431473 24.93431473 0.90980392 0.68235294 0.10196078
v -99.19999695 -9.80717945 25.10000038 0.90980392 0.68235294 0.10196078
v -98.00000000 -9.80717945 25.10000038 0.90980392 0.68235294 0.10196078
v -99.19999695 -9.72725964 25.29294395 0.90980392 0.68235294 0.10196078
v -98.00000000 -9.72725964 25.29294395 0.90980392 0.68235294 0.10196078
v -99.19999695 -9.69999981 25.50000000 0.90980392 0.68235294 0.10196078
v -98.00000000 -9.69999981 25.50000000 0.90980392 0.68235294 0.10196078
v -99.19999695 -9.72725964 25.70705605 0.90980392 0.68235294 0.10196078
v -98.00000000 -9.72725964 25.70705605 0.90980392 0.68235294 0.10196078
v -99.19999695 -9.80717945 25.89999962 0.90980392 0.68235294 0.10196078
v -98.00000000 -9.80717945 25.89999962 0.90980392 0.68235294 0.10196078
v -99.19999695 -9.93431473 26.06568527 0.90980392 0.68235294 0.10196078
v -98.00000000 -9.93431473 26.06568527 0.90980392 0.68235294 0.10196078
v -99.19999695 -10.10000038 26.19281960 0.90980392 0.68235294 0.10196078
v -98.00000000 -10.10000038 26.19281960 0.90980392 0.68235294 0.10196078
v -99.19999695 -10.29294491 26.27274132 0.90980392 0.68235294 0.10196078
v -98.00000000 -10.29294491 26.27274132 0.90980392 0.68235294 0.10196078
v -99.19999695 -10.50000000 26.29999924 0.90980392 0.68235294 0.10196078
v -98.00000000 -10.50000000 26.29999924 0.90980392 0.68235294 0.10196078
v -99.19999695 -10.70705509 26.27274132 0.90980392 0.68235294 0.10196078
v -98.00000000 -10.70705509 26.27274132 0.90980392 0.68235294 0.10196078
v -99.19999695 -10.89999962 26.19281960 0.90980392 0.68235294 0.10196078
v -98.00000000 -10.89999962 26.19281960 0.90980392 0.68235294 0.10196078
v -99.19999695 -11.06568527 26.06568527 0.90980392 0.68235294 0.10196078
v -98.00000000 -11.06568527 26.06568527 0.90980392 0.68235294 0.10196078
v -99.19999695 -11.19282055 25.89999962 0.90980392 0.68235294 0.10196078
v -98.00000000 -11.19282055 25.89999962 0.90980392 0.68235294 0.10196078
v -99.19999695 -11.27274036 25.70705605 0.90980392 0.68235294 0.10196078
v -98.00000000 -11.27274036 25.70705605 0.90980392 0.68235294 0.10196078
v -99.19999695 -11.30000019 25.50000000 0.90980392 0.68235294 0.10196078
v -98.00000000 -11.30000019 25.50000000 0.90980392 0.68235294 0.10196078
v -99.19999695 -11.27274036 25.29294395 0.90980392 0.68235294 0.10196078
v -98.00000000 -11.27274036 25.29294395 0.90980392 0.68235294 0.10196078
v -99.19999695 -11.19282055 25.10000038 0.90980392 0.68235294 0.10196078
v -98.00000000 -11.19282055 25.10000038 0.90980392 0.68235294 0.10196078
v -99.19999695 -11.06568527 24.93431473 0.90980392 0.68235294 0.10196078
v -98.00000000 -11.06568527 24.93431473 0.90980392 0.68235294 0.10196078
v -99.19999695 -10.89999962 24.80718040 0.90980392 0.68235294 0.10196078
v -98.00000000 -10.89999962 24.80718040 0.90980392 0.68235294 0.10196078
v -99.19999695 -10.70705509 24.72725868 0.90980392 0.68235294 0.10196078
v -98.00000000 -10.70705509 24.72725868 0.90980392 0.68235294 0.10196078
f 4322 4321 4325
f 4322 4325 4323
f 4323 4325 4326
f 4323 4326 4324
f 4325 4321 4327
f 4325 4327 4326
f 4326 4327 4328
f 4326 4328 4324
f 4327 4321 4329
f 4327 4329 4328
f 4328 4329 4330
f 4328 4330 4324
f 4329 4321 4331
f 4329 4331 4330
f 4330 4331 4332
f 4330 4332 4324
f 4331 4321 4333
f 4331 4333 4332
f 4332 4333 4334
f 4332 4334 4324
f 4333 4321 4335
f 4333 4335 4334
f 4334 4335 4336
f 4334 4336 4324
f 4335 4321 4337
f 4335 4337 4336
f 4336 4337 4338
f 4336 4338 4324
f 4337 4321 4339
f 4337 4339 4338
f 4338 4339 4340
f 4338 4340 4324
f 4339 4321 4341
f 4339 4341 4340
f 4340 4341 4342
f 4340 4342 4324
f 4341 4321 4343
f 4341 4343 4342
f 4342 4343 4344
f 4342 4344 4324
f 4343 4321 4345
f 4343 4345 4344
f 4344 4345 4346
f 4344 4346 4324
f 4345 4321 4347
f 4345 4347 4346
f 4346 4347 4348
f 4346 4348 4324
f 4347 4321 4349
f 4347 4349 4348
f 4348 4349 4350
f 4348 4350 4324
f 4349 4321 4351
f 4349 4351 4350
f 4350 4351 4352
f 4350 4352 4324
f 4351 4321 4353
f 4351 4353 4352
f 4352 4353 4354
f 4352 4354 4324
f 4353 4321 4355
f 4353 4355 4354
f 4354 4355 4356
f 4354 4356 4324
f 4355 4321 4357
f 4355 4357 4356
f 4356 4357 4358
f 4356 4358 4324
f 4357 4321 4359
f 4357 4359 4358
f 4358 4359 4360
f 4358 4360 4324
f 4359 4321 4361
f 4359 4361 4360
f 4360 4361 4362
f 4360 4362 4324
f 4361 4321 4363
f 4361 4363 4362
f 4362 4363 4364
f 4362 4364 4324
f 4363 4321 4365
f 4363 4365 4364
f 4364 4365 4366
f 4364 4366 4324
f 4365 4321 4367
f 4365 4367 4366
f 4366 4367 4368
f 4366 4368 4324
f 4367 4321 4369
f 4367 4369 4368
f 4368 4369 4370
f 4368 4370 4324
f 4369 4321 4322
f 4369 4322 4370
f 4370 4322 4323
f 4370 4323 4324

o headlamp_-1_-10.5
v -99.09999847 -10.50000000 29.00000000 0.65882353 0.67843137 0.67450980
v -99.09999847 -10.50000000 27.75000000 0.65882353 0.67843137 0.67450980
v -97.90000153 -10.50000000 27.75000000 0.65882353 0.67843137 0.67450980
v -97.90000153 -10.50000000 29.00000000 0.65882353 0.67843137 0.67450980
v -99.09999847 -10.17647648 27.79259300 0.65882353 0.67843137 0.67450980
v -97.90000153 -10.17647648 27.79259300 0.65882353 0.67843137 0.67450980
v -99.09999847 -9.87500000 27.91746902 0.65882353 0.67843137 0.67450980
v -97.90000153 -9.87500000 27.91746902 0.65882353 0.67843137 0.67450980
v -99.09999847 -9.61611652 28.11611557 0.65882353 0.67843137 0.67450980
v -97.90000153 -9.61611652 28.11611557 0.65882353 0.67843137 0.67450980
v -99.09999847 -9.41746807 28.37500000 0.65882353 0.67843137 0.67450980
v -97.90000153 -9.41746807 28.37500000 0.65882353 0.67843137 0.67450980
v -99.09999847 -9.29259300 28.67647552 0.65882353 0.67843137 0.67450980
v -97.90000153 -9.29259300 28.67647552 0.65882353 0.67843137 0.67450980
v -99.09999847 -9.25000000 29.00000000 0.65882353 0.67843137 0.67450980
v -97.90000153 -9.25000000 29.00000000 0.65882353 0.67843137 0.67450980
v -99.09999847 -9.29259300 29.32352448 0.65882353 0.67843137 0.67450980
v -97.90000153 -9.29259300 29.32352448 0.65882353 0.67843137 0.67450980
v -99.09999847 -9.41746807 29.62500000 0.65882353 0.67843137 0.67450980
v -97.90000153 -9.41746807 29.62500000 0.65882353 0.67843137 0.67450980
v -99.09999847 -9.61611652 29.88388443 0.65882353 0.67843137 0.67450980
v -97.90000153 -9.61611652 29.88388443 0.65882353 0.67843137 0.67450980
v -99.09999847 -9.87500000 30.08253098 0.65882353 0.67843137 0.67450980
v -97.90000153 -9.87500000 30.08253098 0.65882353 0.67843137 0.67450980
v -99.09999847 -10.17647648 30.20740700 0.65882353 0.67843137 0.67450980
v -97.90000153 -10.17647648 30.20740700 0.65882353 0.67843137 0.67450980
v -99.09999847 -10.50000000 30.25000000 0.65882353 0.67843137 0.67450980
v -97.90000153 -10.50000000 30.25000000 0.65882353 0.67843137 0.67450980
v -99.09999847 -10.82352352 30.20740700 0.65882353 0.67843137 0.67450980
v -97.90000153 -10.82352352 30.20740700 0.65882353 0.67843137 0.67450980
v -99.09999847 -11.12500000 30.08253098 0.65882353 0.67843137 0.67450980
v -97.90000153 -11.12500000 30.08253098 0.65882353 0.67843137 0.67450980
v -99.09999847 -11.38388348 29.88388443 0.65882353 0.67843137 0.67450980
v -97.90000153 -11.38388348 29.88388443 0.65882353 0.67843137 0.67450980
v -99.09999847 -11.58253193 29.62500000 0.65882353 0.67843137 0.67450980
v -97.90000153 -11.58253193 29.62500000 0.65882353 0.67843137 0.67450980
v -99.09999847 -11.70740700 29.32352448 0.65882353 0.67843137 0.67450980
v -97.90000153 -11.70740700 29.32352448 0.65882353 0.67843137 0.67450980
v -99.09999847 -11.75000000 29.00000000 0.65882353 0.67843137 0.67450980
v -97.90000153 -11.75000000 29.00000000 0.65882353 0.67843137 0.67450980
v -99.09999847 -11.70740700 28.67647552 0.65882353 0.67843137 0.67450980
v -97.90000153 -11.70740700 28.67647552 0.65882353 0.67843137 0.67450980
v -99.09999847 -11.58253193 28.37500000 0.65882353 0.67843137 0.67450980
v -97.90000153 -11.58253193 28.37500000 0.65882353 0.67843137 0.67450980
v -99.09999847 -11.38388348 28.11611557 0.65882353 0.67843137 0.67450980
v -97.90000153 -11.38388348 28.11611557 0.65882353 0.67843137 0.67450980
v -99.09999847 -11.12500000 27.91746902 0.65882353 0.67843137 0.67450980
v -97.90000153 -11.12500000 27.91746902 0.65882353 0.67843137 0.67450980
v -99.09999847 -10.82352352 27.79259300 0.65882353 0.67843137 0.67450980
v -97.90000153 -10.82352352 27.79259300 0.65882353 0.67843137 0.67450980
f 4372 4371 4375
f 4372 4375 4373
f 4373 4375 4376
f 4373 4376 4374
f 4375 4371 4377
f 4375 4377 4376
f 4376 4377 4378
f 4376 4378 4374
f 4377 4371 4379
f 4377 4379 4378
f 4378 4379 4380
f 4378 4380 4374
f 4379 4371 4381
f 4379 4381 4380
f 4380 4381 4382
f 4380 4382 4374
f 4381 4371 4383
f 4381 4383 4382
f 4382 4383 4384
f 4382 4384 4374
f 4383 4371 4385
f 4383 4385 4384
f 4384 4385 4386
f 4384 4386 4374
f 4385 4371 4387
f 4385 4387 4386
f 4386 4387 4388
f 4386 4388 4374
f 4387 4371 4389
f 4387 4389 4388
f 4388 4389 4390
f 4388 4390 4374
f 4389 4371 4391
f 4389 4391 4390
f 4390 4391 4392
f 4390 4392 4374
f 4391 4371 4393
f 4391 4393 4392
f 4392 4393 4394
f 4392 4394 4374
f 4393 4371 4395
f 4393 4395 4394
f 4394 4395 4396
f 4394 4396 4374
f 4395 4371 4397
f 4395 4397 4396
f 4396 4397 4398
f 4396 4398 4374
f 4397 4371 4399
f 4397 4399 4398
f 4398 4399 4400
f 4398 4400 4374
f 4399 4371 4401
f 4399 4401 4400
f 4400 4401 4402
f 4400 4402 4374
f 4401 4371 4403
f 4401 4403 4402
f 4402 4403 4404
f 4402 4404 4374
f 4403 4371 4405
f 4403 4405 4404
f 4404 4405 4406
f 4404 4406 4374
f 4405 4371 4407
f 4405 4407 4406
f 4406 4407 4408
f 4406 4408 4374
f 4407 4371 4409
f 4407 4409 4408
f 4408 4409 4410
f 4408 4410 4374
f 4409 4371 4411
f 4409 4411 4410
f 4410 4411 4412
f 4410 4412 4374
f 4411 4371 4413
f 4411 4413 4412
f 4412 4413 4414
f 4412 4414 4374
f 4413 4371 4415
f 4413 4415 4414
f 4414 4415 4416
f 4414 4416 4374
f 4415 4371 4417
f 4415 4417 4416
f 4416 4417 4418
f 4416 4418 4374
f 4417 4371 4419
f 4417 4419 4418
f 4418 4419 4420
f 4418 4420 4374
f 4419 4371 4372
f 4419 4372 4420
f 4420 4372 4373
f 4420 4373 4374

o buffer_beam_-1
v -101.00000000 -14.00000000 13.00000000 0.18823529 0.20784314 0.21960784
v -101.00000000 -14.00000000 17.00000000 0.18823529 0.20784314 0.21960784
v -101.00000000 14.00000000 13.00000000 0.18823529 0.20784314 0.21960784
v -101.00000000 14.00000000 17.00000000 0.18823529 0.20784314 0.21960784
v -98.00000000 -14.00000000 13.00000000 0.18823529 0.20784314 0.21960784
v -98.00000000 -14.00000000 17.00000000 0.18823529 0.20784314 0.21960784
v -98.00000000 14.00000000 13.00000000 0.18823529 0.20784314 0.21960784
v -98.00000000 14.00000000 17.00000000 0.18823529 0.20784314 0.21960784
f 4422 4424 4421
f 4425 4422 4421
f 4421 4424 4423
f 4423 4425 4421
f 4422 4428 4424
f 4426 4422 4425
f 4426 4428 4422
f 4424 4428 4423
f 4427 4425 4423
f 4423 4428 4427
f 4427 4426 4425
f 4428 4426 4427

o front_red_band_-1
v -99.00000000 -13.50000000 21.00000000 0.54509804 0.07058824 0.13725490
v -99.00000000 -13.50000000 25.00000000 0.54509804 0.07058824 0.13725490
v -99.00000000 13.50000000 21.00000000 0.54509804 0.07058824 0.13725490
v -99.00000000 13.50000000 25.00000000 0.54509804 0.07058824 0.13725490
v -97.00000000 -13.50000000 21.00000000 0.54509804 0.07058824 0.13725490
v -97.00000000 -13.50000000 25.00000000 0.54509804 0.07058824 0.13725490
v -97.00000000 13.50000000 21.00000000 0.54509804 0.07058824 0.13725490
v -97.00000000 13.50000000 25.00000000 0.54509804 0.07058824 0.13725490
f 4430 4432 4429
f 4433 4430 4429
f 4429 4432 4431
f 4431 4433 4429
f 4430 4436 4432
f 4434 4430 4433
f 4434 4436 4430
f 4432 4436 4431
f 4435 4433 4431
f 4431 4436 4435
f 4435 4434 4433
f 4436 4434 4435

o windscreen_divider_-1
v -96.75000000 -0.50000000 35.75000000 0.65882353 0.67843137 0.67450980
v -96.75000000 -0.50000000 42.25000000 0.65882353 0.67843137 0.67450980
v -96.75000000 0.50000000 35.75000000 0.65882353 0.67843137 0.67450980
v -96.75000000 0.50000000 42.25000000 0.65882353 0.67843137 0.67450980
v -95.44999695 -0.50000000 35.75000000 0.65882353 0.67843137 0.67450980
v -95.44999695 -0.50000000 42.25000000 0.65882353 0.67843137 0.67450980
v -95.44999695 0.50000000 35.75000000 0.65882353 0.67843137 0.67450980
v -95.44999695 0.50000000 42.25000000 0.65882353 0.67843137 0.67450980
f 4438 4440 4437
f 4441 4438 4437
f 4437 4440 4439
f 4439 4441 4437
f 4438 4444 4440
f 4442 4438 4441
f 4442 4444 4438
f 4440 4444 4439
f 4443 4441 4439
f 4439 4444 4443
f 4443 4442 4441
f 4444 4442 4443

o windscreen_right_-1
v -97.05000305 0.80000001 36.00000000 0.08627451 0.14509804 0.16862745
v -97.05000305 0.80000001 42.00000000 0.08627451 0.14509804 0.16862745
v -97.05000305 10.80000019 36.00000000 0.08627451 0.14509804 0.16862745
v -97.05000305 10.80000019 42.00000000 0.08627451 0.14509804 0.16862745
v -95.94999695 0.80000001 36.00000000 0.08627451 0.14509804 0.16862745
v -95.94999695 0.80000001 42.00000000 0.08627451 0.14509804 0.16862745
v -95.94999695 10.80000019 36.00000000 0.08627451 0.14509804 0.16862745
v -95.94999695 10.80000019 42.00000000 0.08627451 0.14509804 0.16862745
f 4446 4448 4445
f 4449 4446 4445
f 4445 4448 4447
f 4447 4449 4445
f 4446 4452 4448
f 4450 4446 4449
f 4450 4452 4446
f 4448 4452 4447
f 4451 4449 4447
f 4447 4452 4451
f 4451 4450 4449
f 4452 4450 4451

o windscreen_left_-1
v -97.05000305 -10.80000019 36.00000000 0.08627451 0.14509804 0.16862745
v -97.05000305 -10.80000019 42.00000000 0.08627451 0.14509804 0.16862745
v -97.05000305 -0.80000001 36.00000000 0.08627451 0.14509804 0.16862745
v -97.05000305 -0.80000001 42.00000000 0.08627451 0.14509804 0.16862745
v -95.94999695 -10.80000019 36.00000000 0.08627451 0.14509804 0.16862745
v -95.94999695 -10.80000019 42.00000000 0.08627451 0.14509804 0.16862745
v -95.94999695 -0.80000001 36.00000000 0.08627451 0.14509804 0.16862745
v -95.94999695 -0.80000001 42.00000000 0.08627451 0.14509804 0.16862745
f 4454 4456 4453
f 4457 4454 4453
f 4453 4456 4455
f 4455 4457 4453
f 4454 4460 4456
f 4458 4454 4457
f 4458 4460 4454
f 4456 4460 4455
f 4459 4457 4455
f 4455 4460 4459
f 4459 4458 4457
f 4460 4458 4459

o front_fascia_-1
v -98.15000153 -13.50000000 24.00000000 0.18823529 0.20784314 0.21960784
v -98.15000153 -13.50000000 34.00000000 0.18823529 0.20784314 0.21960784
v -98.15000153 13.50000000 24.00000000 0.18823529 0.20784314 0.21960784
v -98.15000153 13.50000000 34.00000000 0.18823529 0.20784314 0.21960784
v -96.44999695 -13.50000000 24.00000000 0.18823529 0.20784314 0.21960784
v -96.44999695 -13.50000000 34.00000000 0.18823529 0.20784314 0.21960784
v -96.44999695 13.50000000 24.00000000 0.18823529 0.20784314 0.21960784
v -96.44999695 13.50000000 34.00000000 0.18823529 0.20784314 0.21960784
f 4462 4464 4461
f 4465 4462 4461
f 4461 4464 4463
f 4463 4465 4461
f 4462 4468 4464
f 4466 4462 4465
f 4466 4468 4462
f 4464 4468 4463
f 4467 4465 4463
f 4463 4468 4467
f 4467 4466 4465
f 4468 4466 4467

o cab_upper_nose_-1
v -95.00000000 -14.00000000 35.00000000 0.64313725 0.09411765 0.15294118
v -95.00000000 -14.00000000 43.00000000 0.64313725 0.09411765 0.15294118
v -95.00000000 14.00000000 35.00000000 0.64313725 0.09411765 0.15294118
v -95.00000000 14.00000000 43.00000000 0.64313725 0.09411765 0.15294118
v -73.00000000 -14.00000000 35.00000000 0.64313725 0.09411765 0.15294118
v -73.00000000 -14.00000000 43.00000000 0.64313725 0.09411765 0.15294118
v -73.00000000 14.00000000 35.00000000 0.64313725 0.09411765 0.15294118
v -73.00000000 14.00000000 43.00000000 0.64313725 0.09411765 0.15294118
f 4470 4472 4469
f 4473 4470 4469
f 4469 4472 4471
f 4471 4473 4469
f 4470 4476 4472
f 4474 4470 4473
f 4474 4476 4470
f 4472 4476 4471
f 4475 4473 4471
f 4471 4476 4475
f 4475 4474 4473
f 4476 4474 4475

o cab_lower_nose_-1
v -97.00000000 -15.00000000 20.50000000 0.54509804 0.07058824 0.13725490
v -97.00000000 -15.00000000 35.50000000 0.54509804 0.07058824 0.13725490
v -97.00000000 15.00000000 20.50000000 0.54509804 0.07058824 0.13725490
v -97.00000000 15.00000000 35.50000000 0.54509804 0.07058824 0.13725490
v -69.00000000 -15.00000000 20.50000000 0.54509804 0.07058824 0.13725490
v -69.00000000 -15.00000000 35.50000000 0.54509804 0.07058824 0.13725490
v -69.00000000 15.00000000 20.50000000 0.54509804 0.07058824 0.13725490
v -69.00000000 15.00000000 35.50000000 0.54509804 0.07058824 0.13725490
f 4478 4480 4477
f 4481 4478 4477
f 4477 4480 4479
f 4479 4481 4477
f 4478 4484 4480
f 4482 4478 4481
f 4482 4484 4478
f 4480 4484 4479
f 4483 4481 4479
f 4479 4484 4483
f 4483 4482 4481
f 4484 4482 4483

o roof_red_crown
v -82.00000000 -14.00000000 43.00000000 0.64313725 0.09411765 0.15294118
v -82.00000000 -14.00000000 47.00000000 0.64313725 0.09411765 0.15294118
v -82.00000000 14.00000000 43.00000000 0.64313725 0.09411765 0.15294118
v -82.00000000 14.00000000 47.00000000 0.64313725 0.09411765 0.15294118
v 82.00000000 -14.00000000 43.00000000 0.64313725 0.09411765 0.15294118
v 82.00000000 -14.00000000 47.00000000 0.64313725 0.09411765 0.15294118
v 82.00000000 14.00000000 43.00000000 0.64313725 0.09411765 0.15294118
v 82.00000000 14.00000000 47.00000000 0.64313725 0.09411765 0.15294118
f 4486 4488 4485
f 4489 4486 4485
f 4485 4488 4487
f 4487 4489 4485
f 4486 4492 4488
f 4490 4486 4489
f 4490 4492 4486
f 4488 4492 4487
f 4491 4489 4487
f 4487 4492 4491
f 4491 4490 4489
f 4492 4490 4491

o main_red_body
v -87.00000000 -15.00000000 20.00000000 0.54509804 0.07058824 0.13725490
v -87.00000000 -15.00000000 43.00000000 0.54509804 0.07058824 0.13725490
v -87.00000000 15.00000000 20.00000000 0.54509804 0.07058824 0.13725490
v -87.00000000 15.00000000 43.00000000 0.54509804 0.07058824 0.13725490
v 87.00000000 -15.00000000 20.00000000 0.54509804 0.07058824 0.13725490
v 87.00000000 -15.00000000 43.00000000 0.54509804 0.07058824 0.13725490
v 87.00000000 15.00000000 20.00000000 0.54509804 0.07058824 0.13725490
v 87.00000000 15.00000000 43.00000000 0.54509804 0.07058824 0.13725490
f 4494 4496 4493
f 4497 4494 4493
f 4493 4496 4495
f 4495 4497 4493
f 4494 4500 4496
f 4498 4494 4497
f 4498 4500 4494
f 4496 4500 4495
f 4499 4497 4495
f 4495 4500 4499
f 4499 4498 4497
f 4500 4498 4499

o lower_side_skirt_right
v -87.00000000 14.44999981 13.00000000 0.36862745 0.39607843 0.40392157
v -87.00000000 14.44999981 24.00000000 0.36862745 0.39607843 0.40392157
v -87.00000000 15.94999981 13.00000000 0.36862745 0.39607843 0.40392157
v -87.00000000 15.94999981 24.00000000 0.36862745 0.39607843 0.40392157
v 87.00000000 14.44999981 13.00000000 0.36862745 0.39607843 0.40392157
v 87.00000000 14.44999981 24.00000000 0.36862745 0.39607843 0.40392157
v 87.00000000 15.94999981 13.00000000 0.36862745 0.39607843 0.40392157
v 87.00000000 15.94999981 24.00000000 0.36862745 0.39607843 0.40392157
f 4502 4504 4501
f 4505 4502 4501
f 4501 4504 4503
f 4503 4505 4501
f 4502 4508 4504
f 4506 4502 4505
f 4506 4508 4502
f 4504 4508 4503
f 4507 4505 4503
f 4503 4508 4507
f 4507 4506 4505
f 4508 4506 4507

o lower_side_skirt_left
v -87.00000000 -15.94999981 13.00000000 0.36862745 0.39607843 0.40392157
v -87.00000000 -15.94999981 24.00000000 0.36862745 0.39607843 0.40392157
v -87.00000000 -14.44999981 13.00000000 0.36862745 0.39607843 0.40392157
v -87.00000000 -14.44999981 24.00000000 0.36862745 0.39607843 0.40392157
v 87.00000000 -15.94999981 13.00000000 0.36862745 0.39607843 0.40392157
v 87.00000000 -15.94999981 24.00000000 0.36862745 0.39607843 0.40392157
v 87.00000000 -14.44999981 13.00000000 0.36862745 0.39607843 0.40392157
v 87.00000000 -14.44999981 24.00000000 0.36862745 0.39607843 0.40392157
f 4510 4512 4509
f 4513 4510 4509
f 4509 4512 4511
f 4511 4513 4509
f 4510 4516 4512
f 4514 4510 4513
f 4514 4516 4510
f 4512 4516 4511
f 4515 4513 4511
f 4511 4516 4515
f 4515 4514 4513
f 4516 4514 4515

o chassis
v -99.00000000 -14.50000000 9.00000000 0.18823529 0.20784314 0.21960784
v -99.00000000 -14.50000000 17.00000000 0.18823529 0.20784314 0.21960784
v -99.00000000 14.50000000 9.00000000 0.18823529 0.20784314 0.21960784
v -99.00000000 14.50000000 17.00000000 0.18823529 0.20784314 0.21960784
v 99.00000000 -14.50000000 9.00000000 0.18823529 0.20784314 0.21960784
v 99.00000000 -14.50000000 17.00000000 0.18823529 0.20784314 0.21960784
v 99.00000000 14.50000000 9.00000000 0.18823529 0.20784314 0.21960784
v 99.00000000 14.50000000 17.00000000 0.18823529 0.20784314 0.21960784
f 4518 4520 4517
f 4521 4518 4517
f 4517 4520 4519
f 4519 4521 4517
f 4518 4524 4520
f 4522 4518 4521
f 4522 4524 4518
f 4520 4524 4519
f 4523 4521 4519
f 4519 4524 4523
f 4523 4522 4521
f 4524 4522 4523

o underframe_equipment_-59_0
v -71.25000000 -4.00000000 5.90000000 0.10980392 0.11764706 0.12549020
v -71.25000000 -4.00000000 8.90000000 0.10980392 0.11764706 0.12549020
v -71.25000000 4.00000000 5.90000000 0.10980392 0.11764706 0.12549020
v -71.25000000 4.00000000 8.90000000 0.10980392 0.11764706 0.12549020
v -62.75000000 -4.00000000 5.90000000 0.10980392 0.11764706 0.12549020
v -62.75000000 -4.00000000 8.90000000 0.10980392 0.11764706 0.12549020
v -62.75000000 4.00000000 5.90000000 0.10980392 0.11764706 0.12549020
v -62.75000000 4.00000000 8.90000000 0.10980392 0.11764706 0.12549020
f 4526 4528 4525
f 4529 4526 4525
f 4525 4528 4527
f 4527 4529 4525
f 4526 4532 4528
f 4530 4526 4529
f 4530 4532 4526
f 4528 4532 4527
f 4531 4529 4527
f 4527 4532 4531
f 4531 4530 4529
f 4532 4530 4531

o equipment_pipe_-59_0_-1
v -67.00000000 -4.00000000 7.40000000 0.37254902 0.38823529 0.40392157
v -66.30000000 -4.00000000 7.40000000 0.37254902 0.38823529 0.40392157
v -66.30000000 -5.20000000 7.40000000 0.37254902 0.38823529 0.40392157
v -67.00000000 -5.20000000 7.40000000 0.37254902 0.38823529 0.40392157
v -66.50502525 -4.00000000 7.89497475 0.37254902 0.38823529 0.40392157
v -66.50502525 -5.20000000 7.89497475 0.37254902 0.38823529 0.40392157
v -67.00000000 -4.00000000 8.10000000 0.37254902 0.38823529 0.40392157
v -67.00000000 -5.20000000 8.10000000 0.37254902 0.38823529 0.40392157
v -67.49497475 -4.00000000 7.89497475 0.37254902 0.38823529 0.40392157
v -67.49497475 -5.20000000 7.89497475 0.37254902 0.38823529 0.40392157
v -67.70000000 -4.00000000 7.40000000 0.37254902 0.38823529 0.40392157
v -67.70000000 -5.20000000 7.40000000 0.37254902 0.38823529 0.40392157
v -67.49497475 -4.00000000 6.90502525 0.37254902 0.38823529 0.40392157
v -67.49497475 -5.20000000 6.90502525 0.37254902 0.38823529 0.40392157
v -67.00000000 -4.00000000 6.70000000 0.37254902 0.38823529 0.40392157
v -67.00000000 -5.20000000 6.70000000 0.37254902 0.38823529 0.40392157
v -66.50502525 -4.00000000 6.90502525 0.37254902 0.38823529 0.40392157
v -66.50502525 -5.20000000 6.90502525 0.37254902 0.38823529 0.40392157
f 4534 4533 4537
f 4534 4537 4535
f 4535 4537 4538
f 4535 4538 4536
f 4537 4533 4539
f 4537 4539 4538
f 4538 4539 4540
f 4538 4540 4536
f 4539 4533 4541
f 4539 4541 4540
f 4540 4541 4542
f 4540 4542 4536
f 4541 4533 4543
f 4541 4543 4542
f 4542 4543 4544
f 4542 4544 4536
f 4543 4533 4545
f 4543 4545 4544
f 4544 4545 4546
f 4544 4546 4536
f 4545 4533 4547
f 4545 4547 4546
f 4546 4547 4548
f 4546 4548 4536
f 4547 4533 4549
f 4547 4549 4548
f 4548 4549 4550
f 4548 4550 4536
f 4549 4533 4534
f 4549 4534 4550
f 4550 4534 4535
f 4550 4535 4536

o equipment_pipe_-59_0_1
v -67.00000000 4.00000000 7.40000000 0.37254902 0.38823529 0.40392157
v -66.30000000 4.00000000 7.40000000 0.37254902 0.38823529 0.40392157
v -66.30000000 5.20000000 7.40000000 0.37254902 0.38823529 0.40392157
v -67.00000000 5.20000000 7.40000000 0.37254902 0.38823529 0.40392157
v -66.50502525 4.00000000 6.90502525 0.37254902 0.38823529 0.40392157
v -66.50502525 5.20000000 6.90502525 0.37254902 0.38823529 0.40392157
v -67.00000000 4.00000000 6.70000000 0.37254902 0.38823529 0.40392157
v -67.00000000 5.20000000 6.70000000 0.37254902 0.38823529 0.40392157
v -67.49497475 4.00000000 6.90502525 0.37254902 0.38823529 0.40392157
v -67.49497475 5.20000000 6.90502525 0.37254902 0.38823529 0.40392157
v -67.70000000 4.00000000 7.40000000 0.37254902 0.38823529 0.40392157
v -67.70000000 5.20000000 7.40000000 0.37254902 0.38823529 0.40392157
v -67.49497475 4.00000000 7.89497475 0.37254902 0.38823529 0.40392157
v -67.49497475 5.20000000 7.89497475 0.37254902 0.38823529 0.40392157
v -67.00000000 4.00000000 8.10000000 0.37254902 0.38823529 0.40392157
v -67.00000000 5.20000000 8.10000000 0.37254902 0.38823529 0.40392157
v -66.50502525 4.00000000 7.89497475 0.37254902 0.38823529 0.40392157
v -66.50502525 5.20000000 7.89497475 0.37254902 0.38823529 0.40392157
f 4552 4551 4555
f 4552 4555 4553
f 4553 4555 4556
f 4553 4556 4554
f 4555 4551 4557
f 4555 4557 4556
f 4556 4557 4558
f 4556 4558 4554
f 4557 4551 4559
f 4557 4559 4558
f 4558 4559 4560
f 4558 4560 4554
f 4559 4551 4561
f 4559 4561 4560
f 4560 4561 4562
f 4560 4562 4554
f 4561 4551 4563
f 4561 4563 4562
f 4562 4563 4564
f 4562 4564 4554
f 4563 4551 4565
f 4563 4565 4564
f 4564 4565 4566
f 4564 4566 4554
f 4565 4551 4567
f 4565 4567 4566
f 4566 4567 4568
f 4566 4568 4554
f 4567 4551 4552
f 4567 4552 4568
f 4568 4552 4553
f 4568 4553 4554

o underframe_equipment_-59_1
v -55.25000000 -4.00000000 5.90000000 0.10980392 0.11764706 0.12549020
v -55.25000000 -4.00000000 8.90000000 0.10980392 0.11764706 0.12549020
v -55.25000000 4.00000000 5.90000000 0.10980392 0.11764706 0.12549020
v -55.25000000 4.00000000 8.90000000 0.10980392 0.11764706 0.12549020
v -46.75000000 -4.00000000 5.90000000 0.10980392 0.11764706 0.12549020
v -46.75000000 -4.00000000 8.90000000 0.10980392 0.11764706 0.12549020
v -46.75000000 4.00000000 5.90000000 0.10980392 0.11764706 0.12549020
v -46.75000000 4.00000000 8.90000000 0.10980392 0.11764706 0.12549020
f 4570 4572 4569
f 4573 4570 4569
f 4569 4572 4571
f 4571 4573 4569
f 4570 4576 4572
f 4574 4570 4573
f 4574 4576 4570
f 4572 4576 4571
f 4575 4573 4571
f 4571 4576 4575
f 4575 4574 4573
f 4576 4574 4575

o equipment_pipe_-59_1_-1
v -51.00000000 -4.00000000 7.40000000 0.37254902 0.38823529 0.40392157
v -50.30000000 -4.00000000 7.40000000 0.37254902 0.38823529 0.40392157
v -50.30000000 -5.20000000 7.40000000 0.37254902 0.38823529 0.40392157
v -51.00000000 -5.20000000 7.40000000 0.37254902 0.38823529 0.40392157
v -50.50502525 -4.00000000 7.89497475 0.37254902 0.38823529 0.40392157
v -50.50502525 -5.20000000 7.89497475 0.37254902 0.38823529 0.40392157
v -51.00000000 -4.00000000 8.10000000 0.37254902 0.38823529 0.40392157
v -51.00000000 -5.20000000 8.10000000 0.37254902 0.38823529 0.40392157
v -51.49497475 -4.00000000 7.89497475 0.37254902 0.38823529 0.40392157
v -51.49497475 -5.20000000 7.89497475 0.37254902 0.38823529 0.40392157
v -51.70000000 -4.00000000 7.40000000 0.37254902 0.38823529 0.40392157
v -51.70000000 -5.20000000 7.40000000 0.37254902 0.38823529 0.40392157
v -51.49497475 -4.00000000 6.90502525 0.37254902 0.38823529 0.40392157
v -51.49497475 -5.20000000 6.90502525 0.37254902 0.38823529 0.40392157
v -51.00000000 -4.00000000 6.70000000 0.37254902 0.38823529 0.40392157
v -51.00000000 -5.20000000 6.70000000 0.37254902 0.38823529 0.40392157
v -50.50502525 -4.00000000 6.90502525 0.37254902 0.38823529 0.40392157
v -50.50502525 -5.20000000 6.90502525 0.37254902 0.38823529 0.40392157
f 4578 4577 4581
f 4578 4581 4579
f 4579 4581 4582
f 4579 4582 4580
f 4581 4577 4583
f 4581 4583 4582
f 4582 4583 4584
f 4582 4584 4580
f 4583 4577 4585
f 4583 4585 4584
f 4584 4585 4586
f 4584 4586 4580
f 4585 4577 4587
f 4585 4587 4586
f 4586 4587 4588
f 4586 4588 4580
f 4587 4577 4589
f 4587 4589 4588
f 4588 4589 4590
f 4588 4590 4580
f 4589 4577 4591
f 4589 4591 4590
f 4590 4591 4592
f 4590 4592 4580
f 4591 4577 4593
f 4591 4593 4592
f 4592 4593 4594
f 4592 4594 4580
f 4593 4577 4578
f 4593 4578 4594
f 4594 4578 4579
f 4594 4579 4580

o equipment_pipe_-59_1_1
v -51.00000000 4.00000000 7.40000000 0.37254902 0.38823529 0.40392157
v -50.30000000 4.00000000 7.40000000 0.37254902 0.38823529 0.40392157
v -50.30000000 5.20000000 7.40000000 0.37254902 0.38823529 0.40392157
v -51.00000000 5.20000000 7.40000000 0.37254902 0.38823529 0.40392157
v -50.50502525 4.00000000 6.90502525 0.37254902 0.38823529 0.40392157
v -50.50502525 5.20000000 6.90502525 0.37254902 0.38823529 0.40392157
v -51.00000000 4.00000000 6.70000000 0.37254902 0.38823529 0.40392157
v -51.00000000 5.20000000 6.70000000 0.37254902 0.38823529 0.40392157
v -51.49497475 4.00000000 6.90502525 0.37254902 0.38823529 0.40392157
v -51.49497475 5.20000000 6.90502525 0.37254902 0.38823529 0.40392157
v -51.70000000 4.00000000 7.40000000 0.37254902 0.38823529 0.40392157
v -51.70000000 5.20000000 7.40000000 0.37254902 0.38823529 0.40392157
v -51.49497475 4.00000000 7.89497475 0.37254902 0.38823529 0.40392157
v -51.49497475 5.20000000 7.89497475 0.37254902 0.38823529 0.40392157
v -51.00000000 4.00000000 8.10000000 0.37254902 0.38823529 0.40392157
v -51.00000000 5.20000000 8.10000000 0.37254902 0.38823529 0.40392157
v -50.50502525 4.00000000 7.89497475 0.37254902 0.38823529 0.40392157
v -50.50502525 5.20000000 7.89497475 0.37254902 0.38823529 0.40392157
f 4596 4595 4599
f 4596 4599 4597
f 4597 4599 4600
f 4597 4600 4598
f 4599 4595 4601
f 4599 4601 4600
f 4600 4601 4602
f 4600 4602 4598
f 4601 4595 4603
f 4601 4603 4602
f 4602 4603 4604
f 4602 4604 4598
f 4603 4595 4605
f 4603 4605 4604
f 4604 4605 4606
f 4604 4606 4598
f 4605 4595 4607
f 4605 4607 4606
f 4606 4607 4608
f 4606 4608 4598
f 4607 4595 4609
f 4607 4609 4608
f 4608 4609 4610
f 4608 4610 4598
f 4609 4595 4611
f 4609 4611 4610
f 4610 4611 4612
f 4610 4612 4598
f 4611 4595 4596
f 4611 4596 4612
f 4612 4596 4597
f 4612 4597 4598

o brake_beam_-59_-1
v -76.50000000 -16.30000000 5.15000000 0.17647059 0.18823529 0.20000000
v -76.50000000 -16.30000000 6.25000000 0.17647059 0.18823529 0.20000000
v -76.50000000 -15.30000000 5.15000000 0.17647059 0.18823529 0.20000000
v -76.50000000 -15.30000000 6.25000000 0.17647059 0.18823529 0.20000000
v -41.50000000 -16.30000000 5.15000000 0.17647059 0.18823529 0.20000000
v -41.50000000 -16.30000000 6.25000000 0.17647059 0.18823529 0.20000000
v -41.50000000 -15.30000000 5.15000000 0.17647059 0.18823529 0.20000000
v -41.50000000 -15.30000000 6.25000000 0.17647059 0.18823529 0.20000000
f 4614 4616 4613
f 4617 4614 4613
f 4613 4616 4615
f 4615 4617 4613
f 4614 4620 4616
f 4618 4614 4617
f 4618 4620 4614
f 4616 4620 4615
f 4619 4617 4615
f 4615 4620 4619
f 4619 4618 4617
f 4620 4618 4619

o axle_box_-59_-1_-17
v -78.10000000 -17.40000000 5.90000000 0.37254902 0.38823529 0.40392157
v -78.10000000 -17.40000000 8.90000000 0.37254902 0.38823529 0.40392157
v -78.10000000 -15.00000000 5.90000000 0.37254902 0.38823529 0.40392157
v -78.10000000 -15.00000000 8.90000000 0.37254902 0.38823529 0.40392157
v -73.90000000 -17.40000000 5.90000000 0.37254902 0.38823529 0.40392157
v -73.90000000 -17.40000000 8.90000000 0.37254902 0.38823529 0.40392157
v -73.90000000 -15.00000000 5.90000000 0.37254902 0.38823529 0.40392157
v -73.90000000 -15.00000000 8.90000000 0.37254902 0.38823529 0.40392157
f 4622 4624 4621
f 4625 4622 4621
f 4621 4624 4623
f 4623 4625 4621
f 4622 4628 4624
f 4626 4622 4625
f 4626 4628 4622
f 4624 4628 4623
f 4627 4625 4623
f 4623 4628 4627
f 4627 4626 4625
f 4628 4626 4627

o suspension_spring_-59_-1_-17
v -76.00000000 -15.30000000 9.40000000 0.37254902 0.38823529 0.40392157
v -74.85000000 -15.30000000 9.40000000 0.37254902 0.38823529 0.40392157
v -74.85000000 -17.30000000 9.40000000 0.37254902 0.38823529 0.40392157
v -76.00000000 -17.30000000 9.40000000 0.37254902 0.38823529 0.40392157
v -75.06963046 -15.30000000 10.07595304 0.37254902 0.38823529 0.40392157
v -75.06963046 -17.30000000 10.07595304 0.37254902 0.38823529 0.40392157
v -75.64463046 -15.30000000 10.49371499 0.37254902 0.38823529 0.40392157
v -75.64463046 -17.30000000 10.49371499 0.37254902 0.38823529 0.40392157
v -76.35536954 -15.30000000 10.49371499 0.37254902 0.38823529 0.40392157
v -76.35536954 -17.30000000 10.49371499 0.37254902 0.38823529 0.40392157
v -76.93036954 -15.30000000 10.07595304 0.37254902 0.38823529 0.40392157
v -76.93036954 -17.30000000 10.07595304 0.37254902 0.38823529 0.40392157
v -77.15000000 -15.30000000 9.40000000 0.37254902 0.38823529 0.40392157
v -77.15000000 -17.30000000 9.40000000 0.37254902 0.38823529 0.40392157
v -76.93036954 -15.30000000 8.72404696 0.37254902 0.38823529 0.40392157
v -76.93036954 -17.30000000 8.72404696 0.37254902 0.38823529 0.40392157
v -76.35536954 -15.30000000 8.30628501 0.37254902 0.38823529 0.40392157
v -76.35536954 -17.30000000 8.30628501 0.37254902 0.38823529 0.40392157
v -75.64463046 -15.30000000 8.30628501 0.37254902 0.38823529 0.40392157
v -75.64463046 -17.30000000 8.30628501 0.37254902 0.38823529 0.40392157
v -75.06963046 -15.30000000 8.72404696 0.37254902 0.38823529 0.40392157
v -75.06963046 -17.30000000 8.72404696 0.37254902 0.38823529 0.40392157
f 4630 4629 4633
f 4630 4633 4631
f 4631 4633 4634
f 4631 4634 4632
f 4633 4629 4635
f 4633 4635 4634
f 4634 4635 4636
f 4634 4636 4632
f 4635 4629 4637
f 4635 4637 4636
f 4636 4637 4638
f 4636 4638 4632
f 4637 4629 4639
f 4637 4639 4638
f 4638 4639 4640
f 4638 4640 4632
f 4639 4629 4641
f 4639 4641 4640
f 4640 4641 4642
f 4640 4642 4632
f 4641 4629 4643
f 4641 4643 4642
f 4642 4643 4644
f 4642 4644 4632
f 4643 4629 4645
f 4643 4645 4644
f 4644 4645 4646
f 4644 4646 4632
f 4645 4629 4647
f 4645 4647 4646
f 4646 4647 4648
f 4646 4648 4632
f 4647 4629 4649
f 4647 4649 4648
f 4648 4649 4650
f 4648 4650 4632
f 4649 4629 4630
f 4649 4630 4650
f 4650 4630 4631
f 4650 4631 4632

o brake_link_-59_-1_-17
v -79.00000000 -15.80000000 5.90000000 0.43137255 0.29411765 0.21568627
v -78.80941343 -15.76941154 5.52698377 0.43137255 0.29411765 0.21568627
v -75.80941343 -16.16941154 7.02698377 0.43137255 0.29411765 0.21568627
v -76.00000000 -16.20000000 7.40000000 0.43137255 0.29411765 0.21568627
v -78.84360564 -15.48426975 5.67140600 0.43137255 0.29411765 0.21568627
v -75.84360564 -15.88426975 7.17140600 0.43137255 0.29411765 0.21568627
v -78.96941154 -15.38407846 5.94973550 0.43137255 0.29411765 0.21568627
v -75.96941154 -15.78407846 7.44973550 0.43137255 0.29411765 0.21568627
v -79.11313575 -15.52752836 6.19893061 0.43137255 0.29411765 0.21568627
v -76.11313575 -15.92752836 7.69893061 0.43137255 0.29411765 0.21568627
v -79.19058657 -15.83058846 6.27301623 0.43137255 0.29411765 0.21568627
v -76.19058657 -16.23058846 7.77301623 0.43137255 0.29411765 0.21568627
v -79.15639436 -16.11573025 6.12859400 0.43137255 0.29411765 0.21568627
v -76.15639436 -16.51573025 7.62859400 0.43137255 0.29411765 0.21568627
v -79.03058846 -16.21592154 5.85026450 0.43137255 0.29411765 0.21568627
v -76.03058846 -16.61592154 7.35026450 0.43137255 0.29411765 0.21568627
v -78.88686425 -16.07247164 5.60106939 0.43137255 0.29411765 0.21568627
v -75.88686425 -16.47247164 7.10106939 0.43137255 0.29411765 0.21568627
f 4652 4651 4655
f 4652 4655 4653
f 4653 4655 4656
f 4653 4656 4654
f 4655 4651 4657
f 4655 4657 4656
f 4656 4657 4658
f 4656 4658 4654
f 4657 4651 4659
f 4657 4659 4658
f 4658 4659 4660
f 4658 4660 4654
f 4659 4651 4661
f 4659 4661 4660
f 4660 4661 4662
f 4660 4662 4654
f 4661 4651 4663
f 4661 4663 4662
f 4662 4663 4664
f 4662 4664 4654
f 4663 4651 4665
f 4663 4665 4664
f 4664 4665 4666
f 4664 4666 4654
f 4665 4651 4667
f 4665 4667 4666
f 4666 4667 4668
f 4666 4668 4654
f 4667 4651 4652
f 4667 4652 4668
f 4668 4652 4653
f 4668 4653 4654

o axle_box_-59_-1_0
v -61.10000000 -17.40000000 5.90000000 0.37254902 0.38823529 0.40392157
v -61.10000000 -17.40000000 8.90000000 0.37254902 0.38823529 0.40392157
v -61.10000000 -15.00000000 5.90000000 0.37254902 0.38823529 0.40392157
v -61.10000000 -15.00000000 8.90000000 0.37254902 0.38823529 0.40392157
v -56.90000000 -17.40000000 5.90000000 0.37254902 0.38823529 0.40392157
v -56.90000000 -17.40000000 8.90000000 0.37254902 0.38823529 0.40392157
v -56.90000000 -15.00000000 5.90000000 0.37254902 0.38823529 0.40392157
v -56.90000000 -15.00000000 8.90000000 0.37254902 0.38823529 0.40392157
f 4670 4672 4669
f 4673 4670 4669
f 4669 4672 4671
f 4671 4673 4669
f 4670 4676 4672
f 4674 4670 4673
f 4674 4676 4670
f 4672 4676 4671
f 4675 4673 4671
f 4671 4676 4675
f 4675 4674 4673
f 4676 4674 4675

o suspension_spring_-59_-1_0
v -59.00000000 -15.30000000 9.40000000 0.37254902 0.38823529 0.40392157
v -57.85000000 -15.30000000 9.40000000 0.37254902 0.38823529 0.40392157
v -57.85000000 -17.30000000 9.40000000 0.37254902 0.38823529 0.40392157
v -59.00000000 -17.30000000 9.40000000 0.37254902 0.38823529 0.40392157
v -58.06963046 -15.30000000 10.07595304 0.37254902 0.38823529 0.40392157
v -58.06963046 -17.30000000 10.07595304 0.37254902 0.38823529 0.40392157
v -58.64463046 -15.30000000 10.49371499 0.37254902 0.38823529 0.40392157
v -58.64463046 -17.30000000 10.49371499 0.37254902 0.38823529 0.40392157
v -59.35536954 -15.30000000 10.49371499 0.37254902 0.38823529 0.40392157
v -59.35536954 -17.30000000 10.49371499 0.37254902 0.38823529 0.40392157
v -59.93036954 -15.30000000 10.07595304 0.37254902 0.38823529 0.40392157
v -59.93036954 -17.30000000 10.07595304 0.37254902 0.38823529 0.40392157
v -60.15000000 -15.30000000 9.40000000 0.37254902 0.38823529 0.40392157
v -60.15000000 -17.30000000 9.40000000 0.37254902 0.38823529 0.40392157
v -59.93036954 -15.30000000 8.72404696 0.37254902 0.38823529 0.40392157
v -59.93036954 -17.30000000 8.72404696 0.37254902 0.38823529 0.40392157
v -59.35536954 -15.30000000 8.30628501 0.37254902 0.38823529 0.40392157
v -59.35536954 -17.30000000 8.30628501 0.37254902 0.38823529 0.40392157
v -58.64463046 -15.30000000 8.30628501 0.37254902 0.38823529 0.40392157
v -58.64463046 -17.30000000 8.30628501 0.37254902 0.38823529 0.40392157
v -58.06963046 -15.30000000 8.72404696 0.37254902 0.38823529 0.40392157
v -58.06963046 -17.30000000 8.72404696 0.37254902 0.38823529 0.40392157
f 4678 4677 4681
f 4678 4681 4679
f 4679 4681 4682
f 4679 4682 4680
f 4681 4677 4683
f 4681 4683 4682
f 4682 4683 4684
f 4682 4684 4680
f 4683 4677 4685
f 4683 4685 4684
f 4684 4685 4686
f 4684 4686 4680
f 4685 4677 4687
f 4685 4687 4686
f 4686 4687 4688
f 4686 4688 4680
f 4687 4677 4689
f 4687 4689 4688
f 4688 4689 4690
f 4688 4690 4680
f 4689 4677 4691
f 4689 4691 4690
f 4690 4691 4692
f 4690 4692 4680
f 4691 4677 4693
f 4691 4693 4692
f 4692 4693 4694
f 4692 4694 4680
f 4693 4677 4695
f 4693 4695 4694
f 4694 4695 4696
f 4694 4696 4680
f 4695 4677 4697
f 4695 4697 4696
f 4696 4697 4698
f 4696 4698 4680
f 4697 4677 4678
f 4697 4678 4698
f 4698 4678 4679
f 4698 4679 4680

o brake_link_-59_-1_0
v -62.00000000 -15.80000000 5.90000000 0.43137255 0.29411765 0.21568627
v -61.80941343 -15.76941154 5.52698377 0.43137255 0.29411765 0.21568627
v -58.80941343 -16.16941154 7.02698377 0.43137255 0.29411765 0.21568627
v -59.00000000 -16.20000000 7.40000000 0.43137255 0.29411765 0.21568627
v -61.84360564 -15.48426975 5.67140600 0.43137255 0.29411765 0.21568627
v -58.84360564 -15.88426975 7.17140600 0.43137255 0.29411765 0.21568627
v -61.96941154 -15.38407846 5.94973550 0.43137255 0.29411765 0.21568627
v -58.96941154 -15.78407846 7.44973550 0.43137255 0.29411765 0.21568627
v -62.11313575 -15.52752836 6.19893061 0.43137255 0.29411765 0.21568627
v -59.11313575 -15.92752836 7.69893061 0.43137255 0.29411765 0.21568627
v -62.19058657 -15.83058846 6.27301623 0.43137255 0.29411765 0.21568627
v -59.19058657 -16.23058846 7.77301623 0.43137255 0.29411765 0.21568627
v -62.15639436 -16.11573025 6.12859400 0.43137255 0.29411765 0.21568627
v -59.15639436 -16.51573025 7.62859400 0.43137255 0.29411765 0.21568627
v -62.03058846 -16.21592154 5.85026450 0.43137255 0.29411765 0.21568627
v -59.03058846 -16.61592154 7.35026450 0.43137255 0.29411765 0.21568627
v -61.88686425 -16.07247164 5.60106939 0.43137255 0.29411765 0.21568627
v -58.88686425 -16.47247164 7.10106939 0.43137255 0.29411765 0.21568627
f 4700 4699 4703
f 4700 4703 4701
f 4701 4703 4704
f 4701 4704 4702
f 4703 4699 4705
f 4703 4705 4704
f 4704 4705 4706
f 4704 4706 4702
f 4705 4699 4707
f 4705 4707 4706
f 4706 4707 4708
f 4706 4708 4702
f 4707 4699 4709
f 4707 4709 4708
f 4708 4709 4710
f 4708 4710 4702
f 4709 4699 4711
f 4709 4711 4710
f 4710 4711 4712
f 4710 4712 4702
f 4711 4699 4713
f 4711 4713 4712
f 4712 4713 4714
f 4712 4714 4702
f 4713 4699 4715
f 4713 4715 4714
f 4714 4715 4716
f 4714 4716 4702
f 4715 4699 4700
f 4715 4700 4716
f 4716 4700 4701
f 4716 4701 4702

o axle_box_-59_-1_17
v -44.10000000 -17.40000000 5.90000000 0.37254902 0.38823529 0.40392157
v -44.10000000 -17.40000000 8.90000000 0.37254902 0.38823529 0.40392157
v -44.10000000 -15.00000000 5.90000000 0.37254902 0.38823529 0.40392157
v -44.10000000 -15.00000000 8.90000000 0.37254902 0.38823529 0.40392157
v -39.90000000 -17.40000000 5.90000000 0.37254902 0.38823529 0.40392157
v -39.90000000 -17.40000000 8.90000000 0.37254902 0.38823529 0.40392157
v -39.90000000 -15.00000000 5.90000000 0.37254902 0.38823529 0.40392157
v -39.90000000 -15.00000000 8.90000000 0.37254902 0.38823529 0.40392157
f 4718 4720 4717
f 4721 4718 4717
f 4717 4720 4719
f 4719 4721 4717
f 4718 4724 4720
f 4722 4718 4721
f 4722 4724 4718
f 4720 4724 4719
f 4723 4721 4719
f 4719 4724 4723
f 4723 4722 4721
f 4724 4722 4723

o suspension_spring_-59_-1_17
v -42.00000000 -15.30000000 9.40000000 0.37254902 0.38823529 0.40392157
v -40.85000000 -15.30000000 9.40000000 0.37254902 0.38823529 0.40392157
v -40.85000000 -17.30000000 9.40000000 0.37254902 0.38823529 0.40392157
v -42.00000000 -17.30000000 9.40000000 0.37254902 0.38823529 0.40392157
v -41.06963046 -15.30000000 10.07595304 0.37254902 0.38823529 0.40392157
v -41.06963046 -17.30000000 10.07595304 0.37254902 0.38823529 0.40392157
v -41.64463046 -15.30000000 10.49371499 0.37254902 0.38823529 0.40392157
v -41.64463046 -17.30000000 10.49371499 0.37254902 0.38823529 0.40392157
v -42.35536954 -15.30000000 10.49371499 0.37254902 0.38823529 0.40392157
v -42.35536954 -17.30000000 10.49371499 0.37254902 0.38823529 0.40392157
v -42.93036954 -15.30000000 10.07595304 0.37254902 0.38823529 0.40392157
v -42.93036954 -17.30000000 10.07595304 0.37254902 0.38823529 0.40392157
v -43.15000000 -15.30000000 9.40000000 0.37254902 0.38823529 0.40392157
v -43.15000000 -17.30000000 9.40000000 0.37254902 0.38823529 0.40392157
v -42.93036954 -15.30000000 8.72404696 0.37254902 0.38823529 0.40392157
v -42.93036954 -17.30000000 8.72404696 0.37254902 0.38823529 0.40392157
v -42.35536954 -15.30000000 8.30628501 0.37254902 0.38823529 0.40392157
v -42.35536954 -17.30000000 8.30628501 0.37254902 0.38823529 0.40392157
v -41.64463046 -15.30000000 8.30628501 0.37254902 0.38823529 0.40392157
v -41.64463046 -17.30000000 8.30628501 0.37254902 0.38823529 0.40392157
v -41.06963046 -15.30000000 8.72404696 0.37254902 0.38823529 0.40392157
v -41.06963046 -17.30000000 8.72404696 0.37254902 0.38823529 0.40392157
f 4726 4725 4729
f 4726 4729 4727
f 4727 4729 4730
f 4727 4730 4728
f 4729 4725 4731
f 4729 4731 4730
f 4730 4731 4732
f 4730 4732 4728
f 4731 4725 4733
f 4731 4733 4732
f 4732 4733 4734
f 4732 4734 4728
f 4733 4725 4735
f 4733 4735 4734
f 4734 4735 4736
f 4734 4736 4728
f 4735 4725 4737
f 4735 4737 4736
f 4736 4737 4738
f 4736 4738 4728
f 4737 4725 4739
f 4737 4739 4738
f 4738 4739 4740
f 4738 4740 4728
f 4739 4725 4741
f 4739 4741 4740
f 4740 4741 4742
f 4740 4742 4728
f 4741 4725 4743
f 4741 4743 4742
f 4742 4743 4744
f 4742 4744 4728
f 4743 4725 4745
f 4743 4745 4744
f 4744 4745 4746
f 4744 4746 4728
f 4745 4725 4726
f 4745 4726 4746
f 4746 4726 4727
f 4746 4727 4728

o brake_link_-59_-1_17
v -45.00000000 -15.80000000 5.90000000 0.43137255 0.29411765 0.21568627
v -44.80941343 -15.76941154 5.52698377 0.43137255 0.29411765 0.21568627
v -41.80941343 -16.16941154 7.02698377 0.43137255 0.29411765 0.21568627
v -42.00000000 -16.20000000 7.40000000 0.43137255 0.29411765 0.21568627
v -44.84360564 -15.48426975 5.67140600 0.43137255 0.29411765 0.21568627
v -41.84360564 -15.88426975 7.17140600 0.43137255 0.29411765 0.21568627
v -44.96941154 -15.38407846 5.94973550 0.43137255 0.29411765 0.21568627
v -41.96941154 -15.78407846 7.44973550 0.43137255 0.29411765 0.21568627
v -45.11313575 -15.52752836 6.19893061 0.43137255 0.29411765 0.21568627
v -42.11313575 -15.92752836 7.69893061 0.43137255 0.29411765 0.21568627
v -45.19058657 -15.83058846 6.27301623 0.43137255 0.29411765 0.21568627
v -42.19058657 -16.23058846 7.77301623 0.43137255 0.29411765 0.21568627
v -45.15639436 -16.11573025 6.12859400 0.43137255 0.29411765 0.21568627
v -42.15639436 -16.51573025 7.62859400 0.43137255 0.29411765 0.21568627
v -45.03058846 -16.21592154 5.85026450 0.43137255 0.29411765 0.21568627
v -42.03058846 -16.61592154 7.35026450 0.43137255 0.29411765 0.21568627
v -44.88686425 -16.07247164 5.60106939 0.43137255 0.29411765 0.21568627
v -41.88686425 -16.47247164 7.10106939 0.43137255 0.29411765 0.21568627
f 4748 4747 4751
f 4748 4751 4749
f 4749 4751 4752
f 4749 4752 4750
f 4751 4747 4753
f 4751 4753 4752
f 4752 4753 4754
f 4752 4754 4750
f 4753 4747 4755
f 4753 4755 4754
f 4754 4755 4756
f 4754 4756 4750
f 4755 4747 4757
f 4755 4757 4756
f 4756 4757 4758
f 4756 4758 4750
f 4757 4747 4759
f 4757 4759 4758
f 4758 4759 4760
f 4758 4760 4750
f 4759 4747 4761
f 4759 4761 4760
f 4760 4761 4762
f 4760 4762 4750
f 4761 4747 4763
f 4761 4763 4762
f 4762 4763 4764
f 4762 4764 4750
f 4763 4747 4748
f 4763 4748 4764
f 4764 4748 4749
f 4764 4749 4750

o bogie_tie_rod_-59_-1
v -79.00000000 -15.80000000 6.50000000 0.37254902 0.38823529 0.40392157
v -79.00000000 -15.80000000 6.15000000 0.37254902 0.38823529 0.40392157
v -39.00000000 -15.80000000 6.15000000 0.37254902 0.38823529 0.40392157
v -39.00000000 -15.80000000 6.50000000 0.37254902 0.38823529 0.40392157
v -79.00000000 -15.55251263 6.25251263 0.37254902 0.38823529 0.40392157
v -39.00000000 -15.55251263 6.25251263 0.37254902 0.38823529 0.40392157
v -79.00000000 -15.45000000 6.50000000 0.37254902 0.38823529 0.40392157
v -39.00000000 -15.45000000 6.50000000 0.37254902 0.38823529 0.40392157
v -79.00000000 -15.55251263 6.74748737 0.37254902 0.38823529 0.40392157
v -39.00000000 -15.55251263 6.74748737 0.37254902 0.38823529 0.40392157
v -79.00000000 -15.80000000 6.85000000 0.37254902 0.38823529 0.40392157
v -39.00000000 -15.80000000 6.85000000 0.37254902 0.38823529 0.40392157
v -79.00000000 -16.04748737 6.74748737 0.37254902 0.38823529 0.40392157
v -39.00000000 -16.04748737 6.74748737 0.37254902 0.38823529 0.40392157
v -79.00000000 -16.15000000 6.50000000 0.37254902 0.38823529 0.40392157
v -39.00000000 -16.15000000 6.50000000 0.37254902 0.38823529 0.40392157
v -79.00000000 -16.04748737 6.25251263 0.37254902 0.38823529 0.40392157
v -39.00000000 -16.04748737 6.25251263 0.37254902 0.38823529 0.40392157
f 4766 4765 4769
f 4766 4769 4767
f 4767 4769 4770
f 4767 4770 4768
f 4769 4765 4771
f 4769 4771 4770
f 4770 4771 4772
f 4770 4772 4768
f 4771 4765 4773
f 4771 4773 4772
f 4772 4773 4774
f 4772 4774 4768
f 4773 4765 4775
f 4773 4775 4774
f 4774 4775 4776
f 4774 4776 4768
f 4775 4765 4777
f 4775 4777 4776
f 4776 4777 4778
f 4776 4778 4768
f 4777 4765 4779
f 4777 4779 4778
f 4778 4779 4780
f 4778 4780 4768
f 4779 4765 4781
f 4779 4781 4780
f 4780 4781 4782
f 4780 4782 4768
f 4781 4765 4766
f 4781 4766 4782
f 4782 4766 4767
f 4782 4767 4768

o brake_beam_-59_1
v -76.50000000 15.30000000 5.15000000 0.17647059 0.18823529 0.20000000
v -76.50000000 15.30000000 6.25000000 0.17647059 0.18823529 0.20000000
v -76.50000000 16.30000000 5.15000000 0.17647059 0.18823529 0.20000000
v -76.50000000 16.30000000 6.25000000 0.17647059 0.18823529 0.20000000
v -41.50000000 15.30000000 5.15000000 0.17647059 0.18823529 0.20000000
v -41.50000000 15.30000000 6.25000000 0.17647059 0.18823529 0.20000000
v -41.50000000 16.30000000 5.15000000 0.17647059 0.18823529 0.20000000
v -41.50000000 16.30000000 6.25000000 0.17647059 0.18823529 0.20000000
f 4784 4786 4783
f 4787 4784 4783
f 4783 4786 4785
f 4785 4787 4783
f 4784 4790 4786
f 4788 4784 4787
f 4788 4790 4784
f 4786 4790 4785
f 4789 4787 4785
f 4785 4790 4789
f 4789 4788 4787
f 4790 4788 4789

o axle_box_-59_1_-17
v -78.10000000 15.00000000 5.90000000 0.37254902 0.38823529 0.40392157
v -78.10000000 15.00000000 8.90000000 0.37254902 0.38823529 0.40392157
v -78.10000000 17.40000000 5.90000000 0.37254902 0.38823529 0.40392157
v -78.10000000 17.40000000 8.90000000 0.37254902 0.38823529 0.40392157
v -73.90000000 15.00000000 5.90000000 0.37254902 0.38823529 0.40392157
v -73.90000000 15.00000000 8.90000000 0.37254902 0.38823529 0.40392157
v -73.90000000 17.40000000 5.90000000 0.37254902 0.38823529 0.40392157
v -73.90000000 17.40000000 8.90000000 0.37254902 0.38823529 0.40392157
f 4792 4794 4791
f 4795 4792 4791
f 4791 4794 4793
f 4793 4795 4791
f 4792 4798 4794
f 4796 4792 4795
f 4796 4798 4792
f 4794 4798 4793
f 4797 4795 4793
f 4793 4798 4797
f 4797 4796 4795
f 4798 4796 4797

o suspension_spring_-59_1_-17
v -76.00000000 15.30000000 9.40000000 0.37254902 0.38823529 0.40392157
v -74.85000000 15.30000000 9.40000000 0.37254902 0.38823529 0.40392157
v -74.85000000 17.30000000 9.40000000 0.37254902 0.38823529 0.40392157
v -76.00000000 17.30000000 9.40000000 0.37254902 0.38823529 0.40392157
v -75.06963046 15.30000000 8.72404696 0.37254902 0.38823529 0.40392157
v -75.06963046 17.30000000 8.72404696 0.37254902 0.38823529 0.40392157
v -75.64463046 15.30000000 8.30628501 0.37254902 0.38823529 0.40392157
v -75.64463046 17.30000000 8.30628501 0.37254902 0.38823529 0.40392157
v -76.35536954 15.30000000 8.30628501 0.37254902 0.38823529 0.40392157
v -76.35536954 17.30000000 8.30628501 0.37254902 0.38823529 0.40392157
v -76.93036954 15.30000000 8.72404696 0.37254902 0.38823529 0.40392157
v -76.93036954 17.30000000 8.72404696 0.37254902 0.38823529 0.40392157
v -77.15000000 15.30000000 9.40000000 0.37254902 0.38823529 0.40392157
v -77.15000000 17.30000000 9.40000000 0.37254902 0.38823529 0.40392157
v -76.93036954 15.30000000 10.07595304 0.37254902 0.38823529 0.40392157
v -76.93036954 17.30000000 10.07595304 0.37254902 0.38823529 0.40392157
v -76.35536954 15.30000000 10.49371499 0.37254902 0.38823529 0.40392157
v -76.35536954 17.30000000 10.49371499 0.37254902 0.38823529 0.40392157
v -75.64463046 15.30000000 10.49371499 0.37254902 0.38823529 0.40392157
v -75.64463046 17.30000000 10.49371499 0.37254902 0.38823529 0.40392157
v -75.06963046 15.30000000 10.07595304 0.37254902 0.38823529 0.40392157
v -75.06963046 17.30000000 10.07595304 0.37254902 0.38823529 0.40392157
f 4800 4799 4803
f 4800 4803 4801
f 4801 4803 4804
f 4801 4804 4802
f 4803 4799 4805
f 4803 4805 4804
f 4804 4805 4806
f 4804 4806 4802
f 4805 4799 4807
f 4805 4807 4806
f 4806 4807 4808
f 4806 4808 4802
f 4807 4799 4809
f 4807 4809 4808
f 4808 4809 4810
f 4808 4810 4802
f 4809 4799 4811
f 4809 4811 4810
f 4810 4811 4812
f 4810 4812 4802
f 4811 4799 4813
f 4811 4813 4812
f 4812 4813 4814
f 4812 4814 4802
f 4813 4799 4815
f 4813 4815 4814
f 4814 4815 4816
f 4814 4816 4802
f 4815 4799 4817
f 4815 4817 4816
f 4816 4817 4818
f 4816 4818 4802
f 4817 4799 4819
f 4817 4819 4818
f 4818 4819 4820
f 4818 4820 4802
f 4819 4799 4800
f 4819 4800 4820
f 4820 4800 4801
f 4820 4801 4802

o brake_link_-59_1_-17
v -79.00000000 15.80000000 5.90000000 0.43137255 0.29411765 0.21568627
v -78.80941343 15.76941154 5.52698377 0.43137255 0.29411765 0.21568627
v -75.80941343 16.16941154 7.02698377 0.43137255 0.29411765 0.21568627
v -76.00000000 16.20000000 7.40000000 0.43137255 0.29411765 0.21568627
v -78.88686425 16.07247164 5.60106939 0.43137255 0.29411765 0.21568627
v -75.88686425 16.47247164 7.10106939 0.43137255 0.29411765 0.21568627
v -79.03058846 16.21592154 5.85026450 0.43137255 0.29411765 0.21568627
v -76.03058846 16.61592154 7.35026450 0.43137255 0.29411765 0.21568627
v -79.15639436 16.11573025 6.12859400 0.43137255 0.29411765 0.21568627
v -76.15639436 16.51573025 7.62859400 0.43137255 0.29411765 0.21568627
v -79.19058657 15.83058846 6.27301623 0.43137255 0.29411765 0.21568627
v -76.19058657 16.23058846 7.77301623 0.43137255 0.29411765 0.21568627
v -79.11313575 15.52752836 6.19893061 0.43137255 0.29411765 0.21568627
v -76.11313575 15.92752836 7.69893061 0.43137255 0.29411765 0.21568627
v -78.96941154 15.38407846 5.94973550 0.43137255 0.29411765 0.21568627
v -75.96941154 15.78407846 7.44973550 0.43137255 0.29411765 0.21568627
v -78.84360564 15.48426975 5.67140600 0.43137255 0.29411765 0.21568627
v -75.84360564 15.88426975 7.17140600 0.43137255 0.29411765 0.21568627
f 4822 4821 4825
f 4822 4825 4823
f 4823 4825 4826
f 4823 4826 4824
f 4825 4821 4827
f 4825 4827 4826
f 4826 4827 4828
f 4826 4828 4824
f 4827 4821 4829
f 4827 4829 4828
f 4828 4829 4830
f 4828 4830 4824
f 4829 4821 4831
f 4829 4831 4830
f 4830 4831 4832
f 4830 4832 4824
f 4831 4821 4833
f 4831 4833 4832
f 4832 4833 4834
f 4832 4834 4824
f 4833 4821 4835
f 4833 4835 4834
f 4834 4835 4836
f 4834 4836 4824
f 4835 4821 4837
f 4835 4837 4836
f 4836 4837 4838
f 4836 4838 4824
f 4837 4821 4822
f 4837 4822 4838
f 4838 4822 4823
f 4838 4823 4824

o axle_box_-59_1_0
v -61.10000000 15.00000000 5.90000000 0.37254902 0.38823529 0.40392157
v -61.10000000 15.00000000 8.90000000 0.37254902 0.38823529 0.40392157
v -61.10000000 17.40000000 5.90000000 0.37254902 0.38823529 0.40392157
v -61.10000000 17.40000000 8.90000000 0.37254902 0.38823529 0.40392157
v -56.90000000 15.00000000 5.90000000 0.37254902 0.38823529 0.40392157
v -56.90000000 15.00000000 8.90000000 0.37254902 0.38823529 0.40392157
v -56.90000000 17.40000000 5.90000000 0.37254902 0.38823529 0.40392157
v -56.90000000 17.40000000 8.90000000 0.37254902 0.38823529 0.40392157
f 4840 4842 4839
f 4843 4840 4839
f 4839 4842 4841
f 4841 4843 4839
f 4840 4846 4842
f 4844 4840 4843
f 4844 4846 4840
f 4842 4846 4841
f 4845 4843 4841
f 4841 4846 4845
f 4845 4844 4843
f 4846 4844 4845

o suspension_spring_-59_1_0
v -59.00000000 15.30000000 9.40000000 0.37254902 0.38823529 0.40392157
v -57.85000000 15.30000000 9.40000000 0.37254902 0.38823529 0.40392157
v -57.85000000 17.30000000 9.40000000 0.37254902 0.38823529 0.40392157
v -59.00000000 17.30000000 9.40000000 0.37254902 0.38823529 0.40392157
v -58.06963046 15.30000000 8.72404696 0.37254902 0.38823529 0.40392157
v -58.06963046 17.30000000 8.72404696 0.37254902 0.38823529 0.40392157
v -58.64463046 15.30000000 8.30628501 0.37254902 0.38823529 0.40392157
v -58.64463046 17.30000000 8.30628501 0.37254902 0.38823529 0.40392157
v -59.35536954 15.30000000 8.30628501 0.37254902 0.38823529 0.40392157
v -59.35536954 17.30000000 8.30628501 0.37254902 0.38823529 0.40392157
v -59.93036954 15.30000000 8.72404696 0.37254902 0.38823529 0.40392157
v -59.93036954 17.30000000 8.72404696 0.37254902 0.38823529 0.40392157
v -60.15000000 15.30000000 9.40000000 0.37254902 0.38823529 0.40392157
v -60.15000000 17.30000000 9.40000000 0.37254902 0.38823529 0.40392157
v -59.93036954 15.30000000 10.07595304 0.37254902 0.38823529 0.40392157
v -59.93036954 17.30000000 10.07595304 0.37254902 0.38823529 0.40392157
v -59.35536954 15.30000000 10.49371499 0.37254902 0.38823529 0.40392157
v -59.35536954 17.30000000 10.49371499 0.37254902 0.38823529 0.40392157
v -58.64463046 15.30000000 10.49371499 0.37254902 0.38823529 0.40392157
v -58.64463046 17.30000000 10.49371499 0.37254902 0.38823529 0.40392157
v -58.06963046 15.30000000 10.07595304 0.37254902 0.38823529 0.40392157
v -58.06963046 17.30000000 10.07595304 0.37254902 0.38823529 0.40392157
f 4848 4847 4851
f 4848 4851 4849
f 4849 4851 4852
f 4849 4852 4850
f 4851 4847 4853
f 4851 4853 4852
f 4852 4853 4854
f 4852 4854 4850
f 4853 4847 4855
f 4853 4855 4854
f 4854 4855 4856
f 4854 4856 4850
f 4855 4847 4857
f 4855 4857 4856
f 4856 4857 4858
f 4856 4858 4850
f 4857 4847 4859
f 4857 4859 4858
f 4858 4859 4860
f 4858 4860 4850
f 4859 4847 4861
f 4859 4861 4860
f 4860 4861 4862
f 4860 4862 4850
f 4861 4847 4863
f 4861 4863 4862
f 4862 4863 4864
f 4862 4864 4850
f 4863 4847 4865
f 4863 4865 4864
f 4864 4865 4866
f 4864 4866 4850
f 4865 4847 4867
f 4865 4867 4866
f 4866 4867 4868
f 4866 4868 4850
f 4867 4847 4848
f 4867 4848 4868
f 4868 4848 4849
f 4868 4849 4850

o brake_link_-59_1_0
v -62.00000000 15.80000000 5.90000000 0.43137255 0.29411765 0.21568627
v -61.80941343 15.76941154 5.52698377 0.43137255 0.29411765 0.21568627
v -58.80941343 16.16941154 7.02698377 0.43137255 0.29411765 0.21568627
v -59.00000000 16.20000000 7.40000000 0.43137255 0.29411765 0.21568627
v -61.88686425 16.07247164 5.60106939 0.43137255 0.29411765 0.21568627
v -58.88686425 16.47247164 7.10106939 0.43137255 0.29411765 0.21568627
v -62.03058846 16.21592154 5.85026450 0.43137255 0.29411765 0.21568627
v -59.03058846 16.61592154 7.35026450 0.43137255 0.29411765 0.21568627
v -62.15639436 16.11573025 6.12859400 0.43137255 0.29411765 0.21568627
v -59.15639436 16.51573025 7.62859400 0.43137255 0.29411765 0.21568627
v -62.19058657 15.83058846 6.27301623 0.43137255 0.29411765 0.21568627
v -59.19058657 16.23058846 7.77301623 0.43137255 0.29411765 0.21568627
v -62.11313575 15.52752836 6.19893061 0.43137255 0.29411765 0.21568627
v -59.11313575 15.92752836 7.69893061 0.43137255 0.29411765 0.21568627
v -61.96941154 15.38407846 5.94973550 0.43137255 0.29411765 0.21568627
v -58.96941154 15.78407846 7.44973550 0.43137255 0.29411765 0.21568627
v -61.84360564 15.48426975 5.67140600 0.43137255 0.29411765 0.21568627
v -58.84360564 15.88426975 7.17140600 0.43137255 0.29411765 0.21568627
f 4870 4869 4873
f 4870 4873 4871
f 4871 4873 4874
f 4871 4874 4872
f 4873 4869 4875
f 4873 4875 4874
f 4874 4875 4876
f 4874 4876 4872
f 4875 4869 4877
f 4875 4877 4876
f 4876 4877 4878
f 4876 4878 4872
f 4877 4869 4879
f 4877 4879 4878
f 4878 4879 4880
f 4878 4880 4872
f 4879 4869 4881
f 4879 4881 4880
f 4880 4881 4882
f 4880 4882 4872
f 4881 4869 4883
f 4881 4883 4882
f 4882 4883 4884
f 4882 4884 4872
f 4883 4869 4885
f 4883 4885 4884
f 4884 4885 4886
f 4884 4886 4872
f 4885 4869 4870
f 4885 4870 4886
f 4886 4870 4871
f 4886 4871 4872

o axle_box_-59_1_17
v -44.10000000 15.00000000 5.90000000 0.37254902 0.38823529 0.40392157
v -44.10000000 15.00000000 8.90000000 0.37254902 0.38823529 0.40392157
v -44.10000000 17.40000000 5.90000000 0.37254902 0.38823529 0.40392157
v -44.10000000 17.40000000 8.90000000 0.37254902 0.38823529 0.40392157
v -39.90000000 15.00000000 5.90000000 0.37254902 0.38823529 0.40392157
v -39.90000000 15.00000000 8.90000000 0.37254902 0.38823529 0.40392157
v -39.90000000 17.40000000 5.90000000 0.37254902 0.38823529 0.40392157
v -39.90000000 17.40000000 8.90000000 0.37254902 0.38823529 0.40392157
f 4888 4890 4887
f 4891 4888 4887
f 4887 4890 4889
f 4889 4891 4887
f 4888 4894 4890
f 4892 4888 4891
f 4892 4894 4888
f 4890 4894 4889
f 4893 4891 4889
f 4889 4894 4893
f 4893 4892 4891
f 4894 4892 4893

o suspension_spring_-59_1_17
v -42.00000000 15.30000000 9.40000000 0.37254902 0.38823529 0.40392157
v -40.85000000 15.30000000 9.40000000 0.37254902 0.38823529 0.40392157
v -40.85000000 17.30000000 9.40000000 0.37254902 0.38823529 0.40392157
v -42.00000000 17.30000000 9.40000000 0.37254902 0.38823529 0.40392157
v -41.06963046 15.30000000 8.72404696 0.37254902 0.38823529 0.40392157
v -41.06963046 17.30000000 8.72404696 0.37254902 0.38823529 0.40392157
v -41.64463046 15.30000000 8.30628501 0.37254902 0.38823529 0.40392157
v -41.64463046 17.30000000 8.30628501 0.37254902 0.38823529 0.40392157
v -42.35536954 15.30000000 8.30628501 0.37254902 0.38823529 0.40392157
v -42.35536954 17.30000000 8.30628501 0.37254902 0.38823529 0.40392157
v -42.93036954 15.30000000 8.72404696 0.37254902 0.38823529 0.40392157
v -42.93036954 17.30000000 8.72404696 0.37254902 0.38823529 0.40392157
v -43.15000000 15.30000000 9.40000000 0.37254902 0.38823529 0.40392157
v -43.15000000 17.30000000 9.40000000 0.37254902 0.38823529 0.40392157
v -42.93036954 15.30000000 10.07595304 0.37254902 0.38823529 0.40392157
v -42.93036954 17.30000000 10.07595304 0.37254902 0.38823529 0.40392157
v -42.35536954 15.30000000 10.49371499 0.37254902 0.38823529 0.40392157
v -42.35536954 17.30000000 10.49371499 0.37254902 0.38823529 0.40392157
v -41.64463046 15.30000000 10.49371499 0.37254902 0.38823529 0.40392157
v -41.64463046 17.30000000 10.49371499 0.37254902 0.38823529 0.40392157
v -41.06963046 15.30000000 10.07595304 0.37254902 0.38823529 0.40392157
v -41.06963046 17.30000000 10.07595304 0.37254902 0.38823529 0.40392157
f 4896 4895 4899
f 4896 4899 4897
f 4897 4899 4900
f 4897 4900 4898
f 4899 4895 4901
f 4899 4901 4900
f 4900 4901 4902
f 4900 4902 4898
f 4901 4895 4903
f 4901 4903 4902
f 4902 4903 4904
f 4902 4904 4898
f 4903 4895 4905
f 4903 4905 4904
f 4904 4905 4906
f 4904 4906 4898
f 4905 4895 4907
f 4905 4907 4906
f 4906 4907 4908
f 4906 4908 4898
f 4907 4895 4909
f 4907 4909 4908
f 4908 4909 4910
f 4908 4910 4898
f 4909 4895 4911
f 4909 4911 4910
f 4910 4911 4912
f 4910 4912 4898
f 4911 4895 4913
f 4911 4913 4912
f 4912 4913 4914
f 4912 4914 4898
f 4913 4895 4915
f 4913 4915 4914
f 4914 4915 4916
f 4914 4916 4898
f 4915 4895 4896
f 4915 4896 4916
f 4916 4896 4897
f 4916 4897 4898

o brake_link_-59_1_17
v -45.00000000 15.80000000 5.90000000 0.43137255 0.29411765 0.21568627
v -44.80941343 15.76941154 5.52698377 0.43137255 0.29411765 0.21568627
v -41.80941343 16.16941154 7.02698377 0.43137255 0.29411765 0.21568627
v -42.00000000 16.20000000 7.40000000 0.43137255 0.29411765 0.21568627
v -44.88686425 16.07247164 5.60106939 0.43137255 0.29411765 0.21568627
v -41.88686425 16.47247164 7.10106939 0.43137255 0.29411765 0.21568627
v -45.03058846 16.21592154 5.85026450 0.43137255 0.29411765 0.21568627
v -42.03058846 16.61592154 7.35026450 0.43137255 0.29411765 0.21568627
v -45.15639436 16.11573025 6.12859400 0.43137255 0.29411765 0.21568627
v -42.15639436 16.51573025 7.62859400 0.43137255 0.29411765 0.21568627
v -45.19058657 15.83058846 6.27301623 0.43137255 0.29411765 0.21568627
v -42.19058657 16.23058846 7.77301623 0.43137255 0.29411765 0.21568627
v -45.11313575 15.52752836 6.19893061 0.43137255 0.29411765 0.21568627
v -42.11313575 15.92752836 7.69893061 0.43137255 0.29411765 0.21568627
v -44.96941154 15.38407846 5.94973550 0.43137255 0.29411765 0.21568627
v -41.96941154 15.78407846 7.44973550 0.43137255 0.29411765 0.21568627
v -44.84360564 15.48426975 5.67140600 0.43137255 0.29411765 0.21568627
v -41.84360564 15.88426975 7.17140600 0.43137255 0.29411765 0.21568627
f 4918 4917 4921
f 4918 4921 4919
f 4919 4921 4922
f 4919 4922 4920
f 4921 4917 4923
f 4921 4923 4922
f 4922 4923 4924
f 4922 4924 4920
f 4923 4917 4925
f 4923 4925 4924
f 4924 4925 4926
f 4924 4926 4920
f 4925 4917 4927
f 4925 4927 4926
f 4926 4927 4928
f 4926 4928 4920
f 4927 4917 4929
f 4927 4929 4928
f 4928 4929 4930
f 4928 4930 4920
f 4929 4917 4931
f 4929 4931 4930
f 4930 4931 4932
f 4930 4932 4920
f 4931 4917 4933
f 4931 4933 4932
f 4932 4933 4934
f 4932 4934 4920
f 4933 4917 4918
f 4933 4918 4934
f 4934 4918 4919
f 4934 4919 4920

o bogie_tie_rod_-59_1
v -79.00000000 15.80000000 6.50000000 0.37254902 0.38823529 0.40392157
v -79.00000000 15.80000000 6.15000000 0.37254902 0.38823529 0.40392157
v -39.00000000 15.80000000 6.15000000 0.37254902 0.38823529 0.40392157
v -39.00000000 15.80000000 6.50000000 0.37254902 0.38823529 0.40392157
v -79.00000000 16.04748737 6.25251263 0.37254902 0.38823529 0.40392157
v -39.00000000 16.04748737 6.25251263 0.37254902 0.38823529 0.40392157
v -79.00000000 16.15000000 6.50000000 0.37254902 0.38823529 0.40392157
v -39.00000000 16.15000000 6.50000000 0.37254902 0.38823529 0.40392157
v -79.00000000 16.04748737 6.74748737 0.37254902 0.38823529 0.40392157
v -39.00000000 16.04748737 6.74748737 0.37254902 0.38823529 0.40392157
v -79.00000000 15.80000000 6.85000000 0.37254902 0.38823529 0.40392157
v -39.00000000 15.80000000 6.85000000 0.37254902 0.38823529 0.40392157
v -79.00000000 15.55251263 6.74748737 0.37254902 0.38823529 0.40392157
v -39.00000000 15.55251263 6.74748737 0.37254902 0.38823529 0.40392157
v -79.00000000 15.45000000 6.50000000 0.37254902 0.38823529 0.40392157
v -39.00000000 15.45000000 6.50000000 0.37254902 0.38823529 0.40392157
v -79.00000000 15.55251263 6.25251263 0.37254902 0.38823529 0.40392157
v -39.00000000 15.55251263 6.25251263 0.37254902 0.38823529 0.40392157
f 4936 4935 4939
f 4936 4939 4937
f 4937 4939 4940
f 4937 4940 4938
f 4939 4935 4941
f 4939 4941 4940
f 4940 4941 4942
f 4940 4942 4938
f 4941 4935 4943
f 4941 4943 4942
f 4942 4943 4944
f 4942 4944 4938
f 4943 4935 4945
f 4943 4945 4944
f 4944 4945 4946
f 4944 4946 4938
f 4945 4935 4947
f 4945 4947 4946
f 4946 4947 4948
f 4946 4948 4938
f 4947 4935 4949
f 4947 4949 4948
f 4948 4949 4950
f 4948 4950 4938
f 4949 4935 4951
f 4949 4951 4950
f 4950 4951 4952
f 4950 4952 4938
f 4951 4935 4936
f 4951 4936 4952
f 4952 4936 4937
f 4952 4937 4938

o underframe_equipment_59_0
v 46.75000000 -4.00000000 5.90000000 0.10980392 0.11764706 0.12549020
v 46.75000000 -4.00000000 8.90000000 0.10980392 0.11764706 0.12549020
v 46.75000000 4.00000000 5.90000000 0.10980392 0.11764706 0.12549020
v 46.75000000 4.00000000 8.90000000 0.10980392 0.11764706 0.12549020
v 55.25000000 -4.00000000 5.90000000 0.10980392 0.11764706 0.12549020
v 55.25000000 -4.00000000 8.90000000 0.10980392 0.11764706 0.12549020
v 55.25000000 4.00000000 5.90000000 0.10980392 0.11764706 0.12549020
v 55.25000000 4.00000000 8.90000000 0.10980392 0.11764706 0.12549020
f 4954 4956 4953
f 4957 4954 4953
f 4953 4956 4955
f 4955 4957 4953
f 4954 4960 4956
f 4958 4954 4957
f 4958 4960 4954
f 4956 4960 4955
f 4959 4957 4955
f 4955 4960 4959
f 4959 4958 4957
f 4960 4958 4959

o equipment_pipe_59_0_-1
v 51.00000000 -4.00000000 7.40000000 0.37254902 0.38823529 0.40392157
v 51.70000000 -4.00000000 7.40000000 0.37254902 0.38823529 0.40392157
v 51.70000000 -5.20000000 7.40000000 0.37254902 0.38823529 0.40392157
v 51.00000000 -5.20000000 7.40000000 0.37254902 0.38823529 0.40392157
v 51.49497475 -4.00000000 7.89497475 0.37254902 0.38823529 0.40392157
v 51.49497475 -5.20000000 7.89497475 0.37254902 0.38823529 0.40392157
v 51.00000000 -4.00000000 8.10000000 0.37254902 0.38823529 0.40392157
v 51.00000000 -5.20000000 8.10000000 0.37254902 0.38823529 0.40392157
v 50.50502525 -4.00000000 7.89497475 0.37254902 0.38823529 0.40392157
v 50.50502525 -5.20000000 7.89497475 0.37254902 0.38823529 0.40392157
v 50.30000000 -4.00000000 7.40000000 0.37254902 0.38823529 0.40392157
v 50.30000000 -5.20000000 7.40000000 0.37254902 0.38823529 0.40392157
v 50.50502525 -4.00000000 6.90502525 0.37254902 0.38823529 0.40392157
v 50.50502525 -5.20000000 6.90502525 0.37254902 0.38823529 0.40392157
v 51.00000000 -4.00000000 6.70000000 0.37254902 0.38823529 0.40392157
v 51.00000000 -5.20000000 6.70000000 0.37254902 0.38823529 0.40392157
v 51.49497475 -4.00000000 6.90502525 0.37254902 0.38823529 0.40392157
v 51.49497475 -5.20000000 6.90502525 0.37254902 0.38823529 0.40392157
f 4962 4961 4965
f 4962 4965 4963
f 4963 4965 4966
f 4963 4966 4964
f 4965 4961 4967
f 4965 4967 4966
f 4966 4967 4968
f 4966 4968 4964
f 4967 4961 4969
f 4967 4969 4968
f 4968 4969 4970
f 4968 4970 4964
f 4969 4961 4971
f 4969 4971 4970
f 4970 4971 4972
f 4970 4972 4964
f 4971 4961 4973
f 4971 4973 4972
f 4972 4973 4974
f 4972 4974 4964
f 4973 4961 4975
f 4973 4975 4974
f 4974 4975 4976
f 4974 4976 4964
f 4975 4961 4977
f 4975 4977 4976
f 4976 4977 4978
f 4976 4978 4964
f 4977 4961 4962
f 4977 4962 4978
f 4978 4962 4963
f 4978 4963 4964

o equipment_pipe_59_0_1
v 51.00000000 4.00000000 7.40000000 0.37254902 0.38823529 0.40392157
v 51.70000000 4.00000000 7.40000000 0.37254902 0.38823529 0.40392157
v 51.70000000 5.20000000 7.40000000 0.37254902 0.38823529 0.40392157
v 51.00000000 5.20000000 7.40000000 0.37254902 0.38823529 0.40392157
v 51.49497475 4.00000000 6.90502525 0.37254902 0.38823529 0.40392157
v 51.49497475 5.20000000 6.90502525 0.37254902 0.38823529 0.40392157
v 51.00000000 4.00000000 6.70000000 0.37254902 0.38823529 0.40392157
v 51.00000000 5.20000000 6.70000000 0.37254902 0.38823529 0.40392157
v 50.50502525 4.00000000 6.90502525 0.37254902 0.38823529 0.40392157
v 50.50502525 5.20000000 6.90502525 0.37254902 0.38823529 0.40392157
v 50.30000000 4.00000000 7.40000000 0.37254902 0.38823529 0.40392157
v 50.30000000 5.20000000 7.40000000 0.37254902 0.38823529 0.40392157
v 50.50502525 4.00000000 7.89497475 0.37254902 0.38823529 0.40392157
v 50.50502525 5.20000000 7.89497475 0.37254902 0.38823529 0.40392157
v 51.00000000 4.00000000 8.10000000 0.37254902 0.38823529 0.40392157
v 51.00000000 5.20000000 8.10000000 0.37254902 0.38823529 0.40392157
v 51.49497475 4.00000000 7.89497475 0.37254902 0.38823529 0.40392157
v 51.49497475 5.20000000 7.89497475 0.37254902 0.38823529 0.40392157
f 4980 4979 4983
f 4980 4983 4981
f 4981 4983 4984
f 4981 4984 4982
f 4983 4979 4985
f 4983 4985 4984
f 4984 4985 4986
f 4984 4986 4982
f 4985 4979 4987
f 4985 4987 4986
f 4986 4987 4988
f 4986 4988 4982
f 4987 4979 4989
f 4987 4989 4988
f 4988 4989 4990
f 4988 4990 4982
f 4989 4979 4991
f 4989 4991 4990
f 4990 4991 4992
f 4990 4992 4982
f 4991 4979 4993
f 4991 4993 4992
f 4992 4993 4994
f 4992 4994 4982
f 4993 4979 4995
f 4993 4995 4994
f 4994 4995 4996
f 4994 4996 4982
f 4995 4979 4980
f 4995 4980 4996
f 4996 4980 4981
f 4996 4981 4982

o underframe_equipment_59_1
v 62.75000000 -4.00000000 5.90000000 0.10980392 0.11764706 0.12549020
v 62.75000000 -4.00000000 8.90000000 0.10980392 0.11764706 0.12549020
v 62.75000000 4.00000000 5.90000000 0.10980392 0.11764706 0.12549020
v 62.75000000 4.00000000 8.90000000 0.10980392 0.11764706 0.12549020
v 71.25000000 -4.00000000 5.90000000 0.10980392 0.11764706 0.12549020
v 71.25000000 -4.00000000 8.90000000 0.10980392 0.11764706 0.12549020
v 71.25000000 4.00000000 5.90000000 0.10980392 0.11764706 0.12549020
v 71.25000000 4.00000000 8.90000000 0.10980392 0.11764706 0.12549020
f 4998 5000 4997
f 5001 4998 4997
f 4997 5000 4999
f 4999 5001 4997
f 4998 5004 5000
f 5002 4998 5001
f 5002 5004 4998
f 5000 5004 4999
f 5003 5001 4999
f 4999 5004 5003
f 5003 5002 5001
f 5004 5002 5003

o equipment_pipe_59_1_-1
v 67.00000000 -4.00000000 7.40000000 0.37254902 0.38823529 0.40392157
v 67.70000000 -4.00000000 7.40000000 0.37254902 0.38823529 0.40392157
v 67.70000000 -5.20000000 7.40000000 0.37254902 0.38823529 0.40392157
v 67.00000000 -5.20000000 7.40000000 0.37254902 0.38823529 0.40392157
v 67.49497475 -4.00000000 7.89497475 0.37254902 0.38823529 0.40392157
v 67.49497475 -5.20000000 7.89497475 0.37254902 0.38823529 0.40392157
v 67.00000000 -4.00000000 8.10000000 0.37254902 0.38823529 0.40392157
v 67.00000000 -5.20000000 8.10000000 0.37254902 0.38823529 0.40392157
v 66.50502525 -4.00000000 7.89497475 0.37254902 0.38823529 0.40392157
v 66.50502525 -5.20000000 7.89497475 0.37254902 0.38823529 0.40392157
v 66.30000000 -4.00000000 7.40000000 0.37254902 0.38823529 0.40392157
v 66.30000000 -5.20000000 7.40000000 0.37254902 0.38823529 0.40392157
v 66.50502525 -4.00000000 6.90502525 0.37254902 0.38823529 0.40392157
v 66.50502525 -5.20000000 6.90502525 0.37254902 0.38823529 0.40392157
v 67.00000000 -4.00000000 6.70000000 0.37254902 0.38823529 0.40392157
v 67.00000000 -5.20000000 6.70000000 0.37254902 0.38823529 0.40392157
v 67.49497475 -4.00000000 6.90502525 0.37254902 0.38823529 0.40392157
v 67.49497475 -5.20000000 6.90502525 0.37254902 0.38823529 0.40392157
f 5006 5005 5009
f 5006 5009 5007
f 5007 5009 5010
f 5007 5010 5008
f 5009 5005 5011
f 5009 5011 5010
f 5010 5011 5012
f 5010 5012 5008
f 5011 5005 5013
f 5011 5013 5012
f 5012 5013 5014
f 5012 5014 5008
f 5013 5005 5015
f 5013 5015 5014
f 5014 5015 5016
f 5014 5016 5008
f 5015 5005 5017
f 5015 5017 5016
f 5016 5017 5018
f 5016 5018 5008
f 5017 5005 5019
f 5017 5019 5018
f 5018 5019 5020
f 5018 5020 5008
f 5019 5005 5021
f 5019 5021 5020
f 5020 5021 5022
f 5020 5022 5008
f 5021 5005 5006
f 5021 5006 5022
f 5022 5006 5007
f 5022 5007 5008

o equipment_pipe_59_1_1
v 67.00000000 4.00000000 7.40000000 0.37254902 0.38823529 0.40392157
v 67.70000000 4.00000000 7.40000000 0.37254902 0.38823529 0.40392157
v 67.70000000 5.20000000 7.40000000 0.37254902 0.38823529 0.40392157
v 67.00000000 5.20000000 7.40000000 0.37254902 0.38823529 0.40392157
v 67.49497475 4.00000000 6.90502525 0.37254902 0.38823529 0.40392157
v 67.49497475 5.20000000 6.90502525 0.37254902 0.38823529 0.40392157
v 67.00000000 4.00000000 6.70000000 0.37254902 0.38823529 0.40392157
v 67.00000000 5.20000000 6.70000000 0.37254902 0.38823529 0.40392157
v 66.50502525 4.00000000 6.90502525 0.37254902 0.38823529 0.40392157
v 66.50502525 5.20000000 6.90502525 0.37254902 0.38823529 0.40392157
v 66.30000000 4.00000000 7.40000000 0.37254902 0.38823529 0.40392157
v 66.30000000 5.20000000 7.40000000 0.37254902 0.38823529 0.40392157
v 66.50502525 4.00000000 7.89497475 0.37254902 0.38823529 0.40392157
v 66.50502525 5.20000000 7.89497475 0.37254902 0.38823529 0.40392157
v 67.00000000 4.00000000 8.10000000 0.37254902 0.38823529 0.40392157
v 67.00000000 5.20000000 8.10000000 0.37254902 0.38823529 0.40392157
v 67.49497475 4.00000000 7.89497475 0.37254902 0.38823529 0.40392157
v 67.49497475 5.20000000 7.89497475 0.37254902 0.38823529 0.40392157
f 5024 5023 5027
f 5024 5027 5025
f 5025 5027 5028
f 5025 5028 5026
f 5027 5023 5029
f 5027 5029 5028
f 5028 5029 5030
f 5028 5030 5026
f 5029 5023 5031
f 5029 5031 5030
f 5030 5031 5032
f 5030 5032 5026
f 5031 5023 5033
f 5031 5033 5032
f 5032 5033 5034
f 5032 5034 5026
f 5033 5023 5035
f 5033 5035 5034
f 5034 5035 5036
f 5034 5036 5026
f 5035 5023 5037
f 5035 5037 5036
f 5036 5037 5038
f 5036 5038 5026
f 5037 5023 5039
f 5037 5039 5038
f 5038 5039 5040
f 5038 5040 5026
f 5039 5023 5024
f 5039 5024 5040
f 5040 5024 5025
f 5040 5025 5026

o brake_beam_59_-1
v 41.50000000 -16.30000000 5.15000000 0.17647059 0.18823529 0.20000000
v 41.50000000 -16.30000000 6.25000000 0.17647059 0.18823529 0.20000000
v 41.50000000 -15.30000000 5.15000000 0.17647059 0.18823529 0.20000000
v 41.50000000 -15.30000000 6.25000000 0.17647059 0.18823529 0.20000000
v 76.50000000 -16.30000000 5.15000000 0.17647059 0.18823529 0.20000000
v 76.50000000 -16.30000000 6.25000000 0.17647059 0.18823529 0.20000000
v 76.50000000 -15.30000000 5.15000000 0.17647059 0.18823529 0.20000000
v 76.50000000 -15.30000000 6.25000000 0.17647059 0.18823529 0.20000000
f 5042 5044 5041
f 5045 5042 5041
f 5041 5044 5043
f 5043 5045 5041
f 5042 5048 5044
f 5046 5042 5045
f 5046 5048 5042
f 5044 5048 5043
f 5047 5045 5043
f 5043 5048 5047
f 5047 5046 5045
f 5048 5046 5047

o axle_box_59_-1_-17
v 39.90000000 -17.40000000 5.90000000 0.37254902 0.38823529 0.40392157
v 39.90000000 -17.40000000 8.90000000 0.37254902 0.38823529 0.40392157
v 39.90000000 -15.00000000 5.90000000 0.37254902 0.38823529 0.40392157
v 39.90000000 -15.00000000 8.90000000 0.37254902 0.38823529 0.40392157
v 44.10000000 -17.40000000 5.90000000 0.37254902 0.38823529 0.40392157
v 44.10000000 -17.40000000 8.90000000 0.37254902 0.38823529 0.40392157
v 44.10000000 -15.00000000 5.90000000 0.37254902 0.38823529 0.40392157
v 44.10000000 -15.00000000 8.90000000 0.37254902 0.38823529 0.40392157
f 5050 5052 5049
f 5053 5050 5049
f 5049 5052 5051
f 5051 5053 5049
f 5050 5056 5052
f 5054 5050 5053
f 5054 5056 5050
f 5052 5056 5051
f 5055 5053 5051
f 5051 5056 5055
f 5055 5054 5053
f 5056 5054 5055

o suspension_spring_59_-1_-17
v 42.00000000 -15.30000000 9.40000000 0.37254902 0.38823529 0.40392157
v 43.15000000 -15.30000000 9.40000000 0.37254902 0.38823529 0.40392157
v 43.15000000 -17.30000000 9.40000000 0.37254902 0.38823529 0.40392157
v 42.00000000 -17.30000000 9.40000000 0.37254902 0.38823529 0.40392157
v 42.93036954 -15.30000000 10.07595304 0.37254902 0.38823529 0.40392157
v 42.93036954 -17.30000000 10.07595304 0.37254902 0.38823529 0.40392157
v 42.35536954 -15.30000000 10.49371499 0.37254902 0.38823529 0.40392157
v 42.35536954 -17.30000000 10.49371499 0.37254902 0.38823529 0.40392157
v 41.64463046 -15.30000000 10.49371499 0.37254902 0.38823529 0.40392157
v 41.64463046 -17.30000000 10.49371499 0.37254902 0.38823529 0.40392157
v 41.06963046 -15.30000000 10.07595304 0.37254902 0.38823529 0.40392157
v 41.06963046 -17.30000000 10.07595304 0.37254902 0.38823529 0.40392157
v 40.85000000 -15.30000000 9.40000000 0.37254902 0.38823529 0.40392157
v 40.85000000 -17.30000000 9.40000000 0.37254902 0.38823529 0.40392157
v 41.06963046 -15.30000000 8.72404696 0.37254902 0.38823529 0.40392157
v 41.06963046 -17.30000000 8.72404696 0.37254902 0.38823529 0.40392157
v 41.64463046 -15.30000000 8.30628501 0.37254902 0.38823529 0.40392157
v 41.64463046 -17.30000000 8.30628501 0.37254902 0.38823529 0.40392157
v 42.35536954 -15.30000000 8.30628501 0.37254902 0.38823529 0.40392157
v 42.35536954 -17.30000000 8.30628501 0.37254902 0.38823529 0.40392157
v 42.93036954 -15.30000000 8.72404696 0.37254902 0.38823529 0.40392157
v 42.93036954 -17.30000000 8.72404696 0.37254902 0.38823529 0.40392157
f 5058 5057 5061
f 5058 5061 5059
f 5059 5061 5062
f 5059 5062 5060
f 5061 5057 5063
f 5061 5063 5062
f 5062 5063 5064
f 5062 5064 5060
f 5063 5057 5065
f 5063 5065 5064
f 5064 5065 5066
f 5064 5066 5060
f 5065 5057 5067
f 5065 5067 5066
f 5066 5067 5068
f 5066 5068 5060
f 5067 5057 5069
f 5067 5069 5068
f 5068 5069 5070
f 5068 5070 5060
f 5069 5057 5071
f 5069 5071 5070
f 5070 5071 5072
f 5070 5072 5060
f 5071 5057 5073
f 5071 5073 5072
f 5072 5073 5074
f 5072 5074 5060
f 5073 5057 5075
f 5073 5075 5074
f 5074 5075 5076
f 5074 5076 5060
f 5075 5057 5077
f 5075 5077 5076
f 5076 5077 5078
f 5076 5078 5060
f 5077 5057 5058
f 5077 5058 5078
f 5078 5058 5059
f 5078 5059 5060

o brake_link_59_-1_-17
v 39.00000000 -15.80000000 5.90000000 0.43137255 0.29411765 0.21568627
v 39.19058657 -15.76941154 5.52698377 0.43137255 0.29411765 0.21568627
v 42.19058657 -16.16941154 7.02698377 0.43137255 0.29411765 0.21568627
v 42.00000000 -16.20000000 7.40000000 0.43137255 0.29411765 0.21568627
v 39.15639436 -15.48426975 5.67140600 0.43137255 0.29411765 0.21568627
v 42.15639436 -15.88426975 7.17140600 0.43137255 0.29411765 0.21568627
v 39.03058846 -15.38407846 5.94973550 0.43137255 0.29411765 0.21568627
v 42.03058846 -15.78407846 7.44973550 0.43137255 0.29411765 0.21568627
v 38.88686425 -15.52752836 6.19893061 0.43137255 0.29411765 0.21568627
v 41.88686425 -15.92752836 7.69893061 0.43137255 0.29411765 0.21568627
v 38.80941343 -15.83058846 6.27301623 0.43137255 0.29411765 0.21568627
v 41.80941343 -16.23058846 7.77301623 0.43137255 0.29411765 0.21568627
v 38.84360564 -16.11573025 6.12859400 0.43137255 0.29411765 0.21568627
v 41.84360564 -16.51573025 7.62859400 0.43137255 0.29411765 0.21568627
v 38.96941154 -16.21592154 5.85026450 0.43137255 0.29411765 0.21568627
v 41.96941154 -16.61592154 7.35026450 0.43137255 0.29411765 0.21568627
v 39.11313575 -16.07247164 5.60106939 0.43137255 0.29411765 0.21568627
v 42.11313575 -16.47247164 7.10106939 0.43137255 0.29411765 0.21568627
f 5080 5079 5083
f 5080 5083 5081
f 5081 5083 5084
f 5081 5084 5082
f 5083 5079 5085
f 5083 5085 5084
f 5084 5085 5086
f 5084 5086 5082
f 5085 5079 5087
f 5085 5087 5086
f 5086 5087 5088
f 5086 5088 5082
f 5087 5079 5089
f 5087 5089 5088
f 5088 5089 5090
f 5088 5090 5082
f 5089 5079 5091
f 5089 5091 5090
f 5090 5091 5092
f 5090 5092 5082
f 5091 5079 5093
f 5091 5093 5092
f 5092 5093 5094
f 5092 5094 5082
f 5093 5079 5095
f 5093 5095 5094
f 5094 5095 5096
f 5094 5096 5082
f 5095 5079 5080
f 5095 5080 5096
f 5096 5080 5081
f 5096 5081 5082

o axle_box_59_-1_0
v 56.90000000 -17.40000000 5.90000000 0.37254902 0.38823529 0.40392157
v 56.90000000 -17.40000000 8.90000000 0.37254902 0.38823529 0.40392157
v 56.90000000 -15.00000000 5.90000000 0.37254902 0.38823529 0.40392157
v 56.90000000 -15.00000000 8.90000000 0.37254902 0.38823529 0.40392157
v 61.10000000 -17.40000000 5.90000000 0.37254902 0.38823529 0.40392157
v 61.10000000 -17.40000000 8.90000000 0.37254902 0.38823529 0.40392157
v 61.10000000 -15.00000000 5.90000000 0.37254902 0.38823529 0.40392157
v 61.10000000 -15.00000000 8.90000000 0.37254902 0.38823529 0.40392157
f 5098 5100 5097
f 5101 5098 5097
f 5097 5100 5099
f 5099 5101 5097
f 5098 5104 5100
f 5102 5098 5101
f 5102 5104 5098
f 5100 5104 5099
f 5103 5101 5099
f 5099 5104 5103
f 5103 5102 5101
f 5104 5102 5103

o suspension_spring_59_-1_0
v 59.00000000 -15.30000000 9.40000000 0.37254902 0.38823529 0.40392157
v 60.15000000 -15.30000000 9.40000000 0.37254902 0.38823529 0.40392157
v 60.15000000 -17.30000000 9.40000000 0.37254902 0.38823529 0.40392157
v 59.00000000 -17.30000000 9.40000000 0.37254902 0.38823529 0.40392157
v 59.93036954 -15.30000000 10.07595304 0.37254902 0.38823529 0.40392157
v 59.93036954 -17.30000000 10.07595304 0.37254902 0.38823529 0.40392157
v 59.35536954 -15.30000000 10.49371499 0.37254902 0.38823529 0.40392157
v 59.35536954 -17.30000000 10.49371499 0.37254902 0.38823529 0.40392157
v 58.64463046 -15.30000000 10.49371499 0.37254902 0.38823529 0.40392157
v 58.64463046 -17.30000000 10.49371499 0.37254902 0.38823529 0.40392157
v 58.06963046 -15.30000000 10.07595304 0.37254902 0.38823529 0.40392157
v 58.06963046 -17.30000000 10.07595304 0.37254902 0.38823529 0.40392157
v 57.85000000 -15.30000000 9.40000000 0.37254902 0.38823529 0.40392157
v 57.85000000 -17.30000000 9.40000000 0.37254902 0.38823529 0.40392157
v 58.06963046 -15.30000000 8.72404696 0.37254902 0.38823529 0.40392157
v 58.06963046 -17.30000000 8.72404696 0.37254902 0.38823529 0.40392157
v 58.64463046 -15.30000000 8.30628501 0.37254902 0.38823529 0.40392157
v 58.64463046 -17.30000000 8.30628501 0.37254902 0.38823529 0.40392157
v 59.35536954 -15.30000000 8.30628501 0.37254902 0.38823529 0.40392157
v 59.35536954 -17.30000000 8.30628501 0.37254902 0.38823529 0.40392157
v 59.93036954 -15.30000000 8.72404696 0.37254902 0.38823529 0.40392157
v 59.93036954 -17.30000000 8.72404696 0.37254902 0.38823529 0.40392157
f 5106 5105 5109
f 5106 5109 5107
f 5107 5109 5110
f 5107 5110 5108
f 5109 5105 5111
f 5109 5111 5110
f 5110 5111 5112
f 5110 5112 5108
f 5111 5105 5113
f 5111 5113 5112
f 5112 5113 5114
f 5112 5114 5108
f 5113 5105 5115
f 5113 5115 5114
f 5114 5115 5116
f 5114 5116 5108
f 5115 5105 5117
f 5115 5117 5116
f 5116 5117 5118
f 5116 5118 5108
f 5117 5105 5119
f 5117 5119 5118
f 5118 5119 5120
f 5118 5120 5108
f 5119 5105 5121
f 5119 5121 5120
f 5120 5121 5122
f 5120 5122 5108
f 5121 5105 5123
f 5121 5123 5122
f 5122 5123 5124
f 5122 5124 5108
f 5123 5105 5125
f 5123 5125 5124
f 5124 5125 5126
f 5124 5126 5108
f 5125 5105 5106
f 5125 5106 5126
f 5126 5106 5107
f 5126 5107 5108

o brake_link_59_-1_0
v 56.00000000 -15.80000000 5.90000000 0.43137255 0.29411765 0.21568627
v 56.19058657 -15.76941154 5.52698377 0.43137255 0.29411765 0.21568627
v 59.19058657 -16.16941154 7.02698377 0.43137255 0.29411765 0.21568627
v 59.00000000 -16.20000000 7.40000000 0.43137255 0.29411765 0.21568627
v 56.15639436 -15.48426975 5.67140600 0.43137255 0.29411765 0.21568627
v 59.15639436 -15.88426975 7.17140600 0.43137255 0.29411765 0.21568627
v 56.03058846 -15.38407846 5.94973550 0.43137255 0.29411765 0.21568627
v 59.03058846 -15.78407846 7.44973550 0.43137255 0.29411765 0.21568627
v 55.88686425 -15.52752836 6.19893061 0.43137255 0.29411765 0.21568627
v 58.88686425 -15.92752836 7.69893061 0.43137255 0.29411765 0.21568627
v 55.80941343 -15.83058846 6.27301623 0.43137255 0.29411765 0.21568627
v 58.80941343 -16.23058846 7.77301623 0.43137255 0.29411765 0.21568627
v 55.84360564 -16.11573025 6.12859400 0.43137255 0.29411765 0.21568627
v 58.84360564 -16.51573025 7.62859400 0.43137255 0.29411765 0.21568627
v 55.96941154 -16.21592154 5.85026450 0.43137255 0.29411765 0.21568627
v 58.96941154 -16.61592154 7.35026450 0.43137255 0.29411765 0.21568627
v 56.11313575 -16.07247164 5.60106939 0.43137255 0.29411765 0.21568627
v 59.11313575 -16.47247164 7.10106939 0.43137255 0.29411765 0.21568627
f 5128 5127 5131
f 5128 5131 5129
f 5129 5131 5132
f 5129 5132 5130
f 5131 5127 5133
f 5131 5133 5132
f 5132 5133 5134
f 5132 5134 5130
f 5133 5127 5135
f 5133 5135 5134
f 5134 5135 5136
f 5134 5136 5130
f 5135 5127 5137
f 5135 5137 5136
f 5136 5137 5138
f 5136 5138 5130
f 5137 5127 5139
f 5137 5139 5138
f 5138 5139 5140
f 5138 5140 5130
f 5139 5127 5141
f 5139 5141 5140
f 5140 5141 5142
f 5140 5142 5130
f 5141 5127 5143
f 5141 5143 5142
f 5142 5143 5144
f 5142 5144 5130
f 5143 5127 5128
f 5143 5128 5144
f 5144 5128 5129
f 5144 5129 5130

o axle_box_59_-1_17
v 73.90000000 -17.40000000 5.90000000 0.37254902 0.38823529 0.40392157
v 73.90000000 -17.40000000 8.90000000 0.37254902 0.38823529 0.40392157
v 73.90000000 -15.00000000 5.90000000 0.37254902 0.38823529 0.40392157
v 73.90000000 -15.00000000 8.90000000 0.37254902 0.38823529 0.40392157
v 78.10000000 -17.40000000 5.90000000 0.37254902 0.38823529 0.40392157
v 78.10000000 -17.40000000 8.90000000 0.37254902 0.38823529 0.40392157
v 78.10000000 -15.00000000 5.90000000 0.37254902 0.38823529 0.40392157
v 78.10000000 -15.00000000 8.90000000 0.37254902 0.38823529 0.40392157
f 5146 5148 5145
f 5149 5146 5145
f 5145 5148 5147
f 5147 5149 5145
f 5146 5152 5148
f 5150 5146 5149
f 5150 5152 5146
f 5148 5152 5147
f 5151 5149 5147
f 5147 5152 5151
f 5151 5150 5149
f 5152 5150 5151

o suspension_spring_59_-1_17
v 76.00000000 -15.30000000 9.40000000 0.37254902 0.38823529 0.40392157
v 77.15000000 -15.30000000 9.40000000 0.37254902 0.38823529 0.40392157
v 77.15000000 -17.30000000 9.40000000 0.37254902 0.38823529 0.40392157
v 76.00000000 -17.30000000 9.40000000 0.37254902 0.38823529 0.40392157
v 76.93036954 -15.30000000 10.07595304 0.37254902 0.38823529 0.40392157
v 76.93036954 -17.30000000 10.07595304 0.37254902 0.38823529 0.40392157
v 76.35536954 -15.30000000 10.49371499 0.37254902 0.38823529 0.40392157
v 76.35536954 -17.30000000 10.49371499 0.37254902 0.38823529 0.40392157
v 75.64463046 -15.30000000 10.49371499 0.37254902 0.38823529 0.40392157
v 75.64463046 -17.30000000 10.49371499 0.37254902 0.38823529 0.40392157
v 75.06963046 -15.30000000 10.07595304 0.37254902 0.38823529 0.40392157
v 75.06963046 -17.30000000 10.07595304 0.37254902 0.38823529 0.40392157
v 74.85000000 -15.30000000 9.40000000 0.37254902 0.38823529 0.40392157
v 74.85000000 -17.30000000 9.40000000 0.37254902 0.38823529 0.40392157
v 75.06963046 -15.30000000 8.72404696 0.37254902 0.38823529 0.40392157
v 75.06963046 -17.30000000 8.72404696 0.37254902 0.38823529 0.40392157
v 75.64463046 -15.30000000 8.30628501 0.37254902 0.38823529 0.40392157
v 75.64463046 -17.30000000 8.30628501 0.37254902 0.38823529 0.40392157
v 76.35536954 -15.30000000 8.30628501 0.37254902 0.38823529 0.40392157
v 76.35536954 -17.30000000 8.30628501 0.37254902 0.38823529 0.40392157
v 76.93036954 -15.30000000 8.72404696 0.37254902 0.38823529 0.40392157
v 76.93036954 -17.30000000 8.72404696 0.37254902 0.38823529 0.40392157
f 5154 5153 5157
f 5154 5157 5155
f 5155 5157 5158
f 5155 5158 5156
f 5157 5153 5159
f 5157 5159 5158
f 5158 5159 5160
f 5158 5160 5156
f 5159 5153 5161
f 5159 5161 5160
f 5160 5161 5162
f 5160 5162 5156
f 5161 5153 5163
f 5161 5163 5162
f 5162 5163 5164
f 5162 5164 5156
f 5163 5153 5165
f 5163 5165 5164
f 5164 5165 5166
f 5164 5166 5156
f 5165 5153 5167
f 5165 5167 5166
f 5166 5167 5168
f 5166 5168 5156
f 5167 5153 5169
f 5167 5169 5168
f 5168 5169 5170
f 5168 5170 5156
f 5169 5153 5171
f 5169 5171 5170
f 5170 5171 5172
f 5170 5172 5156
f 5171 5153 5173
f 5171 5173 5172
f 5172 5173 5174
f 5172 5174 5156
f 5173 5153 5154
f 5173 5154 5174
f 5174 5154 5155
f 5174 5155 5156

o brake_link_59_-1_17
v 73.00000000 -15.80000000 5.90000000 0.43137255 0.29411765 0.21568627
v 73.19058657 -15.76941154 5.52698377 0.43137255 0.29411765 0.21568627
v 76.19058657 -16.16941154 7.02698377 0.43137255 0.29411765 0.21568627
v 76.00000000 -16.20000000 7.40000000 0.43137255 0.29411765 0.21568627
v 73.15639436 -15.48426975 5.67140600 0.43137255 0.29411765 0.21568627
v 76.15639436 -15.88426975 7.17140600 0.43137255 0.29411765 0.21568627
v 73.03058846 -15.38407846 5.94973550 0.43137255 0.29411765 0.21568627
v 76.03058846 -15.78407846 7.44973550 0.43137255 0.29411765 0.21568627
v 72.88686425 -15.52752836 6.19893061 0.43137255 0.29411765 0.21568627
v 75.88686425 -15.92752836 7.69893061 0.43137255 0.29411765 0.21568627
v 72.80941343 -15.83058846 6.27301623 0.43137255 0.29411765 0.21568627
v 75.80941343 -16.23058846 7.77301623 0.43137255 0.29411765 0.21568627
v 72.84360564 -16.11573025 6.12859400 0.43137255 0.29411765 0.21568627
v 75.84360564 -16.51573025 7.62859400 0.43137255 0.29411765 0.21568627
v 72.96941154 -16.21592154 5.85026450 0.43137255 0.29411765 0.21568627
v 75.96941154 -16.61592154 7.35026450 0.43137255 0.29411765 0.21568627
v 73.11313575 -16.07247164 5.60106939 0.43137255 0.29411765 0.21568627
v 76.11313575 -16.47247164 7.10106939 0.43137255 0.29411765 0.21568627
f 5176 5175 5179
f 5176 5179 5177
f 5177 5179 5180
f 5177 5180 5178
f 5179 5175 5181
f 5179 5181 5180
f 5180 5181 5182
f 5180 5182 5178
f 5181 5175 5183
f 5181 5183 5182
f 5182 5183 5184
f 5182 5184 5178
f 5183 5175 5185
f 5183 5185 5184
f 5184 5185 5186
f 5184 5186 5178
f 5185 5175 5187
f 5185 5187 5186
f 5186 5187 5188
f 5186 5188 5178
f 5187 5175 5189
f 5187 5189 5188
f 5188 5189 5190
f 5188 5190 5178
f 5189 5175 5191
f 5189 5191 5190
f 5190 5191 5192
f 5190 5192 5178
f 5191 5175 5176
f 5191 5176 5192
f 5192 5176 5177
f 5192 5177 5178

o bogie_tie_rod_59_-1
v 39.00000000 -15.80000000 6.50000000 0.37254902 0.38823529 0.40392157
v 39.00000000 -15.80000000 6.15000000 0.37254902 0.38823529 0.40392157
v 79.00000000 -15.80000000 6.15000000 0.37254902 0.38823529 0.40392157
v 79.00000000 -15.80000000 6.50000000 0.37254902 0.38823529 0.40392157
v 39.00000000 -15.55251263 6.25251263 0.37254902 0.38823529 0.40392157
v 79.00000000 -15.55251263 6.25251263 0.37254902 0.38823529 0.40392157
v 39.00000000 -15.45000000 6.50000000 0.37254902 0.38823529 0.40392157
v 79.00000000 -15.45000000 6.50000000 0.37254902 0.38823529 0.40392157
v 39.00000000 -15.55251263 6.74748737 0.37254902 0.38823529 0.40392157
v 79.00000000 -15.55251263 6.74748737 0.37254902 0.38823529 0.40392157
v 39.00000000 -15.80000000 6.85000000 0.37254902 0.38823529 0.40392157
v 79.00000000 -15.80000000 6.85000000 0.37254902 0.38823529 0.40392157
v 39.00000000 -16.04748737 6.74748737 0.37254902 0.38823529 0.40392157
v 79.00000000 -16.04748737 6.74748737 0.37254902 0.38823529 0.40392157
v 39.00000000 -16.15000000 6.50000000 0.37254902 0.38823529 0.40392157
v 79.00000000 -16.15000000 6.50000000 0.37254902 0.38823529 0.40392157
v 39.00000000 -16.04748737 6.25251263 0.37254902 0.38823529 0.40392157
v 79.00000000 -16.04748737 6.25251263 0.37254902 0.38823529 0.40392157
f 5194 5193 5197
f 5194 5197 5195
f 5195 5197 5198
f 5195 5198 5196
f 5197 5193 5199
f 5197 5199 5198
f 5198 5199 5200
f 5198 5200 5196
f 5199 5193 5201
f 5199 5201 5200
f 5200 5201 5202
f 5200 5202 5196
f 5201 5193 5203
f 5201 5203 5202
f 5202 5203 5204
f 5202 5204 5196
f 5203 5193 5205
f 5203 5205 5204
f 5204 5205 5206
f 5204 5206 5196
f 5205 5193 5207
f 5205 5207 5206
f 5206 5207 5208
f 5206 5208 5196
f 5207 5193 5209
f 5207 5209 5208
f 5208 5209 5210
f 5208 5210 5196
f 5209 5193 5194
f 5209 5194 5210
f 5210 5194 5195
f 5210 5195 5196

o brake_beam_59_1
v 41.50000000 15.30000000 5.15000000 0.17647059 0.18823529 0.20000000
v 41.50000000 15.30000000 6.25000000 0.17647059 0.18823529 0.20000000
v 41.50000000 16.30000000 5.15000000 0.17647059 0.18823529 0.20000000
v 41.50000000 16.30000000 6.25000000 0.17647059 0.18823529 0.20000000
v 76.50000000 15.30000000 5.15000000 0.17647059 0.18823529 0.20000000
v 76.50000000 15.30000000 6.25000000 0.17647059 0.18823529 0.20000000
v 76.50000000 16.30000000 5.15000000 0.17647059 0.18823529 0.20000000
v 76.50000000 16.30000000 6.25000000 0.17647059 0.18823529 0.20000000
f 5212 5214 5211
f 5215 5212 5211
f 5211 5214 5213
f 5213 5215 5211
f 5212 5218 5214
f 5216 5212 5215
f 5216 5218 5212
f 5214 5218 5213
f 5217 5215 5213
f 5213 5218 5217
f 5217 5216 5215
f 5218 5216 5217

o axle_box_59_1_-17
v 39.90000000 15.00000000 5.90000000 0.37254902 0.38823529 0.40392157
v 39.90000000 15.00000000 8.90000000 0.37254902 0.38823529 0.40392157
v 39.90000000 17.40000000 5.90000000 0.37254902 0.38823529 0.40392157
v 39.90000000 17.40000000 8.90000000 0.37254902 0.38823529 0.40392157
v 44.10000000 15.00000000 5.90000000 0.37254902 0.38823529 0.40392157
v 44.10000000 15.00000000 8.90000000 0.37254902 0.38823529 0.40392157
v 44.10000000 17.40000000 5.90000000 0.37254902 0.38823529 0.40392157
v 44.10000000 17.40000000 8.90000000 0.37254902 0.38823529 0.40392157
f 5220 5222 5219
f 5223 5220 5219
f 5219 5222 5221
f 5221 5223 5219
f 5220 5226 5222
f 5224 5220 5223
f 5224 5226 5220
f 5222 5226 5221
f 5225 5223 5221
f 5221 5226 5225
f 5225 5224 5223
f 5226 5224 5225

o suspension_spring_59_1_-17
v 42.00000000 15.30000000 9.40000000 0.37254902 0.38823529 0.40392157
v 43.15000000 15.30000000 9.40000000 0.37254902 0.38823529 0.40392157
v 43.15000000 17.30000000 9.40000000 0.37254902 0.38823529 0.40392157
v 42.00000000 17.30000000 9.40000000 0.37254902 0.38823529 0.40392157
v 42.93036954 15.30000000 8.72404696 0.37254902 0.38823529 0.40392157
v 42.93036954 17.30000000 8.72404696 0.37254902 0.38823529 0.40392157
v 42.35536954 15.30000000 8.30628501 0.37254902 0.38823529 0.40392157
v 42.35536954 17.30000000 8.30628501 0.37254902 0.38823529 0.40392157
v 41.64463046 15.30000000 8.30628501 0.37254902 0.38823529 0.40392157
v 41.64463046 17.30000000 8.30628501 0.37254902 0.38823529 0.40392157
v 41.06963046 15.30000000 8.72404696 0.37254902 0.38823529 0.40392157
v 41.06963046 17.30000000 8.72404696 0.37254902 0.38823529 0.40392157
v 40.85000000 15.30000000 9.40000000 0.37254902 0.38823529 0.40392157
v 40.85000000 17.30000000 9.40000000 0.37254902 0.38823529 0.40392157
v 41.06963046 15.30000000 10.07595304 0.37254902 0.38823529 0.40392157
v 41.06963046 17.30000000 10.07595304 0.37254902 0.38823529 0.40392157
v 41.64463046 15.30000000 10.49371499 0.37254902 0.38823529 0.40392157
v 41.64463046 17.30000000 10.49371499 0.37254902 0.38823529 0.40392157
v 42.35536954 15.30000000 10.49371499 0.37254902 0.38823529 0.40392157
v 42.35536954 17.30000000 10.49371499 0.37254902 0.38823529 0.40392157
v 42.93036954 15.30000000 10.07595304 0.37254902 0.38823529 0.40392157
v 42.93036954 17.30000000 10.07595304 0.37254902 0.38823529 0.40392157
f 5228 5227 5231
f 5228 5231 5229
f 5229 5231 5232
f 5229 5232 5230
f 5231 5227 5233
f 5231 5233 5232
f 5232 5233 5234
f 5232 5234 5230
f 5233 5227 5235
f 5233 5235 5234
f 5234 5235 5236
f 5234 5236 5230
f 5235 5227 5237
f 5235 5237 5236
f 5236 5237 5238
f 5236 5238 5230
f 5237 5227 5239
f 5237 5239 5238
f 5238 5239 5240
f 5238 5240 5230
f 5239 5227 5241
f 5239 5241 5240
f 5240 5241 5242
f 5240 5242 5230
f 5241 5227 5243
f 5241 5243 5242
f 5242 5243 5244
f 5242 5244 5230
f 5243 5227 5245
f 5243 5245 5244
f 5244 5245 5246
f 5244 5246 5230
f 5245 5227 5247
f 5245 5247 5246
f 5246 5247 5248
f 5246 5248 5230
f 5247 5227 5228
f 5247 5228 5248
f 5248 5228 5229
f 5248 5229 5230

o brake_link_59_1_-17
v 39.00000000 15.80000000 5.90000000 0.43137255 0.29411765 0.21568627
v 39.19058657 15.76941154 5.52698377 0.43137255 0.29411765 0.21568627
v 42.19058657 16.16941154 7.02698377 0.43137255 0.29411765 0.21568627
v 42.00000000 16.20000000 7.40000000 0.43137255 0.29411765 0.21568627
v 39.11313575 16.07247164 5.60106939 0.43137255 0.29411765 0.21568627
v 42.11313575 16.47247164 7.10106939 0.43137255 0.29411765 0.21568627
v 38.96941154 16.21592154 5.85026450 0.43137255 0.29411765 0.21568627
v 41.96941154 16.61592154 7.35026450 0.43137255 0.29411765 0.21568627
v 38.84360564 16.11573025 6.12859400 0.43137255 0.29411765 0.21568627
v 41.84360564 16.51573025 7.62859400 0.43137255 0.29411765 0.21568627
v 38.80941343 15.83058846 6.27301623 0.43137255 0.29411765 0.21568627
v 41.80941343 16.23058846 7.77301623 0.43137255 0.29411765 0.21568627
v 38.88686425 15.52752836 6.19893061 0.43137255 0.29411765 0.21568627
v 41.88686425 15.92752836 7.69893061 0.43137255 0.29411765 0.21568627
v 39.03058846 15.38407846 5.94973550 0.43137255 0.29411765 0.21568627
v 42.03058846 15.78407846 7.44973550 0.43137255 0.29411765 0.21568627
v 39.15639436 15.48426975 5.67140600 0.43137255 0.29411765 0.21568627
v 42.15639436 15.88426975 7.17140600 0.43137255 0.29411765 0.21568627
f 5250 5249 5253
f 5250 5253 5251
f 5251 5253 5254
f 5251 5254 5252
f 5253 5249 5255
f 5253 5255 5254
f 5254 5255 5256
f 5254 5256 5252
f 5255 5249 5257
f 5255 5257 5256
f 5256 5257 5258
f 5256 5258 5252
f 5257 5249 5259
f 5257 5259 5258
f 5258 5259 5260
f 5258 5260 5252
f 5259 5249 5261
f 5259 5261 5260
f 5260 5261 5262
f 5260 5262 5252
f 5261 5249 5263
f 5261 5263 5262
f 5262 5263 5264
f 5262 5264 5252
f 5263 5249 5265
f 5263 5265 5264
f 5264 5265 5266
f 5264 5266 5252
f 5265 5249 5250
f 5265 5250 5266
f 5266 5250 5251
f 5266 5251 5252

o axle_box_59_1_0
v 56.90000000 15.00000000 5.90000000 0.37254902 0.38823529 0.40392157
v 56.90000000 15.00000000 8.90000000 0.37254902 0.38823529 0.40392157
v 56.90000000 17.40000000 5.90000000 0.37254902 0.38823529 0.40392157
v 56.90000000 17.40000000 8.90000000 0.37254902 0.38823529 0.40392157
v 61.10000000 15.00000000 5.90000000 0.37254902 0.38823529 0.40392157
v 61.10000000 15.00000000 8.90000000 0.37254902 0.38823529 0.40392157
v 61.10000000 17.40000000 5.90000000 0.37254902 0.38823529 0.40392157
v 61.10000000 17.40000000 8.90000000 0.37254902 0.38823529 0.40392157
f 5268 5270 5267
f 5271 5268 5267
f 5267 5270 5269
f 5269 5271 5267
f 5268 5274 5270
f 5272 5268 5271
f 5272 5274 5268
f 5270 5274 5269
f 5273 5271 5269
f 5269 5274 5273
f 5273 5272 5271
f 5274 5272 5273

o suspension_spring_59_1_0
v 59.00000000 15.30000000 9.40000000 0.37254902 0.38823529 0.40392157
v 60.15000000 15.30000000 9.40000000 0.37254902 0.38823529 0.40392157
v 60.15000000 17.30000000 9.40000000 0.37254902 0.38823529 0.40392157
v 59.00000000 17.30000000 9.40000000 0.37254902 0.38823529 0.40392157
v 59.93036954 15.30000000 8.72404696 0.37254902 0.38823529 0.40392157
v 59.93036954 17.30000000 8.72404696 0.37254902 0.38823529 0.40392157
v 59.35536954 15.30000000 8.30628501 0.37254902 0.38823529 0.40392157
v 59.35536954 17.30000000 8.30628501 0.37254902 0.38823529 0.40392157
v 58.64463046 15.30000000 8.30628501 0.37254902 0.38823529 0.40392157
v 58.64463046 17.30000000 8.30628501 0.37254902 0.38823529 0.40392157
v 58.06963046 15.30000000 8.72404696 0.37254902 0.38823529 0.40392157
v 58.06963046 17.30000000 8.72404696 0.37254902 0.38823529 0.40392157
v 57.85000000 15.30000000 9.40000000 0.37254902 0.38823529 0.40392157
v 57.85000000 17.30000000 9.40000000 0.37254902 0.38823529 0.40392157
v 58.06963046 15.30000000 10.07595304 0.37254902 0.38823529 0.40392157
v 58.06963046 17.30000000 10.07595304 0.37254902 0.38823529 0.40392157
v 58.64463046 15.30000000 10.49371499 0.37254902 0.38823529 0.40392157
v 58.64463046 17.30000000 10.49371499 0.37254902 0.38823529 0.40392157
v 59.35536954 15.30000000 10.49371499 0.37254902 0.38823529 0.40392157
v 59.35536954 17.30000000 10.49371499 0.37254902 0.38823529 0.40392157
v 59.93036954 15.30000000 10.07595304 0.37254902 0.38823529 0.40392157
v 59.93036954 17.30000000 10.07595304 0.37254902 0.38823529 0.40392157
f 5276 5275 5279
f 5276 5279 5277
f 5277 5279 5280
f 5277 5280 5278
f 5279 5275 5281
f 5279 5281 5280
f 5280 5281 5282
f 5280 5282 5278
f 5281 5275 5283
f 5281 5283 5282
f 5282 5283 5284
f 5282 5284 5278
f 5283 5275 5285
f 5283 5285 5284
f 5284 5285 5286
f 5284 5286 5278
f 5285 5275 5287
f 5285 5287 5286
f 5286 5287 5288
f 5286 5288 5278
f 5287 5275 5289
f 5287 5289 5288
f 5288 5289 5290
f 5288 5290 5278
f 5289 5275 5291
f 5289 5291 5290
f 5290 5291 5292
f 5290 5292 5278
f 5291 5275 5293
f 5291 5293 5292
f 5292 5293 5294
f 5292 5294 5278
f 5293 5275 5295
f 5293 5295 5294
f 5294 5295 5296
f 5294 5296 5278
f 5295 5275 5276
f 5295 5276 5296
f 5296 5276 5277
f 5296 5277 5278

o brake_link_59_1_0
v 56.00000000 15.80000000 5.90000000 0.43137255 0.29411765 0.21568627
v 56.19058657 15.76941154 5.52698377 0.43137255 0.29411765 0.21568627
v 59.19058657 16.16941154 7.02698377 0.43137255 0.29411765 0.21568627
v 59.00000000 16.20000000 7.40000000 0.43137255 0.29411765 0.21568627
v 56.11313575 16.07247164 5.60106939 0.43137255 0.29411765 0.21568627
v 59.11313575 16.47247164 7.10106939 0.43137255 0.29411765 0.21568627
v 55.96941154 16.21592154 5.85026450 0.43137255 0.29411765 0.21568627
v 58.96941154 16.61592154 7.35026450 0.43137255 0.29411765 0.21568627
v 55.84360564 16.11573025 6.12859400 0.43137255 0.29411765 0.21568627
v 58.84360564 16.51573025 7.62859400 0.43137255 0.29411765 0.21568627
v 55.80941343 15.83058846 6.27301623 0.43137255 0.29411765 0.21568627
v 58.80941343 16.23058846 7.77301623 0.43137255 0.29411765 0.21568627
v 55.88686425 15.52752836 6.19893061 0.43137255 0.29411765 0.21568627
v 58.88686425 15.92752836 7.69893061 0.43137255 0.29411765 0.21568627
v 56.03058846 15.38407846 5.94973550 0.43137255 0.29411765 0.21568627
v 59.03058846 15.78407846 7.44973550 0.43137255 0.29411765 0.21568627
v 56.15639436 15.48426975 5.67140600 0.43137255 0.29411765 0.21568627
v 59.15639436 15.88426975 7.17140600 0.43137255 0.29411765 0.21568627
f 5298 5297 5301
f 5298 5301 5299
f 5299 5301 5302
f 5299 5302 5300
f 5301 5297 5303
f 5301 5303 5302
f 5302 5303 5304
f 5302 5304 5300
f 5303 5297 5305
f 5303 5305 5304
f 5304 5305 5306
f 5304 5306 5300
f 5305 5297 5307
f 5305 5307 5306
f 5306 5307 5308
f 5306 5308 5300
f 5307 5297 5309
f 5307 5309 5308
f 5308 5309 5310
f 5308 5310 5300
f 5309 5297 5311
f 5309 5311 5310
f 5310 5311 5312
f 5310 5312 5300
f 5311 5297 5313
f 5311 5313 5312
f 5312 5313 5314
f 5312 5314 5300
f 5313 5297 5298
f 5313 5298 5314
f 5314 5298 5299
f 5314 5299 5300

o axle_box_59_1_17
v 73.90000000 15.00000000 5.90000000 0.37254902 0.38823529 0.40392157
v 73.90000000 15.00000000 8.90000000 0.37254902 0.38823529 0.40392157
v 73.90000000 17.40000000 5.90000000 0.37254902 0.38823529 0.40392157
v 73.90000000 17.40000000 8.90000000 0.37254902 0.38823529 0.40392157
v 78.10000000 15.00000000 5.90000000 0.37254902 0.38823529 0.40392157
v 78.10000000 15.00000000 8.90000000 0.37254902 0.38823529 0.40392157
v 78.10000000 17.40000000 5.90000000 0.37254902 0.38823529 0.40392157
v 78.10000000 17.40000000 8.90000000 0.37254902 0.38823529 0.40392157
f 5316 5318 5315
f 5319 5316 5315
f 5315 5318 5317
f 5317 5319 5315
f 5316 5322 5318
f 5320 5316 5319
f 5320 5322 5316
f 5318 5322 5317
f 5321 5319 5317
f 5317 5322 5321
f 5321 5320 5319
f 5322 5320 5321

o suspension_spring_59_1_17
v 76.00000000 15.30000000 9.40000000 0.37254902 0.38823529 0.40392157
v 77.15000000 15.30000000 9.40000000 0.37254902 0.38823529 0.40392157
v 77.15000000 17.30000000 9.40000000 0.37254902 0.38823529 0.40392157
v 76.00000000 17.30000000 9.40000000 0.37254902 0.38823529 0.40392157
v 76.93036954 15.30000000 8.72404696 0.37254902 0.38823529 0.40392157
v 76.93036954 17.30000000 8.72404696 0.37254902 0.38823529 0.40392157
v 76.35536954 15.30000000 8.30628501 0.37254902 0.38823529 0.40392157
v 76.35536954 17.30000000 8.30628501 0.37254902 0.38823529 0.40392157
v 75.64463046 15.30000000 8.30628501 0.37254902 0.38823529 0.40392157
v 75.64463046 17.30000000 8.30628501 0.37254902 0.38823529 0.40392157
v 75.06963046 15.30000000 8.72404696 0.37254902 0.38823529 0.40392157
v 75.06963046 17.30000000 8.72404696 0.37254902 0.38823529 0.40392157
v 74.85000000 15.30000000 9.40000000 0.37254902 0.38823529 0.40392157
v 74.85000000 17.30000000 9.40000000 0.37254902 0.38823529 0.40392157
v 75.06963046 15.30000000 10.07595304 0.37254902 0.38823529 0.40392157
v 75.06963046 17.30000000 10.07595304 0.37254902 0.38823529 0.40392157
v 75.64463046 15.30000000 10.49371499 0.37254902 0.38823529 0.40392157
v 75.64463046 17.30000000 10.49371499 0.37254902 0.38823529 0.40392157
v 76.35536954 15.30000000 10.49371499 0.37254902 0.38823529 0.40392157
v 76.35536954 17.30000000 10.49371499 0.37254902 0.38823529 0.40392157
v 76.93036954 15.30000000 10.07595304 0.37254902 0.38823529 0.40392157
v 76.93036954 17.30000000 10.07595304 0.37254902 0.38823529 0.40392157
f 5324 5323 5327
f 5324 5327 5325
f 5325 5327 5328
f 5325 5328 5326
f 5327 5323 5329
f 5327 5329 5328
f 5328 5329 5330
f 5328 5330 5326
f 5329 5323 5331
f 5329 5331 5330
f 5330 5331 5332
f 5330 5332 5326
f 5331 5323 5333
f 5331 5333 5332
f 5332 5333 5334
f 5332 5334 5326
f 5333 5323 5335
f 5333 5335 5334
f 5334 5335 5336
f 5334 5336 5326
f 5335 5323 5337
f 5335 5337 5336
f 5336 5337 5338
f 5336 5338 5326
f 5337 5323 5339
f 5337 5339 5338
f 5338 5339 5340
f 5338 5340 5326
f 5339 5323 5341
f 5339 5341 5340
f 5340 5341 5342
f 5340 5342 5326
f 5341 5323 5343
f 5341 5343 5342
f 5342 5343 5344
f 5342 5344 5326
f 5343 5323 5324
f 5343 5324 5344
f 5344 5324 5325
f 5344 5325 5326

o brake_link_59_1_17
v 73.00000000 15.80000000 5.90000000 0.43137255 0.29411765 0.21568627
v 73.19058657 15.76941154 5.52698377 0.43137255 0.29411765 0.21568627
v 76.19058657 16.16941154 7.02698377 0.43137255 0.29411765 0.21568627
v 76.00000000 16.20000000 7.40000000 0.43137255 0.29411765 0.21568627
v 73.11313575 16.07247164 5.60106939 0.43137255 0.29411765 0.21568627
v 76.11313575 16.47247164 7.10106939 0.43137255 0.29411765 0.21568627
v 72.96941154 16.21592154 5.85026450 0.43137255 0.29411765 0.21568627
v 75.96941154 16.61592154 7.35026450 0.43137255 0.29411765 0.21568627
v 72.84360564 16.11573025 6.12859400 0.43137255 0.29411765 0.21568627
v 75.84360564 16.51573025 7.62859400 0.43137255 0.29411765 0.21568627
v 72.80941343 15.83058846 6.27301623 0.43137255 0.29411765 0.21568627
v 75.80941343 16.23058846 7.77301623 0.43137255 0.29411765 0.21568627
v 72.88686425 15.52752836 6.19893061 0.43137255 0.29411765 0.21568627
v 75.88686425 15.92752836 7.69893061 0.43137255 0.29411765 0.21568627
v 73.03058846 15.38407846 5.94973550 0.43137255 0.29411765 0.21568627
v 76.03058846 15.78407846 7.44973550 0.43137255 0.29411765 0.21568627
v 73.15639436 15.48426975 5.67140600 0.43137255 0.29411765 0.21568627
v 76.15639436 15.88426975 7.17140600 0.43137255 0.29411765 0.21568627
f 5346 5345 5349
f 5346 5349 5347
f 5347 5349 5350
f 5347 5350 5348
f 5349 5345 5351
f 5349 5351 5350
f 5350 5351 5352
f 5350 5352 5348
f 5351 5345 5353
f 5351 5353 5352
f 5352 5353 5354
f 5352 5354 5348
f 5353 5345 5355
f 5353 5355 5354
f 5354 5355 5356
f 5354 5356 5348
f 5355 5345 5357
f 5355 5357 5356
f 5356 5357 5358
f 5356 5358 5348
f 5357 5345 5359
f 5357 5359 5358
f 5358 5359 5360
f 5358 5360 5348
f 5359 5345 5361
f 5359 5361 5360
f 5360 5361 5362
f 5360 5362 5348
f 5361 5345 5346
f 5361 5346 5362
f 5362 5346 5347
f 5362 5347 5348

o bogie_tie_rod_59_1
v 39.00000000 15.80000000 6.50000000 0.37254902 0.38823529 0.40392157
v 39.00000000 15.80000000 6.15000000 0.37254902 0.38823529 0.40392157
v 79.00000000 15.80000000 6.15000000 0.37254902 0.38823529 0.40392157
v 79.00000000 15.80000000 6.50000000 0.37254902 0.38823529 0.40392157
v 39.00000000 16.04748737 6.25251263 0.37254902 0.38823529 0.40392157
v 79.00000000 16.04748737 6.25251263 0.37254902 0.38823529 0.40392157
v 39.00000000 16.15000000 6.50000000 0.37254902 0.38823529 0.40392157
v 79.00000000 16.15000000 6.50000000 0.37254902 0.38823529 0.40392157
v 39.00000000 16.04748737 6.74748737 0.37254902 0.38823529 0.40392157
v 79.00000000 16.04748737 6.74748737 0.37254902 0.38823529 0.40392157
v 39.00000000 15.80000000 6.85000000 0.37254902 0.38823529 0.40392157
v 79.00000000 15.80000000 6.85000000 0.37254902 0.38823529 0.40392157
v 39.00000000 15.55251263 6.74748737 0.37254902 0.38823529 0.40392157
v 79.00000000 15.55251263 6.74748737 0.37254902 0.38823529 0.40392157
v 39.00000000 15.45000000 6.50000000 0.37254902 0.38823529 0.40392157
v 79.00000000 15.45000000 6.50000000 0.37254902 0.38823529 0.40392157
v 39.00000000 15.55251263 6.25251263 0.37254902 0.38823529 0.40392157
v 79.00000000 15.55251263 6.25251263 0.37254902 0.38823529 0.40392157
f 5364 5363 5367
f 5364 5367 5365
f 5365 5367 5368
f 5365 5368 5366
f 5367 5363 5369
f 5367 5369 5368
f 5368 5369 5370
f 5368 5370 5366
f 5369 5363 5371
f 5369 5371 5370
f 5370 5371 5372
f 5370 5372 5366
f 5371 5363 5373
f 5371 5373 5372
f 5372 5373 5374
f 5372 5374 5366
f 5373 5363 5375
f 5373 5375 5374
f 5374 5375 5376
f 5374 5376 5366
f 5375 5363 5377
f 5375 5377 5376
f 5376 5377 5378
f 5376 5378 5366
f 5377 5363 5379
f 5377 5379 5378
f 5378 5379 5380
f 5378 5380 5366
f 5379 5363 5364
f 5379 5364 5380
f 5380 5364 5365
f 5380 5365 5366

o roof_insulator_collar_-43_-7
v -43.00000000 -7.00000000 48.00000000 0.72549020 0.64313725 0.43529412
v -41.75000000 -7.00000000 48.00000000 0.72549020 0.64313725 0.43529412
v -41.75000000 -7.00000000 49.20000000 0.72549020 0.64313725 0.43529412
v -43.00000000 -7.00000000 49.20000000 0.72549020 0.64313725 0.43529412
v -41.98872876 -6.26526843 48.00000000 0.72549020 0.64313725 0.43529412
v -41.98872876 -6.26526843 49.20000000 0.72549020 0.64313725 0.43529412
v -42.61372876 -5.81117935 48.00000000 0.72549020 0.64313725 0.43529412
v -42.61372876 -5.81117935 49.20000000 0.72549020 0.64313725 0.43529412
v -43.38627124 -5.81117935 48.00000000 0.72549020 0.64313725 0.43529412
v -43.38627124 -5.81117935 49.20000000 0.72549020 0.64313725 0.43529412
v -44.01127124 -6.26526843 48.00000000 0.72549020 0.64313725 0.43529412
v -44.01127124 -6.26526843 49.20000000 0.72549020 0.64313725 0.43529412
v -44.25000000 -7.00000000 48.00000000 0.72549020 0.64313725 0.43529412
v -44.25000000 -7.00000000 49.20000000 0.72549020 0.64313725 0.43529412
v -44.01127124 -7.73473157 48.00000000 0.72549020 0.64313725 0.43529412
v -44.01127124 -7.73473157 49.20000000 0.72549020 0.64313725 0.43529412
v -43.38627124 -8.18882065 48.00000000 0.72549020 0.64313725 0.43529412
v -43.38627124 -8.18882065 49.20000000 0.72549020 0.64313725 0.43529412
v -42.61372876 -8.18882065 48.00000000 0.72549020 0.64313725 0.43529412
v -42.61372876 -8.18882065 49.20000000 0.72549020 0.64313725 0.43529412
v -41.98872876 -7.73473157 48.00000000 0.72549020 0.64313725 0.43529412
v -41.98872876 -7.73473157 49.20000000 0.72549020 0.64313725 0.43529412
f 5382 5381 5385
f 5382 5385 5383
f 5383 5385 5386
f 5383 5386 5384
f 5385 5381 5387
f 5385 5387 5386
f 5386 5387 5388
f 5386 5388 5384
f 5387 5381 5389
f 5387 5389 5388
f 5388 5389 5390
f 5388 5390 5384
f 5389 5381 5391
f 5389 5391 5390
f 5390 5391 5392
f 5390 5392 5384
f 5391 5381 5393
f 5391 5393 5392
f 5392 5393 5394
f 5392 5394 5384
f 5393 5381 5395
f 5393 5395 5394
f 5394 5395 5396
f 5394 5396 5384
f 5395 5381 5397
f 5395 5397 5396
f 5396 5397 5398
f 5396 5398 5384
f 5397 5381 5399
f 5397 5399 5398
f 5398 5399 5400
f 5398 5400 5384
f 5399 5381 5401
f 5399 5401 5400
f 5400 5401 5402
f 5400 5402 5384
f 5401 5381 5382
f 5401 5382 5402
f 5402 5382 5383
f 5402 5383 5384

o roof_bus_link_-43_-7
v -46.00000000 -7.00000000 49.10000000 0.82352941 0.70588235 0.35294118
v -46.00000000 -7.00000000 48.82000000 0.82352941 0.70588235 0.35294118
v -40.00000000 -7.00000000 48.82000000 0.82352941 0.70588235 0.35294118
v -40.00000000 -7.00000000 49.10000000 0.82352941 0.70588235 0.35294118
v -46.00000000 -6.80201010 48.90201010 0.82352941 0.70588235 0.35294118
v -40.00000000 -6.80201010 48.90201010 0.82352941 0.70588235 0.35294118
v -46.00000000 -6.72000000 49.10000000 0.82352941 0.70588235 0.35294118
v -40.00000000 -6.72000000 49.10000000 0.82352941 0.70588235 0.35294118
v -46.00000000 -6.80201010 49.29798990 0.82352941 0.70588235 0.35294118
v -40.00000000 -6.80201010 49.29798990 0.82352941 0.70588235 0.35294118
v -46.00000000 -7.00000000 49.38000000 0.82352941 0.70588235 0.35294118
v -40.00000000 -7.00000000 49.38000000 0.82352941 0.70588235 0.35294118
v -46.00000000 -7.19798990 49.29798990 0.82352941 0.70588235 0.35294118
v -40.00000000 -7.19798990 49.29798990 0.82352941 0.70588235 0.35294118
v -46.00000000 -7.28000000 49.10000000 0.82352941 0.70588235 0.35294118
v -40.00000000 -7.28000000 49.10000000 0.82352941 0.70588235 0.35294118
v -46.00000000 -7.19798990 48.90201010 0.82352941 0.70588235 0.35294118
v -40.00000000 -7.19798990 48.90201010 0.82352941 0.70588235 0.35294118
f 5404 5403 5407
f 5404 5407 5405
f 5405 5407 5408
f 5405 5408 5406
f 5407 5403 5409
f 5407 5409 5408
f 5408 5409 5410
f 5408 5410 5406
f 5409 5403 5411
f 5409 5411 5410
f 5410 5411 5412
f 5410 5412 5406
f 5411 5403 5413
f 5411 5413 5412
f 5412 5413 5414
f 5412 5414 5406
f 5413 5403 5415
f 5413 5415 5414
f 5414 5415 5416
f 5414 5416 5406
f 5415 5403 5417
f 5415 5417 5416
f 5416 5417 5418
f 5416 5418 5406
f 5417 5403 5419
f 5417 5419 5418
f 5418 5419 5420
f 5418 5420 5406
f 5419 5403 5404
f 5419 5404 5420
f 5420 5404 5405
f 5420 5405 5406

o roof_insulator_collar_-43_7
v -43.00000000 7.00000000 48.00000000 0.72549020 0.64313725 0.43529412
v -41.75000000 7.00000000 48.00000000 0.72549020 0.64313725 0.43529412
v -41.75000000 7.00000000 49.20000000 0.72549020 0.64313725 0.43529412
v -43.00000000 7.00000000 49.20000000 0.72549020 0.64313725 0.43529412
v -41.98872876 7.73473157 48.00000000 0.72549020 0.64313725 0.43529412
v -41.98872876 7.73473157 49.20000000 0.72549020 0.64313725 0.43529412
v -42.61372876 8.18882065 48.00000000 0.72549020 0.64313725 0.43529412
v -42.61372876 8.18882065 49.20000000 0.72549020 0.64313725 0.43529412
v -43.38627124 8.18882065 48.00000000 0.72549020 0.64313725 0.43529412
v -43.38627124 8.18882065 49.20000000 0.72549020 0.64313725 0.43529412
v -44.01127124 7.73473157 48.00000000 0.72549020 0.64313725 0.43529412
v -44.01127124 7.73473157 49.20000000 0.72549020 0.64313725 0.43529412
v -44.25000000 7.00000000 48.00000000 0.72549020 0.64313725 0.43529412
v -44.25000000 7.00000000 49.20000000 0.72549020 0.64313725 0.43529412
v -44.01127124 6.26526843 48.00000000 0.72549020 0.64313725 0.43529412
v -44.01127124 6.26526843 49.20000000 0.72549020 0.64313725 0.43529412
v -43.38627124 5.81117935 48.00000000 0.72549020 0.64313725 0.43529412
v -43.38627124 5.81117935 49.20000000 0.72549020 0.64313725 0.43529412
v -42.61372876 5.81117935 48.00000000 0.72549020 0.64313725 0.43529412
v -42.61372876 5.81117935 49.20000000 0.72549020 0.64313725 0.43529412
v -41.98872876 6.26526843 48.00000000 0.72549020 0.64313725 0.43529412
v -41.98872876 6.26526843 49.20000000 0.72549020 0.64313725 0.43529412
f 5422 5421 5425
f 5422 5425 5423
f 5423 5425 5426
f 5423 5426 5424
f 5425 5421 5427
f 5425 5427 5426
f 5426 5427 5428
f 5426 5428 5424
f 5427 5421 5429
f 5427 5429 5428
f 5428 5429 5430
f 5428 5430 5424
f 5429 5421 5431
f 5429 5431 5430
f 5430 5431 5432
f 5430 5432 5424
f 5431 5421 5433
f 5431 5433 5432
f 5432 5433 5434
f 5432 5434 5424
f 5433 5421 5435
f 5433 5435 5434
f 5434 5435 5436
f 5434 5436 5424
f 5435 5421 5437
f 5435 5437 5436
f 5436 5437 5438
f 5436 5438 5424
f 5437 5421 5439
f 5437 5439 5438
f 5438 5439 5440
f 5438 5440 5424
f 5439 5421 5441
f 5439 5441 5440
f 5440 5441 5442
f 5440 5442 5424
f 5441 5421 5422
f 5441 5422 5442
f 5442 5422 5423
f 5442 5423 5424

o roof_bus_link_-43_7
v -46.00000000 7.00000000 49.10000000 0.82352941 0.70588235 0.35294118
v -46.00000000 7.00000000 48.82000000 0.82352941 0.70588235 0.35294118
v -40.00000000 7.00000000 48.82000000 0.82352941 0.70588235 0.35294118
v -40.00000000 7.00000000 49.10000000 0.82352941 0.70588235 0.35294118
v -46.00000000 7.19798990 48.90201010 0.82352941 0.70588235 0.35294118
v -40.00000000 7.19798990 48.90201010 0.82352941 0.70588235 0.35294118
v -46.00000000 7.28000000 49.10000000 0.82352941 0.70588235 0.35294118
v -40.00000000 7.28000000 49.10000000 0.82352941 0.70588235 0.35294118
v -46.00000000 7.19798990 49.29798990 0.82352941 0.70588235 0.35294118
v -40.00000000 7.19798990 49.29798990 0.82352941 0.70588235 0.35294118
v -46.00000000 7.00000000 49.38000000 0.82352941 0.70588235 0.35294118
v -40.00000000 7.00000000 49.38000000 0.82352941 0.70588235 0.35294118
v -46.00000000 6.80201010 49.29798990 0.82352941 0.70588235 0.35294118
v -40.00000000 6.80201010 49.29798990 0.82352941 0.70588235 0.35294118
v -46.00000000 6.72000000 49.10000000 0.82352941 0.70588235 0.35294118
v -40.00000000 6.72000000 49.10000000 0.82352941 0.70588235 0.35294118
v -46.00000000 6.80201010 48.90201010 0.82352941 0.70588235 0.35294118
v -40.00000000 6.80201010 48.90201010 0.82352941 0.70588235 0.35294118
f 5444 5443 5447
f 5444 5447 5445
f 5445 5447 5448
f 5445 5448 5446
f 5447 5443 5449
f 5447 5449 5448
f 5448 5449 5450
f 5448 5450 5446
f 5449 5443 5451
f 5449 5451 5450
f 5450 5451 5452
f 5450 5452 5446
f 5451 5443 5453
f 5451 5453 5452
f 5452 5453 5454
f 5452 5454 5446
f 5453 5443 5455
f 5453 5455 5454
f 5454 5455 5456
f 5454 5456 5446
f 5455 5443 5457
f 5455 5457 5456
f 5456 5457 5458
f 5456 5458 5446
f 5457 5443 5459
f 5457 5459 5458
f 5458 5459 5460
f 5458 5460 5446
f 5459 5443 5444
f 5459 5444 5460
f 5460 5444 5445
f 5460 5445 5446

o roof_insulator_collar_43_-7
v 43.00000000 -7.00000000 48.00000000 0.72549020 0.64313725 0.43529412
v 44.25000000 -7.00000000 48.00000000 0.72549020 0.64313725 0.43529412
v 44.25000000 -7.00000000 49.20000000 0.72549020 0.64313725 0.43529412
v 43.00000000 -7.00000000 49.20000000 0.72549020 0.64313725 0.43529412
v 44.01127124 -6.26526843 48.00000000 0.72549020 0.64313725 0.43529412
v 44.01127124 -6.26526843 49.20000000 0.72549020 0.64313725 0.43529412
v 43.38627124 -5.81117935 48.00000000 0.72549020 0.64313725 0.43529412
v 43.38627124 -5.81117935 49.20000000 0.72549020 0.64313725 0.43529412
v 42.61372876 -5.81117935 48.00000000 0.72549020 0.64313725 0.43529412
v 42.61372876 -5.81117935 49.20000000 0.72549020 0.64313725 0.43529412
v 41.98872876 -6.26526843 48.00000000 0.72549020 0.64313725 0.43529412
v 41.98872876 -6.26526843 49.20000000 0.72549020 0.64313725 0.43529412
v 41.75000000 -7.00000000 48.00000000 0.72549020 0.64313725 0.43529412
v 41.75000000 -7.00000000 49.20000000 0.72549020 0.64313725 0.43529412
v 41.98872876 -7.73473157 48.00000000 0.72549020 0.64313725 0.43529412
v 41.98872876 -7.73473157 49.20000000 0.72549020 0.64313725 0.43529412
v 42.61372876 -8.18882065 48.00000000 0.72549020 0.64313725 0.43529412
v 42.61372876 -8.18882065 49.20000000 0.72549020 0.64313725 0.43529412
v 43.38627124 -8.18882065 48.00000000 0.72549020 0.64313725 0.43529412
v 43.38627124 -8.18882065 49.20000000 0.72549020 0.64313725 0.43529412
v 44.01127124 -7.73473157 48.00000000 0.72549020 0.64313725 0.43529412
v 44.01127124 -7.73473157 49.20000000 0.72549020 0.64313725 0.43529412
f 5462 5461 5465
f 5462 5465 5463
f 5463 5465 5466
f 5463 5466 5464
f 5465 5461 5467
f 5465 5467 5466
f 5466 5467 5468
f 5466 5468 5464
f 5467 5461 5469
f 5467 5469 5468
f 5468 5469 5470
f 5468 5470 5464
f 5469 5461 5471
f 5469 5471 5470
f 5470 5471 5472
f 5470 5472 5464
f 5471 5461 5473
f 5471 5473 5472
f 5472 5473 5474
f 5472 5474 5464
f 5473 5461 5475
f 5473 5475 5474
f 5474 5475 5476
f 5474 5476 5464
f 5475 5461 5477
f 5475 5477 5476
f 5476 5477 5478
f 5476 5478 5464
f 5477 5461 5479
f 5477 5479 5478
f 5478 5479 5480
f 5478 5480 5464
f 5479 5461 5481
f 5479 5481 5480
f 5480 5481 5482
f 5480 5482 5464
f 5481 5461 5462
f 5481 5462 5482
f 5482 5462 5463
f 5482 5463 5464

o roof_bus_link_43_-7
v 40.00000000 -7.00000000 49.10000000 0.82352941 0.70588235 0.35294118
v 40.00000000 -7.00000000 48.82000000 0.82352941 0.70588235 0.35294118
v 46.00000000 -7.00000000 48.82000000 0.82352941 0.70588235 0.35294118
v 46.00000000 -7.00000000 49.10000000 0.82352941 0.70588235 0.35294118
v 40.00000000 -6.80201010 48.90201010 0.82352941 0.70588235 0.35294118
v 46.00000000 -6.80201010 48.90201010 0.82352941 0.70588235 0.35294118
v 40.00000000 -6.72000000 49.10000000 0.82352941 0.70588235 0.35294118
v 46.00000000 -6.72000000 49.10000000 0.82352941 0.70588235 0.35294118
v 40.00000000 -6.80201010 49.29798990 0.82352941 0.70588235 0.35294118
v 46.00000000 -6.80201010 49.29798990 0.82352941 0.70588235 0.35294118
v 40.00000000 -7.00000000 49.38000000 0.82352941 0.70588235 0.35294118
v 46.00000000 -7.00000000 49.38000000 0.82352941 0.70588235 0.35294118
v 40.00000000 -7.19798990 49.29798990 0.82352941 0.70588235 0.35294118
v 46.00000000 -7.19798990 49.29798990 0.82352941 0.70588235 0.35294118
v 40.00000000 -7.28000000 49.10000000 0.82352941 0.70588235 0.35294118
v 46.00000000 -7.28000000 49.10000000 0.82352941 0.70588235 0.35294118
v 40.00000000 -7.19798990 48.90201010 0.82352941 0.70588235 0.35294118
v 46.00000000 -7.19798990 48.90201010 0.82352941 0.70588235 0.35294118
f 5484 5483 5487
f 5484 5487 5485
f 5485 5487 5488
f 5485 5488 5486
f 5487 5483 5489
f 5487 5489 5488
f 5488 5489 5490
f 5488 5490 5486
f 5489 5483 5491
f 5489 5491 5490
f 5490 5491 5492
f 5490 5492 5486
f 5491 5483 5493
f 5491 5493 5492
f 5492 5493 5494
f 5492 5494 5486
f 5493 5483 5495
f 5493 5495 5494
f 5494 5495 5496
f 5494 5496 5486
f 5495 5483 5497
f 5495 5497 5496
f 5496 5497 5498
f 5496 5498 5486
f 5497 5483 5499
f 5497 5499 5498
f 5498 5499 5500
f 5498 5500 5486
f 5499 5483 5484
f 5499 5484 5500
f 5500 5484 5485
f 5500 5485 5486

o roof_insulator_collar_43_7
v 43.00000000 7.00000000 48.00000000 0.72549020 0.64313725 0.43529412
v 44.25000000 7.00000000 48.00000000 0.72549020 0.64313725 0.43529412
v 44.25000000 7.00000000 49.20000000 0.72549020 0.64313725 0.43529412
v 43.00000000 7.00000000 49.20000000 0.72549020 0.64313725 0.43529412
v 44.01127124 7.73473157 48.00000000 0.72549020 0.64313725 0.43529412
v 44.01127124 7.73473157 49.20000000 0.72549020 0.64313725 0.43529412
v 43.38627124 8.18882065 48.00000000 0.72549020 0.64313725 0.43529412
v 43.38627124 8.18882065 49.20000000 0.72549020 0.64313725 0.43529412
v 42.61372876 8.18882065 48.00000000 0.72549020 0.64313725 0.43529412
v 42.61372876 8.18882065 49.20000000 0.72549020 0.64313725 0.43529412
v 41.98872876 7.73473157 48.00000000 0.72549020 0.64313725 0.43529412
v 41.98872876 7.73473157 49.20000000 0.72549020 0.64313725 0.43529412
v 41.75000000 7.00000000 48.00000000 0.72549020 0.64313725 0.43529412
v 41.75000000 7.00000000 49.20000000 0.72549020 0.64313725 0.43529412
v 41.98872876 6.26526843 48.00000000 0.72549020 0.64313725 0.43529412
v 41.98872876 6.26526843 49.20000000 0.72549020 0.64313725 0.43529412
v 42.61372876 5.81117935 48.00000000 0.72549020 0.64313725 0.43529412
v 42.61372876 5.81117935 49.20000000 0.72549020 0.64313725 0.43529412
v 43.38627124 5.81117935 48.00000000 0.72549020 0.64313725 0.43529412
v 43.38627124 5.81117935 49.20000000 0.72549020 0.64313725 0.43529412
v 44.01127124 6.26526843 48.00000000 0.72549020 0.64313725 0.43529412
v 44.01127124 6.26526843 49.20000000 0.72549020 0.64313725 0.43529412
f 5502 5501 5505
f 5502 5505 5503
f 5503 5505 5506
f 5503 5506 5504
f 5505 5501 5507
f 5505 5507 5506
f 5506 5507 5508
f 5506 5508 5504
f 5507 5501 5509
f 5507 5509 5508
f 5508 5509 5510
f 5508 5510 5504
f 5509 5501 5511
f 5509 5511 5510
f 5510 5511 5512
f 5510 5512 5504
f 5511 5501 5513
f 5511 5513 5512
f 5512 5513 5514
f 5512 5514 5504
f 5513 5501 5515
f 5513 5515 5514
f 5514 5515 5516
f 5514 5516 5504
f 5515 5501 5517
f 5515 5517 5516
f 5516 5517 5518
f 5516 5518 5504
f 5517 5501 5519
f 5517 5519 5518
f 5518 5519 5520
f 5518 5520 5504
f 5519 5501 5521
f 5519 5521 5520
f 5520 5521 5522
f 5520 5522 5504
f 5521 5501 5502
f 5521 5502 5522
f 5522 5502 5503
f 5522 5503 5504

o roof_bus_link_43_7
v 40.00000000 7.00000000 49.10000000 0.82352941 0.70588235 0.35294118
v 40.00000000 7.00000000 48.82000000 0.82352941 0.70588235 0.35294118
v 46.00000000 7.00000000 48.82000000 0.82352941 0.70588235 0.35294118
v 46.00000000 7.00000000 49.10000000 0.82352941 0.70588235 0.35294118
v 40.00000000 7.19798990 48.90201010 0.82352941 0.70588235 0.35294118
v 46.00000000 7.19798990 48.90201010 0.82352941 0.70588235 0.35294118
v 40.00000000 7.28000000 49.10000000 0.82352941 0.70588235 0.35294118
v 46.00000000 7.28000000 49.10000000 0.82352941 0.70588235 0.35294118
v 40.00000000 7.19798990 49.29798990 0.82352941 0.70588235 0.35294118
v 46.00000000 7.19798990 49.29798990 0.82352941 0.70588235 0.35294118
v 40.00000000 7.00000000 49.38000000 0.82352941 0.70588235 0.35294118
v 46.00000000 7.00000000 49.38000000 0.82352941 0.70588235 0.35294118
v 40.00000000 6.80201010 49.29798990 0.82352941 0.70588235 0.35294118
v 46.00000000 6.80201010 49.29798990 0.82352941 0.70588235 0.35294118
v 40.00000000 6.72000000 49.10000000 0.82352941 0.70588235 0.35294118
v 46.00000000 6.72000000 49.10000000 0.82352941 0.70588235 0.35294118
v 40.00000000 6.80201010 48.90201010 0.82352941 0.70588235 0.35294118
v 46.00000000 6.80201010 48.90201010 0.82352941 0.70588235 0.35294118
f 5524 5523 5527
f 5524 5527 5525
f 5525 5527 5528
f 5525 5528 5526
f 5527 5523 5529
f 5527 5529 5528
f 5528 5529 5530
f 5528 5530 5526
f 5529 5523 5531
f 5529 5531 5530
f 5530 5531 5532
f 5530 5532 5526
f 5531 5523 5533
f 5531 5533 5532
f 5532 5533 5534
f 5532 5534 5526
f 5533 5523 5535
f 5533 5535 5534
f 5534 5535 5536
f 5534 5536 5526
f 5535 5523 5537
f 5535 5537 5536
f 5536 5537 5538
f 5536 5538 5526
f 5537 5523 5539
f 5537 5539 5538
f 5538 5539 5540
f 5538 5540 5526
f 5539 5523 5524
f 5539 5524 5540
f 5540 5524 5525
f 5540 5525 5526

